id,banco,tarjeta,restaurante,descuento_valor,descuento_tipo,descuento_texto,dias_validos,horario_inicio,horario_fin,valido_desde,valido_hasta,ubicacion,ciudad,comuna,locales,compra_minima,tope_descuento,restricciones_texto,online,presencial,fecha_scrape,url_fuente,imagen_url,logo_url,direccion,activo,tags,descripcion,seccion
banchile_f7ebb943-0f77-4d7b-8982-6ea741061cdd,Banco de Chile,"visa-credito-infinite, visa-credito-signature, visa-credito-platinum",SKY BAR,20,porcentaje,20% dcto.,"lunes, martes",,,31-Mar-2027,31-Mar-2027,Los Ríos,,,Región de los Ríos,0,0,Promoción válida hasta el 31 de marzo de 2027. Exclusivo para clientes que paguen con Tarjetas emitidas por Banco de Chile y Banco Edwards y que soliciten el descuento al momento de pagar en...,False,False,2026-08-20T13:37:15.956514,https://sitiospublicos.bancochile.cl/personas/beneficios/detalle/sky-bar,https://assets.bancochile.cl/uploads/000/104/622/b150325c-7d1e-4106-bb2c-72191ad94245/original/banner-web-Sky-Bar.jpg,https://assets.bancochile.cl/uploads/000/027/758/4d056b27-0088-4e28-83a1-eb1b75554b5f/original/logo-web-SKY-BAR.jpg,Carampangue #190,True,"lunes, martes, los ríos, valdivia",,restaurante
banchile_0c80c417-4c13-4ff1-a2b6-9f2eeac47b24,Banco de Chile,"visa-credito-infinite, visa-credito-signature, visa-credito-platinum",Los Cangrejos Playa Amarilla,20,porcentaje,20% dcto.,"martes, jueves",,,30-Sep-2026,30-Sep-2026,Valparaíso,,,Región de Valparaíso,0,0,Promoción válida hasta el 30 de septiembre de 2026. Exclusivo para clientes que paguen con Tarjetas emitidas por Banco de Chile (incluye Banco Edwards) y que soliciten el descuento al momento de...,False,False,2026-08-20T13:37:15.956560,https://sitiospublicos.bancochile.cl/personas/beneficios/detalle/los-cangrejos-playa-amarilla,https://assets.bancochile.cl/uploads/000/076/669/321671dc-9875-4fbb-9bf9-7b05a36a98ca/original/banner-web-Los-Cangrejos-Playa-Amarilla.jpg,https://assets.bancochile.cl/uploads/000/076/223/77326fc8-69b9-437c-8d9d-370768546c22/original/logo-web-Los-Cangrejos.jpg,Avenida Borgoño #29941,True,"valparaíso, concón, martes, jueves, segmentado",,restaurante
banchile_eedc7e84-409c-4498-b348-57741565ad81,Banco de Chile,"visa-credito-infinite, visa-credito-signature, visa-credito-platinum",Sajj Shawarmas,30,porcentaje,30% dcto.,martes,,,31-Dic-2026,31-Dic-2026,Metropolitana,,,Región Metropolitana,0,0,"Promoción válida hasta el 31 de diciembre de 2026. Exclusivo para clientes que paguen con Tarjetas emitidas por Banco de Chile, Banco Edwards y que soliciten el descuento al momento de pagar en...",False,False,2026-08-20T13:37:15.956588,https://sitiospublicos.bancochile.cl/personas/beneficios/detalle/sajj-shawarmas,https://assets.bancochile.cl/uploads/000/039/277/67c4b6e6-df34-4863-a2cf-d91961154f67/original/banner-web-Sajj-Shawarmas.jpg,https://assets.bancochile.cl/uploads/000/039/276/d84fab8a-1d28-4500-91f1-8d29d61ee025/original/logo-web-Sajj-Shawarmas.jpg,IRARRAZAVAL #3313,True,"metropolitana de santiago, ñuñoa, martes",,restaurante
banchile_25498a1c-9d74-40a8-bdfb-08b05afa3b72,Banco de Chile,"visa-credito-infinite, visa-credito-signature, visa-credito-platinum",Club Gordos – Orrego Luco,20,porcentaje,20% dcto.,martes,,,31-Ago-2026,31-Ago-2026,Metropolitana,,,Región Metropolitana,0,0,Promoción válida hasta el 31 de agosto de 2026. Exclusivo para clientes que paguen con Tarjetas emitidas por Banco de Chile (incluye Banco Edwards) y que soliciten el descuento al momento de pagar...,False,False,2026-08-20T13:37:15.956619,https://sitiospublicos.bancochile.cl/personas/beneficios/detalle/club-gordos,https://assets.bancochile.cl/uploads/000/075/514/d901d505-8ff2-47d6-ab52-3c4167195d41/original/banner-web-Club-de-Gordos.jpg,https://assets.bancochile.cl/uploads/000/075/513/b073e663-9362-448e-a1f5-fe8f025d3f56/original/logo-web-Club-de-Gordos.jpg,Orrego Luco #40,True,"metropolitana de santiago, providencia, martes, segmentado",,restaurante
banchile_ac728630-16a1-439a-9b89-c7ef8971f58e,Banco de Chile,"visa-credito-infinite, visa-credito-signature, visa-credito-platinum",Carpe Diem,20,porcentaje,20% dcto.,sabado,,,31-Ago-2026,31-Ago-2026,Los Lagos,,,Región de los Lagos,0,0,Promoción válida hasta el 31 de agosto de 2026. Exclusivo para clientes que paguen con Tarjetas emitidas por Banco de Chile y Banco Edwards y que soliciten el descuento al momento de pagar en...,False,False,2026-08-20T13:37:15.956643,https://sitiospublicos.bancochile.cl/personas/beneficios/detalle/carpe-diem-dto,https://assets.bancochile.cl/uploads/000/083/013/fae4a02c-5616-4c71-8eb9-8d20539c2037/original/banner-web-Carpe-Diem.jpg,https://assets.bancochile.cl/uploads/000/083/014/a1b55dd3-2d09-4f67-86c9-322e6b13119c/original/logo-web-Carpe-Diem.jpg,Cochrane #1136,True,"sabado, los lagos, osorno, segmentado",,restaurante
banchile_6ab65cbd-6a1b-4e08-974e-1f7f0da34ac4,Banco de Chile,"visa-credito-infinite, visa-credito-signature, visa-credito-platinum",El Gran Machu Picchu,20,porcentaje,20% dcto.,"viernes, jueves",,,01-Sep-2026,01-Sep-2026,Biobío,,,Región del Biobío,0,0,Promoción válida hasta el 1 de septiembre de 2026. Exclusivo para clientes que paguen con Tarjetas emitidas por Banco de Chile y Banco Edwards y que soliciten el descuento al momento de pagar en...,False,False,2026-08-20T13:37:15.956858,https://sitiospublicos.bancochile.cl/personas/beneficios/detalle/el-gran-machu-picchu,https://assets.bancochile.cl/uploads/000/084/067/9cc98a13-12a0-4f1f-af5e-660382d5b71b/original/banner-web-El-Gran-Machu-Picchu.jpg,https://assets.bancochile.cl/uploads/000/084/068/78430471-ef37-484c-921d-1299ebf851f8/original/logo-web-El-Gran-Machu-Picchu.jpg,Doctor Wilhelm #1010,True,"viernes, jueves, concepción, biobío",,restaurante
banchile_697217cd-2034-4d54-9cc0-9c62c0700e7d,Banco de Chile,"visa-credito-infinite, visa-credito-signature, visa-credito-platinum",El Ají Seco del Sur,20,porcentaje,20% dcto.,"lunes, martes, jueves, miercoles",,,31-Ago-2026,31-Ago-2026,Biobío,,,Región del Biobío,0,0,Promoción válida hasta el 31 de agosto de 2026. Exclusivo para clientes que paguen con Tarjetas emitidas por Banco de Chile y Banco Edwards y que soliciten el descuento al momento de pagar en...,False,False,2026-08-20T13:37:15.956906,https://sitiospublicos.bancochile.cl/personas/beneficios/detalle/aji-seco-del-sur,https://assets.bancochile.cl/uploads/000/085/270/1ff23041-5053-4f27-89a4-462202449ee5/original/banner-web-Aji_-Seco-del-Sur.jpg,https://assets.bancochile.cl/uploads/000/085/271/4c3ff437-02c2-4d68-9bce-b6bd4d5559bc/original/logo-web-Aji_-Seco-del-Sur.jpg,Padre Las Casas #511,True,"lunes, martes, jueves, miercoles, biobío, hualpen",,restaurante
banchile_5f64e84a-a7ba-46c1-b54a-440e25c1de5d,Banco de Chile,"visa-credito-infinite, visa-credito-signature, visa-credito-platinum",León Andino,20,porcentaje,20% dcto.,"domingo, sabado, lunes, martes, jueves, miercoles",,,31-Ago-2026,31-Ago-2026,Los Lagos,,,Metri,0,0,Promoción válida hasta el 31 de agosto de 2026. Exclusivo para clientes que paguen con Tarjetas emitidas por Banco de Chile y Banco Edwards y que soliciten el descuento al momento de pagar en...,False,False,2026-08-20T13:37:15.956952,https://sitiospublicos.bancochile.cl/personas/beneficios/detalle/leon-andino,https://assets.bancochile.cl/uploads/000/085/288/d93b230e-43ae-409f-94cf-32b32af2f6cb/original/banner-web-Leo_n-Andino.jpg,https://assets.bancochile.cl/uploads/000/085/287/c0404316-80e7-4cf3-a0e3-1761f16d8e5b/original/logo-web-Leo_n-Andino.jpg,Carr. Austral,True,"puerto montt, domingo, sabado, lunes, martes, jueves, miercoles, los lagos",,restaurante
banchile_10cfc487-d073-40a6-a765-da01c3d02dee,Banco de Chile,"visa-credito-infinite, visa-credito-signature, visa-credito-platinum",El Valenciano Mallplaza Vespucio,20,porcentaje,20% dcto.,"lunes, martes, jueves, miercoles",,,30-Sep-2026,30-Sep-2026,Metropolitana,,,Froilan Roa #7205,0,0,Promoción válida hasta el 30 de septiembre de 2026. Exclusivo para clientes que paguen con Tarjetas emitidas por Banco de Chile y Banco Edwards y que soliciten el descuento al momento de pagar en...,False,False,2026-08-20T13:37:15.956975,https://sitiospublicos.bancochile.cl/personas/beneficios/detalle/el-valenciano,https://assets.bancochile.cl/uploads/000/085/729/cc8f1973-0dc4-4376-ab66-595017d8c12c/original/banner-web-Valenciano.jpg,https://assets.bancochile.cl/uploads/000/085/728/2a2cd974-94a9-4533-8c65-dedc254fb468/original/logo-web-Valenciano.jpg,Mall Plaza Vespucio,True,"lunes, martes, jueves, miercoles, segmentado",,restaurante
banchile_12d0d85a-db6f-446b-9f96-efb59c7afd0c,Banco de Chile,"visa-credito-infinite, visa-credito-signature, visa-credito-platinum",Mala Mía,20,porcentaje,20% dcto.,"viernes, martes, jueves",,,30-Sep-2026,30-Sep-2026,Metropolitana,,,Región Metropolitana,0,0,Promoción válida hasta el 30 de septiembre de 2026. Exclusivo para clientes que paguen con Tarjetas emitidas por Banco de Chile y Banco Edwards y que soliciten el descuento al momento de pagar en...,False,False,2026-08-20T13:37:15.957047,https://sitiospublicos.bancochile.cl/personas/beneficios/detalle/mala-mia,https://assets.bancochile.cl/uploads/000/085/825/8a4c1312-e40e-44a6-b437-03e75c656708/original/banner-web-Mala-Mi_a.jpg,https://assets.bancochile.cl/uploads/000/085/824/860be585-de6e-471d-b7cf-bebaa109ef7a/original/logo-web-Mala-Mi_a.jpg,Av. Italia #825,True,"metropolitana de santiago, providencia, viernes, martes, jueves",,restaurante
banchile_40b90a2b-77cd-4e4e-a6f2-7adfa23511b2,Banco de Chile,"visa-credito-infinite, visa-credito-signature, visa-credito-platinum",MIO NOODLE BAR,20,porcentaje,20% dcto.,"martes, jueves",,,31-Oct-2026,31-Oct-2026,Biobío,,,Región del Biobío,0,0,Promoción válida hasta el 31 de octubre de 2026. Exclusivo para clientes que paguen con Tarjetas emitidas por Banco de Chile y Banco Edwards y que soliciten el descuento al momento de pagar en...,False,False,2026-08-20T13:37:15.957192,https://sitiospublicos.bancochile.cl/personas/beneficios/detalle/mio-noodle-bar,https://assets.bancochile.cl/uploads/000/087/493/360ef370-0fda-49a4-8f99-aa1db28e31d6/original/banner-web-MIO-NOODLE-BAR.jpg,https://assets.bancochile.cl/uploads/000/087/492/0fbfd79a-9f0b-498e-9cfc-d458351cc720/original/logo-web-MIO-NOODLE-BAR.jpg,Cochrane #791,True,"martes, jueves, concepción, biobío",,restaurante
banchile_e10a848c-261b-42e0-ba93-4a40c7351dda,Banco de Chile,"visa-credito-infinite, visa-credito-signature, visa-credito-platinum",Mio Dim Sum,20,porcentaje,20% dcto.,"martes, jueves",,,31-Oct-2026,31-Oct-2026,Biobío,,,Región del Biobío,0,0,Promoción válida hasta el 31 de octubre de 2026. Exclusivo para clientes que paguen con Tarjetas emitidas por Banco de Chile y Banco Edwards y que soliciten el descuento al momento de pagar en...,False,False,2026-08-20T13:37:15.957209,https://sitiospublicos.bancochile.cl/personas/beneficios/detalle/mio-dim-sum,https://assets.bancochile.cl/uploads/000/087/529/ed0ff707-0343-4040-b523-0ef46e3316b4/original/banner-web-Mio-Dim-Sum.jpg,https://assets.bancochile.cl/uploads/000/087/492/0fbfd79a-9f0b-498e-9cfc-d458351cc720/original/logo-web-MIO-NOODLE-BAR.jpg,Pedro Lira #195 PISO 2,True,"martes, jueves, concepción, biobío",,restaurante
banchile_83f19752-4cef-45ba-8a0c-402e16c0e975,Banco de Chile,"visa-credito-infinite, visa-credito-signature, visa-credito-platinum",La Pizzería de Los Cracks,30,porcentaje,Hasta 30% dcto.,"martes, jueves, miercoles",,,30-Sep-2026,30-Sep-2026,Metropolitana,,,Región Metropolitana,0,0,Promoción válida hasta el 30 de septiembre de 2026. Exclusivo para clientes que paguen con Tarjetas emitidas por Banco de Chile y Banco Edwards y que soliciten el descuento al momento de pagar en...,False,False,2026-08-20T13:37:15.957227,https://sitiospublicos.bancochile.cl/personas/beneficios/detalle/la-pizzeria-de-los-cracks,https://assets.bancochile.cl/uploads/000/088/219/79125b4b-1763-49ab-8df3-9fd5cb3a1f06/original/banner-web-La-Pizzeri_a-de-Los-Cracks.jpg,https://assets.bancochile.cl/uploads/000/088/220/2187108f-b1f2-482a-8493-1cf1b0b7a656/original/logoweb-La-Pizzeri_a-de-Los-Cracks.jpg,Av. Chicureo 1.700 Chicureo,True,"metropolitana de santiago, martes, jueves, miercoles, chicureo",,restaurante
banchile_30532fb5-0c15-47fb-a2f6-848da227ef60,Banco de Chile,"visa-credito-infinite, visa-credito-signature, visa-credito-platinum",Salvo Event Hall,20,porcentaje,20% dcto.,martes,,,15-Sep-2026,15-Sep-2026,Ñuble,,,Región de Ñuble,0,0,Promoción válida hasta el 15 de septiembre de 2026. Exclusivo para clientes que paguen con Tarjetas emitidas por Banco de Chile y Banco Edwards y que soliciten el descuento al momento de pagar en...,False,False,2026-08-20T13:37:15.957248,https://sitiospublicos.bancochile.cl/personas/beneficios/detalle/salvo-event-hall,https://assets.bancochile.cl/uploads/000/088/707/d6bd4ee1-1436-4668-91be-93d903f0f86a/original/banner-web-Salvo-Event-Hall.jpg,https://assets.bancochile.cl/uploads/000/088/706/69fd57dc-9706-4b0e-8c8c-0b9044ab56a6/original/logo-web-Salvo-Event-Hall.jpg,Camino a Huape Km8,True,"martes, chillán, ñuble",,restaurante
banchile_886a6944-723c-4da3-b07f-1ad663d2a196,Banco de Chile,"visa-credito-infinite, visa-credito-signature, visa-credito-platinum",Fogón del Leñador,20,porcentaje,20% dcto.,martes,,,30-Sep-2026,30-Sep-2026,Metropolitana,,Colina,Región Metropolitana,0,0,Promoción válida hasta el 30 de septiembre de 2026. Exclusivo para clientes que paguen con Tarjetas emitidas por Banco de Chile y Banco Edwards y que soliciten el descuento al momento de pagar en...,False,False,2026-08-20T13:37:15.957262,https://sitiospublicos.bancochile.cl/personas/beneficios/detalle/fogon-del-lenador,https://assets.bancochile.cl/uploads/000/089/197/e3a69d28-bb4c-4d10-9c98-c195745b96c3/original/banner-web-Fogo_n-del-Len_ador.jpg,https://assets.bancochile.cl/uploads/000/089/196/3794b027-3888-4ec7-8aed-a068bf1b6bfa/original/logo-web-Fogo_n-del-Len_ador.jpg,15 de mayo st 1 colina,True,"metropolitana de santiago, martes, chicureo, colina",,restaurante
banchile_0e2413b8-2da5-4788-b3b8-f9550027bde2,Banco de Chile,"visa-credito-infinite, visa-credito-signature, visa-credito-platinum",Panca,20,porcentaje,20% dcto.,"lunes, martes, jueves, miercoles",,,30-Sep-2026,30-Sep-2026,Los Lagos,,,Región de Los Lagos,0,0,Promoción válida hasta el 30 de septiembre de 2026. Exclusivo para clientes que paguen con Tarjetas emitidas por Banco de Chile y Banco Edwards y que soliciten el descuento al momento de pagar en...,False,False,2026-08-20T13:37:15.957280,https://sitiospublicos.bancochile.cl/personas/beneficios/detalle/panca,https://assets.bancochile.cl/uploads/000/087/859/14b20218-160f-40b1-b49f-85d671dd74ba/original/banner-web-panca.jpg,https://assets.bancochile.cl/uploads/000/087/858/9a77f0e8-f396-455b-9c1e-92a52825ee9c/original/logo-web-panca.jpg,Manuel Rodríguez #1737,True,"lunes, martes, jueves, miercoles, los lagos, osorno",,restaurante
banchile_d340d697-8d8f-4de0-b35c-4be5a78fdbc7,Banco de Chile,"visa-credito-infinite, visa-credito-signature, visa-credito-platinum",Casa Perú,20,porcentaje,20% dcto.,"viernes, domingo, sabado, lunes, martes, jueves, miercoles",,,31-Dic-2026,31-Dic-2026,Metropolitana,,,REGIÓN METROPOLITANA,0,0,Promoción válida hasta el 31 de diciembre de 2026. Exclusivo para clientes que paguen con Tarjetas emitidas por Banco de Chile y Banco Edwards y que soliciten el descuento al momento de pagar en...,False,False,2026-08-20T13:37:15.957335,https://sitiospublicos.bancochile.cl/personas/beneficios/detalle/casa-peru,https://assets.bancochile.cl/uploads/000/094/621/74674594-b1fa-4e58-b1a1-5fd3bbd4339d/original/banner-web-Casa-Peru.jpg,https://assets.bancochile.cl/uploads/000/094/620/3e80ed56-baa9-4fbc-aae9-9c45fb6a5b5e/original/logo-web-Casa-Peru.jpg,AV CONSISTORIAL #3213,True,"metropolitana de santiago, viernes, domingo, sabado, lunes, martes, jueves, miercoles, peñalolén",,restaurante
banchile_1fc52cef-bf7d-49a2-bf10-eb1b09d67b53,Banco de Chile,"visa-credito-infinite, visa-credito-signature, visa-credito-platinum",Moscowa Restobar,20,porcentaje,20% dcto.,"domingo, martes, miercoles",,,31-Oct-2026,31-Oct-2026,Metropolitana,,,Región Metropolitana,0,0,Promoción válida hasta el 31 de octubre de 2026. Exclusivo para clientes que paguen con Tarjetas emitidas por Banco de Chile y Banco Edwards y que soliciten el descuento al momento de pagar en...,False,False,2026-08-20T13:37:15.957418,https://sitiospublicos.bancochile.cl/personas/beneficios/detalle/moscowa-restobar,https://assets.bancochile.cl/uploads/000/090/315/158d6c75-21f2-4c03-a538-091d87173960/original/banner-web-Moscowa-Restobar.jpg,https://assets.bancochile.cl/uploads/000/090/314/01632d7c-198f-4256-b45a-ca0a0bbbf096/original/logo-web-Moscowa-Restobar.jpg,Av. Condell 1213,True,"metropolitana de santiago, providencia, domingo, martes, miercoles",,restaurante
banchile_dea95472-a87a-4760-8247-565cd906234a,Banco de Chile,"visa-credito-infinite, visa-credito-signature, visa-credito-platinum",Casa Vitalis,30,porcentaje,30% dcto.,"viernes, martes, miercoles",,,31-Dic-2026,31-Dic-2026,Metropolitana,,Vitacura,Región Metropolitana,0,0,Promoción válida hasta el 31 de diciembre de 2026. Exclusivo para clientes que paguen con Tarjetas emitidas por Banco de Chile y Banco Edwards y que soliciten el descuento al momento de pagar en...,False,False,2026-08-20T13:37:15.958528,https://sitiospublicos.bancochile.cl/personas/beneficios/detalle/vitali-s,https://assets.bancochile.cl/uploads/000/096/008/7e1e0f1c-97a5-4c2d-859d-567a055f0684/original/banner-web-VITALI.jpg,https://assets.bancochile.cl/uploads/000/094/706/34506cf3-7430-4519-8453-02fca0f158e7/original/logo-web-Vitali.jpg,Av Vitacura #8133,True,"metropolitana de santiago, viernes, vitacura, martes, miercoles",,restaurante
banchile_d492649f-797d-4056-ba06-b2cb1f950504,Banco de Chile,"visa-credito-infinite, visa-credito-signature, visa-credito-platinum",Pez de Oro,20,porcentaje,20% dcto.,"martes, jueves, miercoles",,,31-Dic-2026,31-Dic-2026,Metropolitana,,,Región Metropolitana,0,0,Promoción válida hasta el 31 de diciembre de 2026. Exclusivo para clientes que paguen con Tarjetas emitidas por Banco de Chile y Banco Edwards y que soliciten el descuento al momento de pagar en...,False,False,2026-08-20T13:37:15.958545,https://sitiospublicos.bancochile.cl/personas/beneficios/detalle/pez-de-oro,https://assets.bancochile.cl/uploads/000/096/014/85571c78-07be-4605-9c9c-7c821bef7b24/original/banner-web-Pez-de-Oro.jpg,https://assets.bancochile.cl/uploads/000/096/013/e65fcf99-0105-4b28-a590-f2cc8cc86d43/original/logo-web-Pez-de-Oro.jpg,Av. Manuel Montt #1007,True,"martes, jueves, miercoles",,restaurante
banchile_5eda6ff9-1a74-4e98-9565-cc7534f4700b,Banco de Chile,"visa-credito-infinite, visa-credito-signature, visa-credito-platinum",Happy Box Pizza,40,porcentaje,40% dcto.,"lunes, miercoles",,,31-Dic-2026,31-Dic-2026,Maule,,,"Región del Maule, Región del Maule",0,0,Promoción válida hasta el 31 de diciembre de 2026. Exclusivo para clientes que paguen con Tarjetas emitidas por Banco de Chile y Banco Edwards y que soliciten el descuento al momento de pagar en...,False,False,2026-08-20T13:37:16.275315,https://sitiospublicos.bancochile.cl/personas/beneficios/detalle/happy-box-pizza,https://assets.bancochile.cl/uploads/000/095/941/8dd51b98-6e19-493a-af03-10fb6138ef24/original/banner-web-Hppy-Box-Pizza.jpg,https://assets.bancochile.cl/uploads/000/095/940/de931deb-0e56-4e8b-af61-f03ccba39307/original/logo-web-Hppy-Box-Pizza.jpg,Av. Manso De Velasco 638,True,"lunes, miercoles, maule, talca, curicó",,restaurante
banchile_175e9d66-f9eb-4122-9a16-1d9e9190bdda,Banco de Chile,"visa-credito-infinite, visa-credito-signature, visa-credito-platinum",Sushiban,30,porcentaje,30% dcto.,"lunes, martes, miercoles",,,31-Ago-2026,31-Ago-2026,Metropolitana,,,"Región Metropolitana, Región Metropolitana, Región Metropolitana, Región Metropolitana, Región Metropolitana, Región Metropolitana, Región Metropolitana, Región Metropolitana, Región Metropolitana, Región Metropolitana, Región Metropolitana, Región Metropolitana, Región Metropolitana, Región Metropolitana",0,0,Promoción válida hasta el 31 de agosto de 2026. Exclusivo para clientes que paguen con Tarjetas emitidas por Banco de Chile (incluye Banco Edwards) descuento válido solo por www.sushiban.cl y App...,False,True,2026-08-20T13:37:16.275410,https://sitiospublicos.bancochile.cl/personas/beneficios/detalle/sushiban-dto,https://assets.bancochile.cl/uploads/000/057/662/b6bff948-301c-4fee-87af-6ab571d2c216/original/banner-web-Sushiban.jpg,https://assets.bancochile.cl/uploads/000/057/661/89d08448-9444-4018-97f2-0ab25a77132a/original/logo-web-Sushiban.jpg,Nueva Los Leones 0252,True,"metropolitana de santiago, providencia, vitacura, ñuñoa, lo barnechea, la florida, lunes, martes, miercoles, las condes, santiago, peñalolén, colina, segmentado",,restaurante
banchile_d7ea1212-d7f0-4218-9783-cb33d26efc40,Banco de Chile,"visa-credito-infinite, visa-credito-signature, visa-credito-platinum",Impasto,30,porcentaje,30% dcto.,"viernes, martes, miercoles",,,30-Nov-2026,30-Nov-2026,Metropolitana,,,Región Metropolitana,0,0,Promoción válida hasta el 30 de noviembre de 2026. Exclusivo para clientes que paguen con Tarjetas emitidas por Banco de Chile y Banco Edwards y que soliciten el descuento al momento de pagar en...,False,False,2026-08-20T13:37:16.275654,https://sitiospublicos.bancochile.cl/personas/beneficios/detalle/impasto-30dto,https://assets.bancochile.cl/uploads/000/094/804/2ebee787-3f6b-4494-952a-68510b1c2302/original/banner-web-impasto.jpg,https://assets.bancochile.cl/uploads/000/094/805/52c89c04-8e83-4988-83d5-bd913d1a459c/original/logo-web-impasto.jpg,Alférez Real #1485,True,"metropolitana de santiago, providencia, viernes, martes, miercoles",,restaurante
banchile_896f9671-a007-4745-ae49-a6a046522966,Banco de Chile,"visa-credito-infinite, visa-credito-signature, visa-credito-platinum",Gusto Restobar,20,porcentaje,20% dcto.,"lunes, miercoles",,,31-Ago-2026,31-Ago-2026,Metropolitana,,,Región del Biobío,0,0,Promoción válida hasta el 31 de agosto de 2026. Exclusivo para clientes que paguen con Tarjetas emitidas por Banco de Chile (incluye Banco Edwards) y que soliciten el descuento al momento de pagar...,False,False,2026-08-20T13:37:16.275782,https://sitiospublicos.bancochile.cl/personas/beneficios/detalle/gusto-restobar,https://assets.bancochile.cl/uploads/000/073/990/15a20d56-3c38-4eec-be62-f6d49a854108/original/banner-web-Gusto-Restobar.jpg,https://assets.bancochile.cl/uploads/000/073/989/98ef1a8e-57c2-42c1-a254-c3f6976935ee/original/logo-web-Gusto-Restobar.jpg,Rengo #346,True,"metropolitana de santiago, lunes, miercoles, concepción, biobío, segmentado",,restaurante
banchile_ed036d4a-954d-471e-975b-4fa6745cd89a,Banco de Chile,"visa-credito-infinite, visa-credito-signature, visa-credito-platinum",La Trattoria,30,porcentaje,30% dcto.,"lunes, martes, jueves, miercoles",,,28-Feb-2027,28-Feb-2027,Biobío,,,Región del Biobío,0,0,Promoción válida hasta el 28 de febrero de 2027. Exclusivo para clientes que paguen con Tarjetas emitidas por Banco de Chile y Banco Edwards y que soliciten el descuento al momento de pagar en...,False,False,2026-08-20T13:37:16.275852,https://sitiospublicos.bancochile.cl/personas/beneficios/detalle/la-trattoria,https://assets.bancochile.cl/uploads/000/099/089/e95babc1-365f-4b9f-ae01-4cc39b2d5ce6/original/banner-web-La-Trattoria.jpg,https://assets.bancochile.cl/uploads/000/099/090/d1951f47-4e71-4824-b553-07d00f4863cf/original/logo-web-La-Trattoria.jpg,Las violetas 1835,True,"lunes, martes, jueves, miercoles, biobío, san pedro de la paz",,restaurante
banchile_a35da717-06e2-4e85-b8ef-2d7f39a72ee1,Banco de Chile,"visa-credito-infinite, visa-credito-signature, visa-credito-platinum",Lovdo,40,porcentaje,40% dcto.,miercoles,,,31-Dic-2026,31-Dic-2026,Valparaíso,,,"Local 1016, Región Metropolitana, Región Metropolitana, Región de Valparaíso, Los Carrera Poniente, Jorge Alessandri 3177, Balmaceda 2355, Avenida Bulnes KM 3",0,0,Promoción válida hasta el 31 de diciembre de 2026. Exclusivo para clientes que paguen con Tarjetas emitidas por Banco de Chile y Banco Edwards y ingreses los primeros 6 digitos de su tarjeta al...,False,False,2026-08-20T13:37:16.275905,https://sitiospublicos.bancochile.cl/personas/beneficios/detalle/lovdo,https://assets.bancochile.cl/uploads/000/097/229/81dea610-4a56-4ddb-88d1-a23f7e04c4d3/original/banner-web-Lovdo.jpg,https://assets.bancochile.cl/uploads/000/097/228/e325dd3c-67bc-4bac-b83d-bf22b9437583/original/logo-web-Lovdo.jpg,Diego Portales 640,True,"valparaíso, arica, big5, miercoles, viña del mar, antofagasta, concepción, biobío, santiago, talcahuano, punta arenas, san miguel, arica y parinacota, magallanes, metropolitana",,restaurante
banchile_f84c4019-b932-45ef-988c-7d27d4318531,Banco de Chile,"visa-credito-infinite, visa-credito-signature, visa-credito-platinum",Bravo Cabrera,20,porcentaje,20% dcto.,martes,,,31-Dic-2026,31-Dic-2026,Los Lagos,,,Región de Los Lagos,0,0,Promoción válida hasta el 31 de diciembre de 2026. Exclusivo para clientes que paguen con Tarjetas emitidas por Banco de Chile (incluye Banco Edwards) y que soliciten el descuento al momento de...,False,False,2026-08-20T13:37:16.275925,https://sitiospublicos.bancochile.cl/personas/beneficios/detalle/bravo-cabrera,https://assets.bancochile.cl/uploads/000/057/004/1406d135-f766-4e6c-b663-61222aaa9ba1/original/banner-web-Bravo-Cabrera.jpg,https://assets.bancochile.cl/uploads/000/057/003/e8c9e27a-a854-437b-a931-577239e91dae/original/logo-web-Bravo-Cabrera.jpg,Vicente Pérez Rosales #1071,True,"martes, los lagos, puerto varas, segmentado",,restaurante
banchile_c420b82d-19bd-42c8-8f8a-810f68a2d08a,Banco de Chile,"visa-credito-infinite, visa-credito-signature, visa-credito-platinum",Gatopardo Bistró,20,porcentaje,20% dcto.,"viernes, sabado, lunes, martes, jueves, miercoles",,,30-Sep-2026,30-Sep-2026,Metropolitana,,,Región Metropolitana,0,0,Promoción válida hasta el 30 de septiembre de 2026. Exclusivo para clientes que paguen con Tarjetas emitidas por Banco de Chile y Banco Edwards y que soliciten el descuento al momento de pagar en...,False,False,2026-08-20T13:37:16.276392,https://sitiospublicos.bancochile.cl/personas/beneficios/detalle/gatopardo-bistro,https://assets.bancochile.cl/uploads/000/099/299/a618aef0-c176-4567-81d3-4a8cd1291ace/original/banner-web-Gatopardo-Bistro.jpg,https://assets.bancochile.cl/uploads/000/099/300/c84b62c1-297f-4016-b08b-71df2479f418/original/logo-web-Gatopardo-Bistro.jpg,Alonso de Córdova 4308,True,"metropolitana de santiago, viernes, sabado, vitacura, lunes, martes, jueves, miercoles",,restaurante
banchile_1e070bf1-398f-4816-8296-5c6c021e9bbd,Banco de Chile,"visa-credito-infinite, visa-credito-signature, visa-credito-platinum",Caffellatte Atacama,20,porcentaje,20% dcto.,lunes,,,31-Dic-2026,31-Dic-2026,Atacama,,,Región de Atacama,0,0,Promoción válida hasta el 31 de diciembre de 2026. Exclusivo para clientes que paguen con Tarjetas emitidas por Banco de Chile y Banco Edwards y que soliciten el descuento al momento de pagar en...,False,False,2026-08-20T13:37:16.276655,https://sitiospublicos.bancochile.cl/personas/beneficios/detalle/caffellatte-atacama,https://assets.bancochile.cl/uploads/000/096/306/50a141d5-1072-4b35-97a8-a70e37846e3e/original/banner-web-Caffellatte-v2.jpg,https://assets.bancochile.cl/uploads/000/093/494/3d2e68c2-eedf-4725-839f-31dbd4e13262/original/logo-web-Atacama.jpg,O´Higgins #857,True,"lunes, copiapó, atacama",,restaurante
banchile_e4830a14-e66d-4bed-8f09-442c826306a3,Banco de Chile,"visa-credito-infinite, visa-credito-signature, visa-credito-platinum",Ají Del Mar,20,porcentaje,20% dcto.,"martes, jueves, miercoles",,,31-Dic-2026,31-Dic-2026,Valparaíso,,,130 VIÑA DEL MAR,0,0,Promoción válida hasta el 31 de diciembre de 2026. Exclusivo para clientes que paguen con Tarjetas emitidas por Banco de Chile (incluye Banco Edwards) y que soliciten el descuento al momento de...,False,True,2026-08-20T13:37:16.276705,https://sitiospublicos.bancochile.cl/personas/beneficios/detalle/aji-del-mar,https://assets.bancochile.cl/uploads/000/042/715/df50e496-931d-423e-a37b-9be5f4ae37b7/original/banner-web-AJI-DEL-MAR.jpg,https://assets.bancochile.cl/uploads/000/042/714/4ad3b248-861a-46c9-a0ad-5b370d830f0d/original/logo-web-AJI-DEL-MAR.jpg,CALLE 2 NORTE N&deg,True,"valparaíso, martes, jueves, miercoles",,restaurante
banchile_d8d8b016-a883-435e-86d3-d31a44ab8c10,Banco de Chile,"visa-credito-infinite, visa-credito-signature, visa-credito-platinum",Akami Sushi Bar,15,porcentaje,15% dcto.,"lunes, martes, jueves, miercoles",,,30-Sep-2026,30-Sep-2026,Ñuble,,,Región de Ñuble,0,0,Promoción válida hasta el 30 de septiembre de 2026. Exclusivo para clientes que paguen con Tarjetas emitidas por Banco de Chile (incluye Banco Edwards) y que soliciten el descuento al momento de...,False,False,2026-08-20T13:37:16.276726,https://sitiospublicos.bancochile.cl/personas/beneficios/detalle/akami-sushi-bar,https://assets.bancochile.cl/uploads/000/047/528/36200325-88d0-4a82-af02-01081958a136/original/banner-web-Akami-Sushi-Bar.jpg,https://assets.bancochile.cl/uploads/000/047/527/a02279a4-e084-4142-9b13-f233cc2fa6e3/original/logo-web-Akami-Sushi-Bar.jpg,Av. OHiggins #1650,True,"lunes, martes, jueves, miercoles, chillán, ñuble",,restaurante
banchile_052114b4-6d58-4080-abe4-ee41a33c0594,Banco de Chile,"visa-credito-infinite, visa-credito-signature, visa-credito-platinum",Al Pesto,20,porcentaje,20% dcto.,"lunes, martes, miercoles",,,31-Dic-2026,31-Dic-2026,Metropolitana,,,Chicureo,0,0,"Promoción válida hasta el 31 de diciembre de 2026. Exclusivo para clientes que paguen con Tarjetas emitidas por Banco de Chile, Banco Edwards y que soliciten el descuento al momento de pagar en...",False,False,2026-08-20T13:37:16.276742,https://sitiospublicos.bancochile.cl/personas/beneficios/detalle/al-pesto-dto,https://assets.bancochile.cl/uploads/000/045/704/05b84549-ad0b-4b09-8d42-8231f8f3659e/original/banner-web-alpesto.jpg,https://assets.bancochile.cl/uploads/000/045/703/b23af271-165f-4332-a079-635335dd7372/original/logo-web-Al-Pesto.jpg,Boulevard Los Ingles,True,"metropolitana de santiago, lunes, martes, miercoles, chicureo, colina",,restaurante
banchile_51464988-f930-44e8-b1e5-4cc5ffb32c5b,Banco de Chile,"visa-credito-infinite, visa-credito-signature, visa-credito-platinum",Alebrijes,20,porcentaje,20% dcto.,"lunes, jueves",,,31-Dic-2026,31-Dic-2026,Tarapacá,,,Región Tarapacá,0,0,Promoción válida hasta el 31 de diciembre de 2026. Exclusivo para clientes que paguen con Tarjetas emitidas por Banco de Chile (incluye Banco Edwards) y que soliciten el descuento al momento de...,False,False,2026-08-20T13:37:16.276759,https://sitiospublicos.bancochile.cl/personas/beneficios/detalle/alebrijes,https://assets.bancochile.cl/uploads/000/042/817/6b23fe45-4223-4677-bc94-192701a0381e/original/banner-web-Alebrijes.jpg,https://assets.bancochile.cl/uploads/000/042/816/9ef16497-c7c5-4e75-a66b-9c0a42c1ed22/original/logo-web-Alebrijes.jpg,CÉSPEDES Y GONZÁLEZ #717,True,"lunes, jueves, iquique, tarapacá",,restaurante
banchile_b34f7754-b9c8-4a48-94d7-ff81295a594a,Banco de Chile,"visa-credito-infinite, visa-credito-signature, visa-credito-platinum",Au Restaurant,20,porcentaje,20% dcto.,"viernes, sabado, lunes, martes, jueves, miercoles",,,30-Nov-2026,30-Nov-2026,Biobío,,,Región del Bío Bío,0,0,"Promoción válida hasta el 30 de noviembre de 2026. pagando con Tarjetas de Crédito y Débito VISA del Banco de Chile y Banco Edwards. Tope de descuento máximo $50.000 por mesa. No incluye propinas,...",False,False,2026-08-20T13:37:16.276813,https://sitiospublicos.bancochile.cl/personas/beneficios/detalle/au-restaurant,https://assets.bancochile.cl/uploads/000/042/724/29f05121-042c-4718-870f-7db21a42280e/original/header-au.jpg,https://assets.bancochile.cl/uploads/000/042/723/8fb5bb0c-064d-4a11-ba7c-1e508d7ecaa4/original/logo-au.jpg,Obispo Hipólito Salas 135,True,"descuentos-regiones, viernes, sabado, lunes, martes, jueves, miercoles, concepción, biobío",,restaurante
banchile_84bc4380-bf72-415b-a2d7-4c3b8214cb33,Banco de Chile,"visa-credito-infinite, visa-credito-signature, visa-credito-platinum",AUTENTIKO FRENCH TAKOS,20,porcentaje,20% dcto.,"lunes, martes, miercoles",,,31-Dic-2026,31-Dic-2026,Metropolitana,,,Región Metropolitana,0,0,Promoción válida hasta el 31 de diciembre de 2026. Exclusivo para clientes que paguen con Tarjetas emitidas por Banco de Chile (incluye Banco Edwards) y que soliciten el descuento al momento de...,False,True,2026-08-20T13:37:16.276829,https://sitiospublicos.bancochile.cl/personas/beneficios/detalle/autentiko-french-takos,https://assets.bancochile.cl/uploads/000/042/736/856e8158-d1fa-4fe9-99a2-1c79c06870b3/original/banner-web-AUTENTIKO-FRENCH-TAKOS.jpg,https://assets.bancochile.cl/uploads/000/042/735/a1f776f9-fd6d-423e-a930-6dcc0f5681cc/original/logo-web-AUTENTIKO-FRENCH-TAKOS.jpg,Santa Isabel #0296,True,"descuentos-santiago, providencia, lunes, martes, miercoles",,restaurante
banchile_bc57517a-6718-4899-963a-dc38b775f16d,Banco de Chile,"visa-credito-infinite, visa-credito-signature, visa-credito-platinum",B-BAR,20,porcentaje,20% dcto.,"viernes, sabado",,,31-Dic-2026,31-Dic-2026,Metropolitana,,,RM,0,0,Promoción válida hasta el 31 de diciembre de 2026. Exclusivo para clientes que paguen con Tarjetas emitidas por Banco de Chile (incluye Banco Edwards) y que soliciten el descuento al momento de...,False,False,2026-08-20T13:37:16.276862,https://sitiospublicos.bancochile.cl/personas/beneficios/detalle/b-bar,https://assets.bancochile.cl/uploads/000/027/151/2abb8746-9baf-4b0c-aeab-4278981114d5/original/banner_web_b_bar.jpg,https://assets.bancochile.cl/uploads/000/027/150/9ac3c7c6-bf78-496b-8a78-39dd6c6fdac3/original/logo_web_b_bar.jpg,Primera Transversal 2181,True,"metropolitana de santiago, viernes, sabado, maipú",,restaurante
banchile_1885100d-88fc-4dc1-b9f0-d6d887e443fb,Banco de Chile,"visa-credito-infinite, visa-credito-signature, visa-credito-platinum",BANGKOK THAI,20,porcentaje,20% dcto.,"lunes, martes, miercoles",,,31-Dic-2026,31-Dic-2026,Metropolitana,,,Región Metropolitana,0,0,"Promoción válida hasta el 31 de diciembre de 2026. Exclusivo para clientes que paguen con Tarjetas emitidas por Banco de Chile, Banco Edwards y que soliciten el descuento al momento de pagar en...",False,False,2026-08-20T13:37:16.276899,https://sitiospublicos.bancochile.cl/personas/beneficios/detalle/bangkok-thai,https://assets.bancochile.cl/uploads/000/042/443/68fe0f17-e291-448d-835d-d3b289861210/original/banner-web-BANGKOK-THAI.jpg,https://assets.bancochile.cl/uploads/000/042/442/6775f831-c02a-40f1-9900-97e670f58a77/original/logo-web-BANGKOK.jpg,Arzobispo Gonzales #441,True,"metropolitana de santiago, lunes, martes, miercoles",,restaurante
banchile_4eda672d-5955-4855-a17a-d6032d75dbb7,Banco de Chile,"visa-credito-infinite, visa-credito-signature, visa-credito-platinum",Bar 21,20,porcentaje,20% dcto.,"lunes, martes, jueves, miercoles",,,31-Dic-2026,31-Dic-2026,Los Ríos,,,Región de los Ríos,0,0,Promoción válida hasta el 31 de diciembre de 2026. Exclusivo para clientes que paguen con Tarjetas emitidas por Banco de Chile y Banco Edwards y que soliciten el descuento al momento de pagar en...,False,False,2026-08-20T13:37:16.276917,https://sitiospublicos.bancochile.cl/personas/beneficios/detalle/bar-21,https://assets.bancochile.cl/uploads/000/087/541/d250a67c-7ada-46f3-900d-f6d4687fa2f5/original/banner-web-Bar-21.jpg,https://assets.bancochile.cl/uploads/000/087/540/eca39e9b-7e37-4348-9d30-80819bca222c/original/logo-web-Bar-21.jpg,Saelzer #21,True,"lunes, martes, jueves, miercoles, los ríos, valdivia",,restaurante
banchile_1e47042d-4967-43fd-b0f6-b8df69a3dc94,Banco de Chile,"visa-credito-infinite, visa-credito-signature, visa-credito-platinum",Bar Imperial,20,porcentaje,20% dcto.,"lunes, martes, jueves, miercoles",,,31-Dic-2026,31-Dic-2026,Metropolitana,,,Región Metropolitana,0,0,"Promoción válida hasta el 31 de diciembre de 2026. Exclusivo para clientes que paguen con Tarjetas emitidas por Banco de Chile, Banco Edwards y que soliciten el descuento al momento de pagar en...",False,False,2026-08-20T13:37:16.276934,https://sitiospublicos.bancochile.cl/personas/beneficios/detalle/bar-imperial,https://assets.bancochile.cl/uploads/000/042/495/2ab21377-c486-4748-b83e-43f11d8c065f/original/banner-web-imperial.jpg,https://assets.bancochile.cl/uploads/000/042/494/61896dfd-103f-4380-880b-3d0107cff54d/original/logo-web-imperial.jpg,Av. Central Gonzalo Pérez llona #500,True,"metropolitana de santiago, lunes, martes, jueves, miercoles, maipú",,restaurante
banchile_3ac85c6f-9b11-4d1c-84c7-24848ba8e531,Banco de Chile,"visa-credito-infinite, visa-credito-signature, visa-credito-platinum",Bibimbap,20,porcentaje,20% dcto.,"martes, jueves, miercoles",,,30-Sep-2026,30-Sep-2026,Biobío,,,Región del Biobío,0,0,"Promoción válida hasta el 30 de septiembre de 2026. Exclusivo para clientes que paguen con Tarjetas emitidas por Banco de Chile, Banco Edwards y que soliciten el descuento al momento de pagar en...",False,False,2026-08-20T13:37:16.277003,https://sitiospublicos.bancochile.cl/personas/beneficios/detalle/bibimbap-dto,https://assets.bancochile.cl/uploads/000/044/927/c7380cb2-d801-4862-bb6a-ffeccc408ff2/original/banner-web-Bibimbap.jpg,https://assets.bancochile.cl/uploads/000/044/926/b9877594-3c2d-4d33-8b39-340caf526e6e/original/logo-web-Bibimbap.jpg,Obispo Hipólito Salas #25,True,"martes, jueves, miercoles, concepción, biobío",,restaurante
banchile_ce10b0e7-5742-4d22-aef6-906661bd4977,Banco de Chile,"visa-credito-infinite, visa-credito-signature, visa-credito-platinum",Boru Gohan,20,porcentaje,20% dcto.,"viernes, domingo, sabado, lunes, martes, jueves, miercoles",,,31-Dic-2026,31-Dic-2026,Metropolitana,,,,0,0,Promoción válida hasta el 31 de diciembre de 2026. Exclusivo para clientes que paguen con Tarjetas emitidas por Banco de Chile (incluye Banco Edwards) y que soliciten el descuento al momento de...,False,False,2026-08-20T13:37:16.277055,https://sitiospublicos.bancochile.cl/personas/beneficios/detalle/boru-gohan,https://assets.bancochile.cl/uploads/000/042/633/5f041412-be79-442d-9a5b-4c3bf46f81b9/original/banner-web-BORU-GOHAN.jpg,https://assets.bancochile.cl/uploads/000/042/632/ec5b27f2-1818-487e-a0ce-f4ed8bb30bc1/original/logo-web-BORU-GOHAN.jpg,,True,"descuentos-santiago, viernes, domingo, sabado, lunes, martes, jueves, miercoles, santiago",,restaurante
banchile_c79c8d54-53bf-4f8f-9c38-8929ffc4ac4d,Banco de Chile,"visa-credito-infinite, visa-credito-signature, visa-credito-platinum",BURGER BAR,20,porcentaje,20% dcto.,"lunes, martes, miercoles",,,31-Dic-2026,31-Dic-2026,San Pedro de la Paz,,,"Bío-Bío, Bío-Bío, Bío-Bío",0,0,Promoción válida hasta el 31 de diciembre de 2026. Exclusivo para clientes que paguen con Tarjetas emitidas por Banco de Chile (incluye Banco Edwards) y que soliciten el descuento al momento de...,False,False,2026-08-20T13:37:16.277090,https://sitiospublicos.bancochile.cl/personas/beneficios/detalle/burger-bar,https://assets.bancochile.cl/uploads/000/027/761/c86853e3-7c00-49d2-ab95-80ce1da1c9d6/original/banner-web-burguerbar.jpg,https://assets.bancochile.cl/uploads/000/027/760/a69390ca-099b-4901-ba44-8f6c14b79fc1/original/logo-web-burguerbar.jpg,Los Canelos 100,True,"lunes, martes, miercoles, concepción",,restaurante
banchile_0ad9b394-2669-490b-b9f0-18d358aa982c,Banco de Chile,"visa-credito-infinite, visa-credito-signature, visa-credito-platinum",Café Baqué,20,porcentaje,20% dcto.,"sabado, lunes, martes",,,31-Ene-2027,31-Ene-2027,Los Lagos,,,"Región del Biobío, Región del Biobío, Región del Biobío, Región del Biobío, Región del Biobío, Región del Biobío, Región del Biobío",0,0,Promoción válida hasta el 31 de enero de 2027. Exclusivo para clientes que paguen con Tarjetas emitidas por Banco de Chile y Banco Edwards y que soliciten el descuento al momento de pagar en...,False,False,2026-08-20T13:37:16.277144,https://sitiospublicos.bancochile.cl/personas/beneficios/detalle/cafe-baque,https://assets.bancochile.cl/uploads/000/085/290/65da1260-1aa2-4621-a97b-92f338745856/original/banner-web-Cafe_-Baque_.jpg,https://assets.bancochile.cl/uploads/000/085/289/b3bba802-d56a-4b19-8b9e-18dc9704f4be/original/logo-web-Cafe_-Baque_.jpg,Av. Pedro de Valdivia #1265,True,"sabado, lunes, martes, los lagos, concepción, biobío, osorno, hualpen",,restaurante
banchile_0e54421d-8046-41aa-9b95-9da4f7fcb567,Banco de Chile,"visa-credito-infinite, visa-credito-signature, visa-credito-platinum",Caipulli Riomar,20,porcentaje,20% dcto.,miercoles,,,31-Dic-2026,31-Dic-2026,Los Lagos,,,Región de Los Lagos,0,0,Promoción válida hasta el 31 de diciembre de 2026. Exclusivo para clientes que paguen con Tarjetas emitidas por Banco de Chile (incluye Banco Edwards) y que soliciten el descuento al momento de...,False,False,2026-08-20T13:37:16.563367,https://sitiospublicos.bancochile.cl/personas/beneficios/detalle/caipulli-riomar,https://assets.bancochile.cl/uploads/000/057/725/9fb21f7a-996a-4e7d-9d9e-0158eb16a8a6/original/banner-web-Caipulli-Riomar.jpg,https://assets.bancochile.cl/uploads/000/057/724/0dc2964d-fa56-47d0-8312-cb17e7ea2ba6/original/logo-web-Caipulli-Riomar.jpg,W - 165 Caipulli Isla Chiloe Chile,True,"miercoles, los lagos, chiloe",,restaurante
banchile_abd576c2-5241-42de-a5c4-5316f1062e13,Banco de Chile,"visa-credito-infinite, visa-credito-signature, visa-credito-platinum",Cantina Meraki,20,porcentaje,20% dcto.,"viernes, domingo, sabado, lunes, martes, jueves, miercoles",,,30-Nov-2026,30-Nov-2026,Valparaíso,,,Región de Valparaíso,0,0,Promoción válida hasta el 30 de noviembre de 2026. Exclusivo para clientes que paguen con Tarjetas emitidas por Banco de Chile (incluye Banco Edwards) y que soliciten el descuento al momento de...,False,False,2026-08-20T13:37:16.563409,https://sitiospublicos.bancochile.cl/personas/beneficios/detalle/cantina-meraki,https://assets.bancochile.cl/uploads/000/054/886/b9291b11-ae26-436b-8317-85bd4cca8bab/original/banner-web-Cantina-Meraki.jpg,https://assets.bancochile.cl/uploads/000/054/885/47f4c58f-fb9d-45ab-a034-2b48cb26f841/original/logo-web-Cantina-Meraki.jpg,"Cumming #168,",True,"valparaíso, viernes, domingo, sabado, lunes, martes, jueves, miercoles",,restaurante
banchile_688a2e71-2baf-479d-8048-96877a7b8819,Banco de Chile,"visa-credito-infinite, visa-credito-signature, visa-credito-platinum",Castillo Hamburgo,20,porcentaje,20% dcto.,"martes, miercoles",,,31-Dic-2026,31-Dic-2026,Metropolitana,,,Ñuñoa,0,0,Promoción válida hasta el 31 de diciembre de 2026. Exclusivo para clientes que paguen con Tarjetas emitidas por Banco de Chile (incluye Banco Edwards) y que soliciten el descuento al momento de...,False,False,2026-08-20T13:37:16.563460,https://sitiospublicos.bancochile.cl/personas/beneficios/detalle/castillo-hamburgo,https://assets.bancochile.cl/uploads/000/042/749/3857a45e-d5c2-4b53-9bce-0535026997ff/original/banner-web-CASTILLO-HAMBURGO.jpg,https://assets.bancochile.cl/uploads/000/042/748/0e35a273-7097-4084-8b3f-cd0fabee5f76/original/logo-web-CASTILLO-HAMBURGO.jpg,Los Tres Antonios 397,True,"metropolitana de santiago, ñuñoa, martes, miercoles",,restaurante
banchile_fabf615c-eb1f-4145-b1d4-160caf14f50d,Banco de Chile,"visa-credito-infinite, visa-credito-signature, visa-credito-platinum",Ceiba,20,porcentaje,20% dcto.,jueves,,,30-Sep-2026,30-Sep-2026,Metropolitana,,,Región Metropolitana,0,0,Promoción válida hasta el 30 de septiembre de 2026. Exclusivo para clientes que paguen con Tarjetas emitidas por Banco de Chile (incluye Banco Edwards) y que soliciten el descuento al momento de...,False,False,2026-08-20T13:37:16.563478,https://sitiospublicos.bancochile.cl/personas/beneficios/detalle/ceiba,https://assets.bancochile.cl/uploads/000/042/103/cd8017cb-37b9-4625-b991-ebcd276ea8f3/original/banner-web-Ceiba.jpg,https://assets.bancochile.cl/uploads/000/042/102/e5ff7256-6df0-49e7-9be1-29d01682d075/original/Lucas-web-Ceiba.jpg,Avenida José Alcalde Délano #10425,True,"metropolitana de santiago, lo barnechea, jueves",,restaurante
banchile_7686ec7a-f5c3-4869-a60e-e1314a1573bd,Banco de Chile,"visa-credito-infinite, visa-credito-signature, visa-credito-platinum",Club 2D,20,porcentaje,20% dcto.,"viernes, lunes, martes, jueves, miercoles",,,31-Dic-2026,31-Dic-2026,Valparaíso,,,Región de Valparaíso,0,0,Promoción válida hasta el 31 de diciembre de 2026. Exclusivo para clientes que paguen con Tarjetas emitidas por Banco de Chile (incluye Banco Edwards) y que soliciten el descuento al momento de...,False,True,2026-08-20T13:37:16.563719,https://sitiospublicos.bancochile.cl/personas/beneficios/detalle/club-2d,https://assets.bancochile.cl/uploads/000/042/765/d7c6a9e7-163b-4c39-ad35-15ac790f9c07/original/banner-web-Club-2D.jpg,https://assets.bancochile.cl/uploads/000/042/764/4cd88a2a-5c05-4fd5-b0f4-5efbecc2898a/original/logo-web-Club-2D.jpg,San Martín #208,True,"valparaíso, viernes, lunes, martes, jueves, miercoles, viña del mar, segmentado",,restaurante
banchile_65603fd4-ef00-4ce3-8ddc-c082c29ede84,Banco de Chile,"visa-credito-infinite, visa-credito-signature, visa-credito-platinum",Club de San Miguel,20,porcentaje,20% dcto.,"lunes, martes, miercoles",,,31-Dic-2026,31-Dic-2026,Metropolitana,,,Región Metropolitana,0,0,Promoción válida hasta el 31 de diciembre de 2026. Exclusivo para clientes que paguen con Tarjetas emitidas por Banco de Chile (incluye Banco Edwards) y que soliciten el descuento al momento de...,False,False,2026-08-20T13:37:16.563759,https://sitiospublicos.bancochile.cl/personas/beneficios/detalle/club-de-san-miguel,https://assets.bancochile.cl/uploads/000/042/610/55dfde11-eb44-45bc-bd91-25faedb48b65/original/banner-web-Club-San-Miguel.jpg,https://assets.bancochile.cl/uploads/000/042/609/7a946109-65a5-4f9c-8a8c-6ef83d5e1b3e/original/logo-web-Club-de-San-Miguel.jpg,Llano Subercaseaux #3597,True,"metropolitana de santiago, lunes, martes, miercoles, san miguel",,restaurante
banchile_e1a25fa3-7338-4ec0-bd59-0f8da74bf0e7,Banco de Chile,"visa-credito-infinite, visa-credito-signature, visa-credito-platinum",CONSERBAR,20,porcentaje,20% dcto.,"sabado, miercoles",,,30-Sep-2026,30-Sep-2026,Metropolitana,,,Región Metropolitana,0,0,Promoción válida hasta el 30 de septiembre de 2026. Exclusivo para clientes que paguen con Tarjetas emitidas por Banco de Chile (incluye Banco Edwards) y que soliciten el descuento al momento de...,False,True,2026-08-20T13:37:16.563848,https://sitiospublicos.bancochile.cl/personas/beneficios/detalle/conserbar-dcto,https://assets.bancochile.cl/uploads/000/047/767/40e6adf1-1f0c-4b67-8481-ca88906e18ac/original/banner-CONSERBAR.jpg,https://assets.bancochile.cl/uploads/000/047/766/17a5a6b7-a8a7-4ddf-bc56-a5f5f914e149/original/logo-web-CONSERBAR.jpg,Av Condell #1189,True,"metropolitana de santiago, providencia, sabado, miercoles",,restaurante
banchile_3ffab563-e8e8-4c75-b834-a17f08dcab01,Banco de Chile,"visa-credito-infinite, visa-credito-signature, visa-credito-platinum",Dolce,20,porcentaje,20% dcto.,"martes, jueves",,,30-Sep-2026,30-Sep-2026,Los Ríos,,,Región de los Ríos,0,0,Promoción válida hasta el 30 de septiembre de 2026. Exclusivo para clientes que paguen con Tarjetas emitidas por Banco de Chile (incluye Banco Edwards) y que soliciten el descuento al momento de...,False,False,2026-08-20T13:37:16.563885,https://sitiospublicos.bancochile.cl/personas/beneficios/detalle/dolce-20dto,https://assets.bancochile.cl/uploads/000/054/615/2527b26f-4bd1-4aff-9d1a-bff899f3a586/original/banner-web-Dolce.jpg,https://assets.bancochile.cl/uploads/000/054/614/96c42c97-e39e-45a4-835e-6f2941888939/original/logo-web-Dolce.jpg,BERNARDO OHIGGINS #396,True,"martes, jueves, los ríos, valdivia",,restaurante
banchile_a1e65273-9d4f-4086-b30f-d2fb5f53fa7d,Banco de Chile,"visa-credito-infinite, visa-credito-signature, visa-credito-platinum",Don Pedro,20,porcentaje,20% dcto.,miercoles,,,31-Dic-2026,31-Dic-2026,Araucanía,,,Región de la Araucanía,0,0,Promoción válida hasta el 31 de diciembre de 2026. Exclusivo para clientes que paguen con Tarjetas emitidas por Banco de Chile (incluye Banco Edwards) y que soliciten el descuento al momento de...,False,False,2026-08-20T13:37:16.563902,https://sitiospublicos.bancochile.cl/personas/beneficios/detalle/don-pedro-restaurant,https://assets.bancochile.cl/uploads/000/056/240/f6a539e8-ca4c-4ac0-9594-8e3b245b0a06/original/banner-web-Don-Pedro.jpg,https://assets.bancochile.cl/uploads/000/056/239/2dca5a51-5b3e-4228-af14-87aa1348afef/original/logo-web-Don-Pedro.jpg,San Martín #0490 esquina San Guillermo,True,"miercoles, la araucanía, temuco, segmentado",,restaurante
banchile_0a5726b7-c95e-4222-8430-7eccbc364659,Banco de Chile,"visa-credito-infinite, visa-credito-signature, visa-credito-platinum",Don Talo,30,porcentaje,30% dcto.,"martes, miercoles",,,31-Dic-2026,31-Dic-2026,Biobío,,,"Región del Biobío, Región del Biobío",0,0,Promoción válida hasta el 31 de diciembre de 2026. Exclusivo para clientes que paguen con Tarjetas emitidas por Banco de Chile (incluye Banco Edwards) y que soliciten el descuento al momento de...,False,False,2026-08-20T13:37:16.563923,https://sitiospublicos.bancochile.cl/personas/beneficios/detalle/don-talo,https://assets.bancochile.cl/uploads/000/055/701/fb251d67-856f-45c4-b500-2020092dd8ea/original/banner-web-Don-Talo.jpg,https://assets.bancochile.cl/uploads/000/055/700/daf00dca-5ec0-4d7a-939a-bc28519dbb62/original/logo-web-Don-Talo.jpg,ING. PINTO LAGARRIGUE S/N KM.25 CAMINO A STA JUANA,True,"martes, miercoles, concepción, biobío, san pedro de la paz, segmentado",,restaurante
banchile_60d55edc-a511-498f-bbda-3ba3ab1f6f28,Banco de Chile,"visa-credito-infinite, visa-credito-signature, visa-credito-platinum",Donde Naresh,20,porcentaje,20% dcto.,martes,,,31-Dic-2026,31-Dic-2026,Metropolitana,,,Región Metropolitana,0,0,Promoción válida hasta el 31 de diciembre de 2026. Exclusivo para clientes que paguen con Tarjetas emitidas por Banco de Chile (incluye Banco Edwards) y que soliciten el descuento al momento de...,False,False,2026-08-20T13:37:16.563938,https://sitiospublicos.bancochile.cl/personas/beneficios/detalle/donde-naresh,https://assets.bancochile.cl/uploads/000/026/976/91d12c23-447b-437f-ae90-2acef32cc82c/original/banner_web_donde_naresh.jpg,https://assets.bancochile.cl/uploads/000/026/975/340a939c-d534-4044-ab74-edbf900035e6/original/logo_web_donde_naresh.jpg,Esmeralda #716,True,"metropolitana de santiago, martes, santiago",,restaurante
banchile_d2bb1fcc-cea8-43bb-a738-401fe0a05e4f,Banco de Chile,"visa-credito-infinite, visa-credito-signature, visa-credito-platinum",EL ARABITO,30,porcentaje,30% dcto.,"jueves, miercoles",,,31-Dic-2026,31-Dic-2026,Araucanía,,,Araucanía,0,0,Promoción válida hasta el 31 de diciembre de 2026. Exclusivo para clientes que paguen con Tarjetas emitidas por Banco de Chile (incluye Banco Edwards) y que soliciten el descuento al momento de...,False,False,2026-08-20T13:37:16.563996,https://sitiospublicos.bancochile.cl/personas/beneficios/detalle/el-arabito,https://assets.bancochile.cl/uploads/000/027/665/13822391-80d5-4ba6-abfb-daf2c969925b/original/banner-arabito.jpg,https://assets.bancochile.cl/uploads/000/027/664/0ff18fc7-7aff-46ee-a314-8e080ba0d99e/original/logo-web-ARABITO.jpg,Hochstetter 662,True,"descuentos-regiones, jueves, miercoles, temuco",,restaurante
banchile_3836b984-4772-4e33-a2e5-01166f2c79e3,Banco de Chile,"visa-credito-infinite, visa-credito-signature, visa-credito-platinum",El Nuevo Arriero,20,porcentaje,20% dcto.,"viernes, lunes, martes, jueves, miercoles",,,31-Dic-2026,31-Dic-2026,Metropolitana,,,Región de Tarapacá,0,0,"Promoción válida hasta el 31 de diciembre de 2026. Exclusivo para clientes que paguen con Tarjetas emitidas por Banco de Chile, Banco Edwards y que soliciten el descuento al momento de pagar en...",False,False,2026-08-20T13:37:16.564012,https://sitiospublicos.bancochile.cl/personas/beneficios/detalle/el-nuevo-arriero,https://assets.bancochile.cl/uploads/000/042/390/2391e986-0869-450b-885b-f615287975f0/original/banner-web-Nuevo-Arriero.jpg,https://assets.bancochile.cl/uploads/000/042/389/bdd3af4d-158c-4ba0-90ee-2a1e9cd7c157/original/logo-web-Nuevo-Arriero.jpg,FILOMENA VALENZUELA #270,True,"metropolitana de santiago, viernes, lunes, martes, jueves, miercoles, iquique, tarapacá, renca, segmentado",,restaurante
banchile_ec22db7b-ee8b-49e3-aec7-9126bb4f8233,Banco de Chile,"visa-credito-infinite, visa-credito-signature, visa-credito-platinum",Emporio San Marco,20,porcentaje,20% dcto.,lunes,,,31-Dic-2026,31-Dic-2026,Valparaíso,,,"LOCAL 4, LOCAL 4",0,0,Promoción válida hasta el 31 de diciembre de 2026. Exclusivo para clientes que paguen con Tarjetas emitidas por Banco de Chile (incluye Banco Edwards) y que soliciten el descuento al momento de...,False,True,2026-08-20T13:37:16.564030,https://sitiospublicos.bancochile.cl/personas/beneficios/detalle/emporio-san-marco,https://assets.bancochile.cl/uploads/000/042/537/1d621e67-9073-46a7-8dd1-f752ce4234d7/original/banner-web-Emporio-San-Marco.jpg,https://assets.bancochile.cl/uploads/000/042/536/6744a68d-af53-43ef-8075-f855557face9/original/logo-web-Emporio-San-Marco.jpg,ANGAMOS #242,True,"valparaíso, metropolitana de santiago, lunes, viña del mar, las condes",,restaurante
banchile_768429d5-8840-4e2b-8231-d5dd7dcded1c,Banco de Chile,"visa-credito-infinite, visa-credito-signature, visa-credito-platinum",Fagotto,20,porcentaje,20% dcto.,"lunes, martes",,,30-Nov-2026,30-Nov-2026,Metropolitana,,,"local 6, Región Metropolitana, Región Metropolitana, Región Metropolitana, Región Metropolitana, Región Metropolitana, Región Metropolitana, Región Metropolitana, Región Metropolitana, Patio de Comidas Piso 2, Región Metropolitana, Región Metropolitana",0,0,Promoción válida hasta el 30 de noviembre de 2026. Exclusivo para clientes que paguen con Tarjetas emitidas por Banco de Chile (incluye Banco Edwards) y que soliciten el descuento al momento de...,False,False,2026-08-20T13:37:16.564250,https://sitiospublicos.bancochile.cl/personas/beneficios/detalle/fagotto,https://assets.bancochile.cl/uploads/000/076/791/327af68d-58dd-40ba-a063-6352a085cbfb/original/banner-web-Fagotto.jpg,https://assets.bancochile.cl/uploads/000/074/587/a1fcc07b-ce1a-44af-84e4-1e9d39f11408/original/logo-web-Fagotto.jpg,Agustinas 883,True,"metropolitana de santiago, providencia, lunes, martes, las condes, santiago, puente alto, estación central, segmentado",,restaurante
banchile_5213db95-331f-4db4-a59b-17d02094d646,Banco de Chile,"visa-credito-infinite, visa-credito-signature, visa-credito-platinum",Fuente Peruana,20,porcentaje,20% dcto.,martes,,,31-Dic-2026,31-Dic-2026,Tarapacá,,,Región de Tarapacá,0,0,Promoción válida hasta el 31 de diciembre de 2026. Exclusivo para clientes que paguen con Tarjetas emitidas por Banco de Chile (incluye Banco Edwards) y que soliciten el descuento al momento de...,False,True,2026-08-20T13:37:16.564309,https://sitiospublicos.bancochile.cl/personas/beneficios/detalle/fuente-peruana,https://assets.bancochile.cl/uploads/000/058/310/63c8cf83-bfb3-4314-8c9e-e6d627c34333/original/banner-web-Fuente-peruana.jpg,https://assets.bancochile.cl/uploads/000/057/054/0c325ec4-d0bd-4ad1-9d14-c94748dd3174/original/logo-web-Fuente-Peruana.jpg,Filomena Valenzuela 151-A,True,"martes, iquique, tarapacá",,restaurante
banchile_e4e14ce8-b1c2-4b32-9dd0-e85b95e86326,Banco de Chile,"visa-credito-infinite, visa-credito-signature, visa-credito-platinum",Fuente Talquina,20,porcentaje,20% dcto.,miercoles,,,30-Nov-2026,30-Nov-2026,Maule,,,Región del Maule,0,0,"Promoción válida hasta el 30 de noviembre de 2026. pagando con Tarjetas de Crédito y Débito VISA del Banco de Chile y Banco Edwards. Tope de descuento máximo $50.000 por mesa. No incluye propinas,...",False,False,2026-08-20T13:37:16.564325,https://sitiospublicos.bancochile.cl/personas/beneficios/detalle/fuente-talquina-dto,https://assets.bancochile.cl/uploads/000/042/097/04bdc228-106e-49ff-a931-2cb9a99e4285/original/banner-web-fuente.jpg,https://assets.bancochile.cl/uploads/000/042/096/2802a3f6-06c3-4c7f-be9d-66c8f696b02b/original/logo-web-fuentetalquina.jpg,Perquilauquén #80,True,"miercoles, maule, talca",,restaurante
banchile_c1629a1d-5cdd-4be2-978e-ee2ff86e1fa0,Banco de Chile,"visa-credito-infinite, visa-credito-signature, visa-credito-platinum",GALPÓN ALONSO,20,porcentaje,20% dcto.,"lunes, martes, miercoles",,,31-Dic-2026,31-Dic-2026,Metropolitana,,,RM,0,0,Promoción válida hasta el 31 de diciembre de 2026. Exclusivo para clientes que paguen con Tarjetas emitidas por Banco de Chile (incluye Banco Edwards) y que soliciten el descuento al momento de...,False,False,2026-08-20T13:37:16.564342,https://sitiospublicos.bancochile.cl/personas/beneficios/detalle/galpon-alonso,https://assets.bancochile.cl/uploads/000/042/648/fab9d741-577f-4cc9-a32e-927632588ed4/original/banner-web-galponalonso.jpg,https://assets.bancochile.cl/uploads/000/042/647/437c8ef3-dedc-4a17-9c2c-ee4f16dbab64/original/logo-web-galponalonso.jpg,Alonso de Córdova 2337,True,"descuentos-santiago, metropolitana de santiago, vitacura, lunes, martes, miercoles, las condes",,restaurante
banchile_33b31ae7-e0f8-46c9-be87-911d74442c59,Banco de Chile,"visa-credito-infinite, visa-credito-signature, visa-credito-platinum",Gloria Restobar,20,porcentaje,20% dcto.,"domingo, lunes, martes",,,31-Dic-2026,31-Dic-2026,Biobío,,,Región del Biobío,0,0,"Promoción válida hasta el 31 de diciembre de 2026. Exclusivo para clientes que paguen con Tarjetas emitidas por Banco de Chile, Banco Edwards y que soliciten el descuento al momento de pagar en...",False,False,2026-08-20T13:37:16.564378,https://sitiospublicos.bancochile.cl/personas/beneficios/detalle/gloria-restobar,https://assets.bancochile.cl/uploads/000/042/332/67e8cd88-3311-4d45-84f0-52ece9249e3c/original/banner-web-Gloria-Restobar.jpg,https://assets.bancochile.cl/uploads/000/042/331/72c4d796-d156-42f0-89cf-6c84f13d2f62/original/logo-web-Gloria-Restobar.jpg,AVDA. CRISTÓBAL COLÓN #8767,True,"domingo, lunes, martes, biobío, huelpen",,restaurante
banchile_8735c578-04f5-436b-9b9b-c7f601e9a88b,Banco de Chile,"visa-credito-infinite, visa-credito-signature, visa-credito-platinum",Gorilas,20,porcentaje,20% dcto.,jueves,,,31-Ago-2026,31-Ago-2026,Valparaíso,,,"Región Valparaíso, Región Valparaíso, Región Valparaíso, Región Valparaíso, local L5, Región Metropolitana",0,0,Promoción válida hasta el 31 de agosto de 2026. Exclusivo para clientes que paguen con Tarjetas emitidas por Banco de Chile (incluye Banco Edwards) y que soliciten el descuento al momento de pagar...,False,False,2026-08-20T13:37:16.564429,https://sitiospublicos.bancochile.cl/personas/beneficios/detalle/gorilas,https://assets.bancochile.cl/uploads/000/059/765/4b31f11e-43ea-4d88-b20a-7f4bbac88bae/original/banner-web-Gorilas.jpg,https://assets.bancochile.cl/uploads/000/059/764/21e5e79c-e825-43e2-8681-d966eafb5ae3/original/logo-web-Gorilas.jpg,Ruta 68 #1150,True,"valparaíso, metropolitana de santiago, concón, big5, jueves, viña del mar, las condes, quilpué, quillota, segmentado, curauma",,restaurante
banchile_ad47a793-8303-418f-a1f4-de78db28532a,Banco de Chile,"visa-credito-infinite, visa-credito-signature, visa-credito-platinum",Gratinata Pizza,20,porcentaje,20% dcto.,martes,,,31-Dic-2026,31-Dic-2026,Valparaíso,,,Región de Valparaíso,0,0,Promoción válida hasta el 31 de diciembre de 2026. Exclusivo para clientes que paguen con Tarjetas emitidas por Banco de Chile (incluye Banco Edwards) y que soliciten el descuento al momento de...,False,False,2026-08-20T13:37:16.564443,https://sitiospublicos.bancochile.cl/personas/beneficios/detalle/gratinata-pizza,https://assets.bancochile.cl/uploads/000/026/839/0939fad8-c7e1-4083-8a0b-13144f1bdcda/original/banner-web-Gratinata-Pizza.jpg,https://assets.bancochile.cl/uploads/000/026/838/33454c3c-8c5b-4e8a-8e86-a682eef46889/original/logo-web-Gratinata-Pizza.jpg,Av. José Tomas Urmeneta #612,True,"valparaíso, martes, limache",,restaurante
banchile_f186532e-1474-441e-b05a-d645e7dc0994,Banco de Chile,"visa-credito-infinite, visa-credito-signature, visa-credito-platinum",Hacienda el Llano,20,porcentaje,20% dcto.,"martes, miercoles",,,31-Dic-2026,31-Dic-2026,Metropolitana,,,Region Metropolitana,0,0,Promoción válida hasta el 31 de diciembre de 2026. Exclusivo para clientes que paguen con Tarjetas emitidas por Banco de Chile (incluye Banco Edwards) y que soliciten el descuento al momento de...,False,False,2026-08-20T13:37:16.564456,https://sitiospublicos.bancochile.cl/personas/beneficios/detalle/hacienda-el-llano,https://assets.bancochile.cl/uploads/000/026/996/df444d39-7be6-4ef0-ae46-8cd670fa13e9/original/banner-hacienda-llano.jpg,,Llano Subercaseuax 3151,True,"metropolitana de santiago, martes, miercoles, las condes",,restaurante
banchile_a4888648-4cb8-4900-be7e-eaf1fe84cc2f,Banco de Chile,"visa-credito-infinite, visa-credito-signature, visa-credito-platinum",Hangar,20,porcentaje,20% dcto.,"viernes, martes, jueves, miercoles",,,30-Nov-2026,30-Nov-2026,Coquimbo,,,La Serena,0,0,Promoción válida hasta el 30 de noviembre de 2026. Exclusivo para clientes que paguen con Tarjetas emitidas por Banco de Chile (incluye Banco Edwards) y que soliciten el descuento al momento de...,False,False,2026-08-20T13:37:16.564474,https://sitiospublicos.bancochile.cl/personas/beneficios/detalle/hangar-20dto,https://assets.bancochile.cl/uploads/000/076/372/a6efed2a-1c38-4315-9ccf-a48c112a0bbf/original/banner-web-Hangar.jpg,https://assets.bancochile.cl/uploads/000/076/371/60a9a12d-a9c1-478a-9481-ae5e6244f029/original/logo-web-Hangar.jpg,Hochstetter #397,True,"viernes, martes, jueves, miercoles, la serena, coquimbo, segmentado",,restaurante
banchile_cba72550-d6b8-4437-b495-be8ab7858522,Banco de Chile,"visa-credito-infinite, visa-credito-signature, visa-credito-platinum",Hidden Bar,20,porcentaje,20% dcto.,martes,,,30-Nov-2026,30-Nov-2026,Metropolitana,,,Región Metropolitana,0,0,Promoción válida hasta el 30 de noviembre de 2026. Exclusivo para clientes que paguen con Tarjetas emitidas por Banco de Chile y Banco Edwards y que soliciten el descuento al momento de pagar en...,False,False,2026-08-20T13:37:16.564509,https://sitiospublicos.bancochile.cl/personas/beneficios/detalle/hidden-bar-dto,https://assets.bancochile.cl/uploads/000/083/026/91f8b1b4-8903-446d-8b37-cbc7a5fbdfbc/original/banner-web-Hidden-Bar.jpg,https://assets.bancochile.cl/uploads/000/083/025/4fa81757-74cc-4c4b-9929-92a6d04ada0a/original/logo-web-Hidden-Bar.jpg,Baron Pierre de Coubertin #62,True,"metropolitana de santiago, martes, santiago",,restaurante
banchile_817c2a7d-a2ab-4ca8-af97-8b22383adf41,Banco de Chile,"visa-credito-infinite, visa-credito-signature, visa-credito-platinum",Inca Pecador,20,porcentaje,20% dcto.,"lunes, martes, miercoles",,,31-Dic-2026,31-Dic-2026,Los Lagos,,,"Región de Los Lagos, Región de Los Lagos",0,0,Promoción válida hasta el 31 de diciembre de 2026. Exclusivo para clientes que paguen con Tarjetas emitidas por Banco de Chile (incluye Banco Edwards) y que soliciten el descuento al momento de...,False,False,2026-08-20T13:37:16.564590,https://sitiospublicos.bancochile.cl/personas/beneficios/detalle/inca-pecador,https://assets.bancochile.cl/uploads/000/075/419/e7b66541-5eb8-4917-b706-ff716cd94dbc/original/banner-web-Inca-Pecador.jpg,https://assets.bancochile.cl/uploads/000/075/418/81c0719e-4fe9-4634-b146-be99b771c018/original/logo-web-Inca-Pecador.jpg,Barros Arana #1030,True,"lunes, martes, miercoles, los lagos, osorno, puerto varas",,restaurante
banchile_ed409736-be19-4828-a28a-7125a5576131,Banco de Chile,"visa-credito-infinite, visa-credito-signature, visa-credito-platinum",INFERNO BURGER,20,porcentaje,20% dcto.,"lunes, martes, miercoles",,,31-Dic-2026,31-Dic-2026,Metropolitana,,,RM,0,0,Promoción válida hasta el 31 de diciembre de 2026. Exclusivo para clientes que paguen con Tarjetas emitidas por Banco de Chile (incluye Banco Edwards) y que soliciten el descuento al momento de...,False,False,2026-08-20T13:37:16.564605,https://sitiospublicos.bancochile.cl/personas/beneficios/detalle/inferno-burger,https://assets.bancochile.cl/uploads/000/027/739/ad0fd438-1c70-48ff-8e7c-baefd603ad63/original/banner-web-INFERNO-BURGER.jpg,https://assets.bancochile.cl/uploads/000/027/738/3c3e4216-34c3-45e4-86cc-44b7d3528a02/original/logo-web-INFERNO-BURGER.jpg,Leonardo da vinci 7410,True,"lunes, martes, miercoles",,restaurante
banchile_e5646734-7461-4a14-9726-674dc2338c8b,Banco de Chile,"visa-credito-infinite, visa-credito-signature, visa-credito-platinum",Jardin Mahuzier,20,porcentaje,20% dcto.,jueves,,,31-Dic-2026,31-Dic-2026,Biobío,,,Región del Biobío,0,0,Promoción válida hasta el 31 de diciembre de 2026. Exclusivo para clientes que paguen con Tarjetas emitidas por Banco de Chile (incluye Banco Edwards) y que soliciten el descuento al momento de...,False,True,2026-08-20T13:37:16.564647,https://sitiospublicos.bancochile.cl/personas/beneficios/detalle/jardin-mahuzier,https://assets.bancochile.cl/uploads/000/042/516/5b91c5ac-2987-46a7-9e93-84dc5140f97c/original/banner-web-Jardin-Mahuzier.jpg,https://assets.bancochile.cl/uploads/000/042/515/458ca23c-2f28-4576-bfdc-d1802ad0f4c4/original/logo-web-Jardin-Mahuzier.jpg,Pedro de Valdivia #911 / Mahuzier,True,"jueves, concepción, biobío",,restaurante
banchile_e10d470c-d6a0-4d54-bc8c-d0e5ab776136,Banco de Chile,"visa-credito-infinite, visa-credito-signature, visa-credito-platinum",Jardín Marino,20,porcentaje,20% dcto.,"lunes, martes, miercoles",,,30-Sep-2026,30-Sep-2026,Biobío,,,Región del Biobío,0,0,Promoción válida hasta el 30 de septiembre de 2026. Exclusivo para clientes que paguen con Tarjetas emitidas por Banco de Chile (incluye Banco Edwards) y que soliciten el descuento al momento de...,False,False,2026-08-20T13:37:16.564664,https://sitiospublicos.bancochile.cl/personas/beneficios/detalle/jardin-marino,https://assets.bancochile.cl/uploads/000/042/425/28353184-8146-48ab-87c3-0331a9068f03/original/logo-web-Jard_n-Marino.jpg,https://assets.bancochile.cl/uploads/000/042/424/b3241d77-5d9b-4d7b-8e95-fcb814ce1929/original/logo-Jard_n-Marino.jpg,Avenida Prat s/n sector playa,True,"lunes, martes, miercoles, biobío, arauco, segmentado",,restaurante
banchile_d8dafa16-ebca-4dee-8077-f45c50f2ecb8,Banco de Chile,"visa-credito-infinite, visa-credito-signature, visa-credito-platinum",Kiara,20,porcentaje,20% dcto.,"lunes, martes, jueves, miercoles",,,31-Dic-2026,31-Dic-2026,Metropolitana,,,Región Metropolitana,0,0,Promoción válida hasta el 31 de diciembre de 2026. Exclusivo para clientes que paguen con Tarjetas emitidas por Banco de Chile (incluye Banco Edwards) y que soliciten el descuento al momento de...,False,False,2026-08-20T13:37:16.564680,https://sitiospublicos.bancochile.cl/personas/beneficios/detalle/kiara,https://assets.bancochile.cl/uploads/000/042/671/2fe22987-3a93-4cae-abe5-da3c1bc12177/original/banner-web-kiara.jpg,https://assets.bancochile.cl/uploads/000/042/670/38b5204c-2e41-4cb3-8e94-a405f827458d/original/logo-web-kiara.jpg,El Rodeo #13332,True,"metropolitana de santiago, lo barnechea, lunes, martes, jueves, miercoles",,restaurante
banchile_2f2e2542-86ea-485f-84db-f39e62abc850,Banco de Chile,"visa-credito-infinite, visa-credito-signature, visa-credito-platinum",LA BARRA CARTES,20,porcentaje,20% dcto.,"lunes, martes",,,31-Dic-2026,31-Dic-2026,Los Lagos,,,De los Lagos,0,0,Promoción válida hasta el 31 de diciembre de 2026. Exclusivo para clientes que paguen con Tarjetas emitidas por Banco de Chile (incluye Banco Edwards) y que soliciten el descuento al momento de...,False,True,2026-08-20T13:37:16.564697,https://sitiospublicos.bancochile.cl/personas/beneficios/detalle/la-barra-cartes,https://assets.bancochile.cl/uploads/000/026/814/8236aa75-fb5e-473e-9f3b-a9492d2ee20b/original/banner-web-LA-BARRA-CARTER.jpg,https://assets.bancochile.cl/uploads/000/026/813/45352c5a-3143-4e29-8eb7-da059afd9040/original/logo-web-LA-BARRA-CARTER.jpg,Arturo Prat 745,True,"descuentos-regiones, lunes, martes, los lagos, osorno",,restaurante
banchile_0b2289d9-d36a-427f-b19e-192f69048b46,Banco de Chile,"visa-credito-infinite, visa-credito-signature, visa-credito-platinum",La Bonaerense,20,porcentaje,20% dcto.,todos,,,30-Sep-2026,30-Sep-2026,Metropolitana,,,Americo Vespucio 1737,0,0,Promoción válida hasta el 30 de septiembre de 2026. Exclusivo para clientes que paguen con Tarjetas emitidas por Banco de Chile (incluye Banco Edwards) y que soliciten el descuento al momento de...,False,False,2026-08-20T13:37:16.564712,https://sitiospublicos.bancochile.cl/personas/beneficios/detalle/la-bonaerense,https://assets.bancochile.cl/uploads/000/042/373/76298a18-b998-40f5-90a0-3cffc5cf808e/original/header-bonaerense.jpg,https://assets.bancochile.cl/uploads/000/058/185/d4d581ba-4cf7-4d6a-ba90-646357b0933a/original/logo-web-Bonaerense.jpg,Local TE 108,True,"metropolitana de santiago, huechuraba",,restaurante
banchile_ae07dde4-8ad2-4f50-8f73-74c06e114478,Banco de Chile,"visa-credito-infinite, visa-credito-signature, visa-credito-platinum",La Casona Belga,15,porcentaje,15% dcto.,"sabado, martes",,,31-Dic-2026,31-Dic-2026,Aysén,,,Región de Aysén,0,0,Promoción válida hasta el 31 de diciembre de 2026. Exclusivo para clientes que paguen con Tarjetas emitidas por Banco de Chile (incluye Banco Edwards) y que soliciten el descuento al momento de...,False,True,2026-08-20T13:37:16.564728,https://sitiospublicos.bancochile.cl/personas/beneficios/detalle/casona-belga,https://assets.bancochile.cl/uploads/000/054/811/779cc196-f99a-47fa-8289-8cfa20ddde22/original/banner-web-CASONA-BELGA.jpg,https://assets.bancochile.cl/uploads/000/054/812/106143d2-b3c8-47e7-808c-9630aac6d606/original/logo-web-CASONA-BELGA.jpg,Bernardo OHiggins #895,True,"sabado, martes, aysén del general carlos ibáñez del campo, chilechico",,restaurante
banchile_6b562a17-c6ef-4567-ace6-288ff6e4f9c1,Banco de Chile,"visa-credito-infinite, visa-credito-signature, visa-credito-platinum",La Casona del Ají,20,porcentaje,20% dcto.,"lunes, martes, jueves, miercoles",,,31-Dic-2026,31-Dic-2026,Metropolitana,,,Región Metropolitana,0,0,Promoción válida hasta el 31 de diciembre de 2026. Exclusivo para clientes que paguen con Tarjetas emitidas por Banco de Chile (incluye Banco Edwards) y que soliciten el descuento al momento de...,False,True,2026-08-20T13:37:16.564743,https://sitiospublicos.bancochile.cl/personas/beneficios/detalle/casona-del-aji,https://assets.bancochile.cl/uploads/000/055/247/d9314528-b19d-4d83-a37d-af2a08ddeb61/original/banner-web-Casona-del-Aj_.jpg,https://assets.bancochile.cl/uploads/000/055/246/742ddcc8-026e-4602-b8f2-2c6881ca9284/original/logo-web-Casona-del-Aj_.jpg,AV. MANUEL MONTT #652,True,"metropolitana de santiago, providencia, lunes, martes, jueves, miercoles",,restaurante
banchile_fd0594d8-dd3b-4bb0-8ffc-c81ff328e326,Banco de Chile,"visa-credito-infinite, visa-credito-signature, visa-credito-platinum",La Cevichería,15,porcentaje,15% dcto.,jueves,,,30-Nov-2026,30-Nov-2026,Los Lagos,,,Región de Los Lagos,0,0,"Promoción válida hasta el 30 de noviembre de 2026. Exclusivo para clientes que paguen con Tarjetas emitidas por Banco de Chile, Banco Edwards y que soliciten el descuento al momento de pagar en...",False,True,2026-08-20T13:37:16.564759,https://sitiospublicos.bancochile.cl/personas/beneficios/detalle/la-cevicheria,https://assets.bancochile.cl/uploads/000/042/683/ba6fb7f7-1ac0-494c-a899-3cfd3c7d5df1/original/banner-web-La-Cevicher_a.jpg,https://assets.bancochile.cl/uploads/000/042/682/89388110-9145-412c-b3aa-f51ac9248274/original/logo-web-La-Cevicher_a.jpg,Ruta 5 Sur #2053,True,"castro, jueves, los lagos",,restaurante
banchile_98c79af5-2cea-4893-b5d1-8984fc41d620,Banco de Chile,"visa-credito-infinite, visa-credito-signature, visa-credito-platinum",La Crew,20,porcentaje,20% dcto.,"lunes, martes, jueves, miercoles",,,30-Sep-2026,30-Sep-2026,Tarapacá,,,Región de Tarapacá,0,0,Promoción válida hasta el 30 de septiembre de 2026. Exclusivo para clientes que paguen con Tarjetas emitidas por Banco de Chile (incluye Banco Edwards) y que soliciten el descuento al momento de...,False,False,2026-08-20T13:37:16.564778,https://sitiospublicos.bancochile.cl/personas/beneficios/detalle/la-crew-dto,https://assets.bancochile.cl/uploads/000/054/666/f9adccd9-7dd8-4aab-9a5c-2cc143d62b79/original/banner-web-La-Crew.jpg,https://assets.bancochile.cl/uploads/000/054/665/0c8ff266-5a7d-4cca-8b16-1109a5f4604f/original/logo-web-La-Crew.jpg,Tomás Bonilla B. 917,True,"lunes, martes, jueves, miercoles, iquique, tarapacá",,restaurante
banchile_b9a4b0a0-2201-49a0-832e-554b6af6b15f,Banco de Chile,"visa-credito-infinite, visa-credito-signature, visa-credito-platinum",La Divina Comida,20,porcentaje,20% dcto.,"viernes, miercoles",,,31-Dic-2026,31-Dic-2026,Metropolitana,,,Región Metropolitana,0,0,"Promoción válida hasta el 31 de diciembre de 2026. Exclusivo para clientes que paguen con Tarjetas emitidas por Banco de Chile, Banco Edwards y que soliciten el descuento al momento de pagar en...",False,False,2026-08-20T13:37:16.564799,https://sitiospublicos.bancochile.cl/personas/beneficios/detalle/la-divina-comida,https://assets.bancochile.cl/uploads/000/042/535/26565bf5-586a-4533-9fff-f6206d10c6a8/original/banner-web-divinacomida.jpg,https://assets.bancochile.cl/uploads/000/042/534/ce154c48-dec1-4e26-b6df-b82fc14d31ae/original/logo-web-divinacomida.jpg,Los Patos #13735,True,"metropolitana de santiago, viernes, lo barnechea, miercoles",,restaurante
banchile_6fdd9947-bd9f-4b57-8f1f-2a06a7aaab73,Banco de Chile,"visa-credito-infinite, visa-credito-signature, visa-credito-platinum",La Joya Cantina & Sanguches,20,porcentaje,20% dcto.,"domingo, lunes",,,31-Dic-2026,31-Dic-2026,Valparaíso,,,Región de Valparaíso,0,0,Promoción válida hasta el 31 de diciembre de 2026. Exclusivo para clientes que paguen con Tarjetas emitidas por Banco de Chile (incluye Banco Edwards) y que soliciten el descuento al momento de...,False,True,2026-08-20T13:37:16.564835,https://sitiospublicos.bancochile.cl/personas/beneficios/detalle/la-joya-cantina-sanguches,https://assets.bancochile.cl/uploads/000/042/739/a6ae4835-ce05-4846-b347-03d4d305aee0/original/banner-web-La-Joya-Cantina.jpg,https://assets.bancochile.cl/uploads/000/042/738/fbf89208-dc0f-4c58-84d2-6f4611de4eab/original/logo-web-La-Joya-Cantina.jpg,EUSEBIO LILLO #200,True,"valparaíso, domingo, lunes",,restaurante
banchile_b075b6fa-aaf2-490c-a6a2-b21fc2747e92,Banco de Chile,"visa-credito-infinite, visa-credito-signature, visa-credito-platinum",LA JUANA,15,porcentaje,15% dcto.,"lunes, martes, miercoles",,,31-Dic-2026,31-Dic-2026,Tarapacá,,,#2034,0,0,"Promoción válida hasta el 31 de diciembre de 2026. Exclusivo para clientes que paguen con Tarjetas emitidas por Banco de Chile, Banco Edwards y que soliciten el descuento al momento de pagar. No...",False,False,2026-08-20T13:37:16.564855,https://sitiospublicos.bancochile.cl/personas/beneficios/detalle/la-juana,https://assets.bancochile.cl/uploads/000/042/560/9856245d-ce1e-49da-84eb-da098ed139e1/original/banner-juana.jpg,https://assets.bancochile.cl/uploads/000/042/559/dcc00cae-5a85-4da1-9fc5-d0190c5aae35/original/logo-lajuana.jpg,Amunategui&nbsp,True,"destacado-del-mes, descuentos-regiones, lunes, martes, miercoles, iquique, tarapacá",,restaurante
banchile_841a0176-5fdc-483f-9da7-0807a298d79e,Banco de Chile,"visa-credito-infinite, visa-credito-signature, visa-credito-platinum",LA MURTA,20,porcentaje,20% dcto.,"viernes, domingo, sabado",,,30-Sep-2026,30-Sep-2026,Metropolitana,,,Región Metropolitana,0,0,Promoción válida hasta el 30 de septiembre de 2026. Exclusivo para clientes que paguen con Tarjetas emitidas por Banco de Chile (incluye Banco Edwards) y que soliciten el descuento al momento de...,False,False,2026-08-20T13:37:16.564871,https://sitiospublicos.bancochile.cl/personas/beneficios/detalle/la-murta,https://assets.bancochile.cl/uploads/000/026/480/adda81bf-a979-492b-94db-e8a2939d298d/original/banner-web-LA-MURTA.jpg,https://assets.bancochile.cl/uploads/000/026/479/4db709a3-7c87-4aa5-bb32-02977d6b6279/original/logo-web-LA-MURTA.jpg,Holanda #222,True,"metropolitana de santiago, providencia, viernes, domingo, sabado",,restaurante
banchile_66e555f8-ad8b-4140-b94d-cc37b2087f7c,Banco de Chile,"visa-credito-infinite, visa-credito-signature, visa-credito-platinum",La Resistencia,20,porcentaje,20% dcto.,"viernes, sabado, lunes, martes, jueves, miercoles",,,31-Dic-2026,31-Dic-2026,Metropolitana,,Providencia,Local 1 Galería Drugstore,0,0,Promoción válida hasta el 31 de diciembre de 2026. Exclusivo para clientes que paguen con Tarjetas emitidas por Banco de Chile y Banco Edwards y que soliciten el descuento al momento de pagar en...,False,False,2026-08-20T13:37:16.564890,https://sitiospublicos.bancochile.cl/personas/beneficios/detalle/la-resistencia,https://assets.bancochile.cl/uploads/000/042/441/fc5e8ded-dd0e-4eda-9630-dcc6768ca49c/original/banner-web-laresistencia.jpg,https://assets.bancochile.cl/uploads/000/078/780/5be7b03c-7bba-4428-8e97-f82228cab4a8/original/logo-web-resistencia.jpg,Providencia #2124,True,"viernes, sabado, lunes, martes, jueves, miercoles",,restaurante
banchile_037ba98a-b9a9-45cd-8d1b-3f964a0b7341,Banco de Chile,"visa-credito-infinite, visa-credito-signature, visa-credito-platinum",LAM BURGUESA,20,porcentaje,20% dcto.,"viernes, domingo, sabado, lunes, martes, jueves, miercoles",,,31-Dic-2026,31-Dic-2026,Metropolitana,,,,0,0,Promoción válida hasta el 31 de diciembre de 2026. Exclusivo para clientes que paguen con Tarjetas emitidas por Banco de Chile (incluye Banco Edwards) y que soliciten el descuento al momento de...,False,False,2026-08-20T13:37:16.564919,https://sitiospublicos.bancochile.cl/personas/beneficios/detalle/lam-burguesa,https://assets.bancochile.cl/uploads/000/035/286/f212447e-c4eb-4245-81bb-c83778f85eeb/original/banner-web-LAM-BURGUESA.jpg,https://assets.bancochile.cl/uploads/000/042/720/9535958c-5fe7-4113-812b-245f149b9034/original/logo-web-LAM-BURGUESA.jpg,,True,"destacado-del-mes, viernes, domingo, sabado, lunes, martes, jueves, miercoles, santiago",,restaurante
banchile_fbfa7e33-7a3b-48c4-94b3-8cfaca07ff76,Banco de Chile,"visa-credito-infinite, visa-credito-signature, visa-credito-platinum",Le Rouge,20,porcentaje,20% dcto.,"lunes, martes, miercoles",,,31-Dic-2026,31-Dic-2026,Valparaíso,,,Local 7,0,0,Promoción válida hasta el 31 de diciembre de 2026. Exclusivo para clientes que paguen con Tarjetas emitidas por Banco de Chile y Banco Edwards y que soliciten el descuento al momento de pagar en...,False,False,2026-08-20T13:37:16.564956,https://sitiospublicos.bancochile.cl/personas/beneficios/detalle/le-rouge,https://assets.bancochile.cl/uploads/000/087/577/08b01650-2174-4b45-a76d-a47594fe9ce7/original/banner-web-Le-Rouge.jpg,https://assets.bancochile.cl/uploads/000/087/578/b6f44301-0dc6-4e41-b62b-bd31dfc06b35/original/logo-web-Le-Rouge.jpg,Avenida Blanca Estela #58,True,"valparaíso, concón, lunes, martes, miercoles",,restaurante
banchile_ce77e1a2-302f-47d2-8145-b63d1041e063,Banco de Chile,"visa-credito-infinite, visa-credito-signature, visa-credito-platinum",Lila Restaurant,20,porcentaje,20% dcto.,"viernes, domingo, sabado",,,31-Ene-2027,31-Ene-2027,Metropolitana,,,Región Metropolitana,0,0,Promoción válida hasta el 31 de enero de 2027. Exclusivo para clientes que paguen con Tarjetas emitidas por Banco de Chile y Banco Edwards y que soliciten el descuento al momento de pagar en...,False,False,2026-08-20T13:37:16.564971,https://sitiospublicos.bancochile.cl/personas/beneficios/detalle/lila-restaurant,https://assets.bancochile.cl/uploads/000/085/274/8444f3fc-f3ed-4238-9eaf-2bf2f5e7f707/original/banner-web-Lila-Restaurant.jpg,https://assets.bancochile.cl/uploads/000/085/273/20740f81-9fc0-4a4b-81f0-c779cf40cf01/original/logo-web-Lila-Restaurant.jpg,Roger de Flor #2770,True,"metropolitana de santiago, viernes, domingo, sabado, las condes",,restaurante
banchile_e8ae4606-fd36-4e6b-b3ac-f390cf060fc3,Banco de Chile,"visa-credito-infinite, visa-credito-signature, visa-credito-platinum",Los Hornitos,30,porcentaje,30% dcto.,miercoles,,,30-Nov-2026,30-Nov-2026,Metropolitana,,,Región Metropolitana,0,0,"Promoción válida hasta el 30 de noviembre de 2026. Exclusivo para clientes que paguen con Tarjetas emitidas por Banco de Chile, Banco Edwards y que soliciten el descuento al momento de pagar en...",False,True,2026-08-20T13:37:16.565030,https://sitiospublicos.bancochile.cl/personas/beneficios/detalle/los-hornitos,https://assets.bancochile.cl/uploads/000/042/663/7bd471d9-43db-4652-8e61-4900742be3da/original/banner-web-Los-Hornitos.jpg,https://assets.bancochile.cl/uploads/000/042/662/b3eff889-809d-420a-bc85-9579146ab3f5/original/logo-web-Los-Hornitos.jpg,"Ruta 68 Km 48,5",True,"miercoles, santiago, curacavi",,restaurante
banchile_c754485d-fec5-4190-8b69-4641814c6791,Banco de Chile,"visa-credito-infinite, visa-credito-signature, visa-credito-platinum",MAESTRIA,20,porcentaje,20% dcto.,"lunes, jueves",,,31-Dic-2026,31-Dic-2026,Valparaíso,,,Av. Borgoño 13955,0,0,Promoción válida hasta el 31 de diciembre de 2026. Exclusivo para clientes que paguen con Tarjetas emitidas por Banco de Chile (incluye Banco Edwards) y que soliciten el descuento al momento de...,False,True,2026-08-20T13:37:16.565078,https://sitiospublicos.bancochile.cl/personas/beneficios/detalle/maestria,https://assets.bancochile.cl/uploads/000/027/747/21fcacd0-f901-48c2-ade9-9103561c3fbf/original/banner-web-MAESTRIA.jpg,https://assets.bancochile.cl/uploads/000/027/746/a0a325b3-0a18-4697-a5cc-053f4a8a9be5/original/logo-web-MAESTRIA.jpg,Local 4,True,"valparaíso, lunes, jueves, viña del mar",,restaurante
banchile_13c9bf7c-2564-4ac7-a833-f13666d51aad,Banco de Chile,"visa-credito-infinite, visa-credito-signature, visa-credito-platinum",MALDITO ARROZ,20,porcentaje,20% dcto.,"lunes, martes",,,31-Dic-2026,31-Dic-2026,Metropolitana,,,Av.Nueva Las Condes 12265,0,0,Promoción válida hasta el 31 de diciembre de 2026. Exclusivo para clientes que paguen con Tarjetas emitidas por Banco de Chile (incluye Banco Edwards) y que soliciten el descuento al momento de...,False,False,2026-08-20T13:37:16.565093,https://sitiospublicos.bancochile.cl/personas/beneficios/detalle/maldito-arroz,https://assets.bancochile.cl/uploads/000/027/721/dcf82c21-b0fe-40f4-9f1a-a799ae0d5659/original/banner-web-MALDITO-ARROZ.jpg,https://assets.bancochile.cl/uploads/000/027/720/83bb5187-e7a6-4ef6-b0fc-e7c76e1fd15b/original/logo-web-MALDITO-ARROZ.jpg,local 71,True,"metropolitana de santiago, lunes, martes, las condes",,restaurante
banchile_13912b28-a508-4870-b43d-340e00256008,Banco de Chile,"visa-credito-infinite, visa-credito-signature, visa-credito-platinum",MALEVOLO PIZZA,20,porcentaje,20% dcto.,"lunes, martes, miercoles",,,31-Dic-2026,31-Dic-2026,Metropolitana,,,RM,0,0,Promoción válida hasta el 31 de diciembre de 2026. Exclusivo para clientes que paguen con Tarjetas emitidas por Banco de Chile (incluye Banco Edwards) y que soliciten el descuento al momento de...,False,False,2026-08-20T13:37:16.565107,https://sitiospublicos.bancochile.cl/personas/beneficios/detalle/malevolo-pizza,https://assets.bancochile.cl/uploads/000/027/741/f1467db0-c4ac-4582-a427-72f677900302/original/banner-web-MALEVOLO-PIZZA.jpg,https://assets.bancochile.cl/uploads/000/027/740/8124edb8-380c-4f0d-9c0e-06b2805f74dd/original/logo-web-MALEVOLO-PIZZA.jpg,Leonardo da vinci 7410,True,"metropolitana de santiago, lunes, martes, miercoles, las condes",,restaurante
banchile_0f1573be-3124-4ce7-b5b9-424dec66b761,Banco de Chile,"visa-credito-infinite, visa-credito-signature, visa-credito-platinum",Mandala Food & Bar,20,porcentaje,20% dcto.,"viernes, sabado, lunes, martes, jueves, miercoles",,,30-Sep-2026,30-Sep-2026,Metropolitana,,,Región Metropolitana,0,0,Promoción válida hasta el 30 de septiembre de 2026. Exclusivo para clientes que paguen con Tarjetas emitidas por Banco de Chile (incluye Banco Edwards) y que soliciten el descuento al momento de...,False,False,2026-08-20T13:37:16.565123,https://sitiospublicos.bancochile.cl/personas/beneficios/detalle/mandala-food-and-bar,https://assets.bancochile.cl/uploads/000/055/265/ecae1cf1-f0a8-4427-936a-7a2ec8241638/original/banner-web-Mandala-Food-_-Bar.jpg,https://assets.bancochile.cl/uploads/000/055/264/632b4604-d14d-43cf-8ed2-70964f9577b7/original/logo-web-mandala-v3.jpg,Carlos Antunez #1823,True,"metropolitana de santiago, providencia, viernes, sabado, lunes, martes, jueves, miercoles, segmentado",,restaurante
banchile_a440d96f-b78e-4a2f-8561-ead604db3bbe,Banco de Chile,"visa-credito-infinite, visa-credito-signature, visa-credito-platinum",Margarita Bar,20,porcentaje,20% dcto.,"lunes, miercoles",,,31-Dic-2026,31-Dic-2026,Biobío,,,Región del Biobío,0,0,Promoción válida hasta el 31 de diciembre de 2026. Exclusivo para clientes que paguen con Tarjetas emitidas por Banco de Chile y Banco Edwards y que soliciten el descuento al momento de pagar en...,False,False,2026-08-20T13:37:16.565154,https://sitiospublicos.bancochile.cl/personas/beneficios/detalle/margarita-bar,https://assets.bancochile.cl/uploads/000/026/978/54c14dca-0153-49cb-8250-12386255601f/original/banner_web_margarita_bar_bch.jpg,https://assets.bancochile.cl/uploads/000/026/977/f185bf70-e2aa-4483-a88b-fac717f588be/original/logo_web_margarita_bar_bch.jpg,Piacavi #284,True,"lunes, miercoles, concepción, biobío",,restaurante
banchile_6697fa26-7d24-407a-8f40-f84a15f49e99,Banco de Chile,"visa-credito-infinite, visa-credito-signature, visa-credito-platinum",Matureo,20,porcentaje,20% dcto.,"sabado, lunes, martes, miercoles",,,31-Ago-2026,31-Ago-2026,Los Lagos,,,Región de los Lagos,0,0,Promoción válida hasta el 31 de agosto de 2026. Exclusivo para clientes que paguen con Tarjetas emitidas por Banco de Chile y Banco Edwards y que soliciten el descuento al momento de pagar en...,False,False,2026-08-20T13:37:16.827372,https://sitiospublicos.bancochile.cl/personas/beneficios/detalle/matureo,https://assets.bancochile.cl/uploads/000/085/261/f612b819-fe67-4cf4-91ed-b279cabb1802/original/banner-web-Matureo.jpg,https://assets.bancochile.cl/uploads/000/085/260/922f960f-1cfd-4d30-96c6-6b27e6d7728f/original/logo-web-Matureo.jpg,Conrado Amthauer #1076,True,"sabado, lunes, martes, miercoles, los lagos, osorno",,restaurante
banchile_407c738d-44e0-4828-8a5e-743e2fb9383d,Banco de Chile,"visa-credito-infinite, visa-credito-signature, visa-credito-platinum",Maurice,20,porcentaje,20% dcto.,"viernes, lunes, martes, jueves, miercoles",,,31-Dic-2026,31-Dic-2026,Tarapacá,,,Región de Tarapacá,0,0,"Promoción válida hasta el 31 de diciembre de 2026. Exclusivo para clientes que paguen con Tarjetas emitidas por Banco de Chile, Banco Edwards y que soliciten el descuento al momento de pagar en...",False,False,2026-08-20T13:37:16.827418,https://sitiospublicos.bancochile.cl/personas/beneficios/detalle/maurice,https://assets.bancochile.cl/uploads/000/042/413/55198b70-996b-4a76-9bc6-18111e806272/original/banner-web-Maurice.jpg,https://assets.bancochile.cl/uploads/000/042/412/36320751-0a9c-405f-a18a-d051df75f33a/original/logo-web-Maurice.jpg,Filomena Valenzuela 125-A,True,"viernes, lunes, martes, jueves, miercoles, iquique, tarapacá, segmentado",,restaurante
banchile_646f08bf-6106-4f40-989c-26583c348ea3,Banco de Chile,"visa-credito-infinite, visa-credito-signature, visa-credito-platinum",Mediterran,15,porcentaje,15% dcto.,miercoles,,,30-Nov-2026,30-Nov-2026,Los Lagos,,,Región de Los Lagos,0,0,"Promoción válida hasta el 30 de noviembre de 2026. Exclusivo para clientes que paguen con Tarjetas emitidas por Banco de Chile, Banco Edwards y que soliciten el descuento al momento de pagar en...",False,True,2026-08-20T13:37:16.827497,https://sitiospublicos.bancochile.cl/personas/beneficios/detalle/mediterran,https://assets.bancochile.cl/uploads/000/042/679/52ac4653-2f71-4106-8fed-ff7d7a513398/original/banner-web-MEDITERRAN.jpg,https://assets.bancochile.cl/uploads/000/042/678/88e84461-4578-410c-961d-fc1d6e8defed/original/logo-web-MEDITERRAN.jpg,Ruta 5 Sur #2053,True,"castro, miercoles, los lagos",,restaurante
banchile_b61c16a9-8cf5-4872-bf7b-1830a9614ca1,Banco de Chile,"visa-credito-infinite, visa-credito-signature, visa-credito-platinum",MIRO,20,porcentaje,20% dcto.,martes,,,30-Sep-2026,30-Sep-2026,Valparaíso,,,"Región de Valparaíso, Región de Valparaíso",0,0,Promoción válida hasta el 30 de septiembre de 2026. Exclusivo para clientes que paguen con Tarjetas emitidas por Banco de Chile (incluye Banco Edwards) y que soliciten el descuento al momento de...,False,True,2026-08-20T13:37:16.827545,https://sitiospublicos.bancochile.cl/personas/beneficios/detalle/miro,https://assets.bancochile.cl/uploads/000/042/810/e9ce42bf-8675-4ad9-badc-15cca6a1535c/original/logo-web-MIRO.jpg,https://assets.bancochile.cl/uploads/000/042/809/16e25584-1aa8-4bec-88fc-d3fa3cd8b5b2/original/logo-web-miro.jpg,13 NORTE #810,True,"valparaíso, martes, viña del mar",,restaurante
banchile_11b6f7ba-0e0e-4b7d-9c78-4a981d2ac242,Banco de Chile,"visa-credito-infinite, visa-credito-signature, visa-credito-platinum",Misceláneo Bar,20,porcentaje,20% dcto.,martes,,,31-Dic-2026,31-Dic-2026,Metropolitana,,,local 15,0,0,Promoción válida hasta el 31 de diciembre de 2026. Exclusivo para clientes que paguen con Tarjetas emitidas por Banco de Chile y Banco Edwards y que soliciten el descuento al momento de pagar en...,False,False,2026-08-20T13:37:16.827561,https://sitiospublicos.bancochile.cl/personas/beneficios/detalle/miscelaneo-bar-visa-dto,https://assets.bancochile.cl/uploads/000/079/841/fd073f8d-ff8b-4a44-84fb-16f9481b22db/original/banner-web-Miscelaneo-Bar.jpg,https://assets.bancochile.cl/uploads/000/079/840/4061906d-9bc8-452f-b4e1-128cdcb7357c/original/logo-web-Miscelaneo-Bar.jpg,Santa María #5870,True,"metropolitana de santiago, vitacura, martes",,restaurante
banchile_446991ab-688e-4f5d-9bf4-fb1497e0c9a1,Banco de Chile,"visa-credito-infinite, visa-credito-signature, visa-credito-platinum",Mr Smashed,20,porcentaje,20% dcto.,"viernes, domingo, sabado, lunes, martes, jueves, miercoles",,,31-Dic-2026,31-Dic-2026,Valparaíso,,,Región de Valparaíso,0,0,"Promoción válida hasta el 31 de diciembre de 2026. Exclusivo para clientes que paguen con Tarjetas emitidas por Banco de Chile, Banco Edwards y que soliciten el descuento al momento de pagar en...",False,False,2026-08-20T13:37:16.827599,https://sitiospublicos.bancochile.cl/personas/beneficios/detalle/mr-smashed,https://assets.bancochile.cl/uploads/000/043/331/f3019bb4-7d88-4ac7-a158-3ef76854820d/original/banner-web-Mr-Smashed.jpg,https://assets.bancochile.cl/uploads/000/043/330/871d1c9b-0c2f-49e4-a7b7-c9ac5d406543/original/logo-web-Mr-Smashed.jpg,7 NORTE #1026,True,"valparaíso, viernes, domingo, sabado, lunes, martes, jueves, miercoles, viña del mar",,restaurante
banchile_26d07cf0-6b7d-469a-888b-62db1ad29bd6,Banco de Chile,"visa-credito-infinite, visa-credito-signature, visa-credito-platinum",MUM,20,porcentaje,20% dcto.,"viernes, domingo, sabado, lunes, martes, jueves, miercoles",,,31-Dic-2026,31-Dic-2026,Metropolitana,,,Región Metropolitana,0,0,Promoción válida hasta el 31 de diciembre de 2026. Exclusivo para clientes que paguen con Tarjetas emitidas por Banco de Chile y Banco Edwards y que soliciten el descuento al momento de pagar en...,False,False,2026-08-20T13:37:16.827660,https://sitiospublicos.bancochile.cl/personas/beneficios/detalle/mum,https://assets.bancochile.cl/uploads/000/089/921/3fc433c9-7ca3-42b1-9a58-5b15726935ac/original/banner-web-MUM.jpg,https://assets.bancochile.cl/uploads/000/089/922/5c9a6f5d-036d-4c6f-a34b-d537dfa9918d/original/logo-web-MUM.jpg,Carmencita #45,True,"metropolitana de santiago, viernes, domingo, sabado, lunes, martes, jueves, miercoles, las condes",,restaurante
banchile_92483baa-b1eb-4411-beea-637f1fbad886,Banco de Chile,"visa-credito-infinite, visa-credito-signature, visa-credito-platinum",New City,20,porcentaje,20% dcto.,"viernes, domingo, sabado, lunes, martes, jueves, miercoles",,,31-Dic-2026,31-Dic-2026,Coquimbo,,,Región de Coquimbo,0,0,Promoción válida hasta el 31 de diciembre de 2026. Exclusivo para clientes que paguen con Tarjetas emitidas por Banco de Chile (incluye Banco Edwards) y que soliciten el descuento al momento de...,False,False,2026-08-20T13:37:16.827722,https://sitiospublicos.bancochile.cl/personas/beneficios/detalle/new-city-dto,https://assets.bancochile.cl/uploads/000/042/134/352aad70-b018-4ee6-821d-a50609b8670d/original/baner-web-New-City.jpg,https://assets.bancochile.cl/uploads/000/052/801/34b3c47e-d9ec-4156-a328-0fd66d0cb56d/original/logo-web-new-city.jpg,Av el santo #1660,True,"viernes, domingo, sabado, lunes, martes, jueves, miercoles, la serena, coquimbo",,restaurante
banchile_403c9ae6-3b71-49a0-b603-84e7c67214a9,Banco de Chile,"visa-credito-infinite, visa-credito-signature, visa-credito-platinum",Nikkei 419,20,porcentaje,20% dcto.,"lunes, martes, miercoles",,,30-Sep-2026,30-Sep-2026,Valparaíso,,,Región de Valparaiso,0,0,Promoción válida hasta el 30 de septiembre de 2026. Exclusivo para clientes que paguen con Tarjetas emitidas por Banco de Chile (incluye Banco Edwards) y que soliciten el descuento al momento de...,False,False,2026-08-20T13:37:16.827742,https://sitiospublicos.bancochile.cl/personas/beneficios/detalle/nikkei-419-dto,https://assets.bancochile.cl/uploads/000/056/245/bf819a5a-2eaf-4aed-ae9f-e39b9ef2a756/original/banner-web-NIKKEI-419.jpg,https://assets.bancochile.cl/uploads/000/056/244/da39e64d-989d-4834-bc17-5187ac07dd92/original/logo-web-NIKKEI-419.jpg,Av. San Martín #419,True,"valparaíso, lunes, martes, miercoles, viña del mar",,restaurante
banchile_dabadc7c-cd72-42fa-bb43-d13faea8b81e,Banco de Chile,"visa-credito-infinite, visa-credito-signature, visa-credito-platinum",Nosu,20,porcentaje,20% dcto.,"viernes, domingo, sabado, lunes, martes, jueves, miercoles",,,31-Dic-2026,31-Dic-2026,Metropolitana,,Vitacura,Región Metropolitana,0,0,Promoción válida hasta el 31 de diciembre de 2026. Exclusivo para clientes que paguen con Tarjetas emitidas por Banco de Chile (incluye Banco Edwards) y que soliciten el descuento al momento de...,False,False,2026-08-20T13:37:16.827760,https://sitiospublicos.bancochile.cl/personas/beneficios/detalle/nosu-restaurant,https://assets.bancochile.cl/uploads/000/055/713/59b20246-5a9f-40b4-b372-5cb2b2377762/original/banner-web-Nosu.jpg,https://assets.bancochile.cl/uploads/000/055/712/9ad7b375-de45-49eb-bfc5-295ad42a58f8/original/logo-web-Nosu.jpg,Av Vitacura #3600,True,"metropolitana de santiago, viernes, domingo, sabado, vitacura, lunes, martes, jueves, miercoles, segmentado",,restaurante
banchile_288720db-5fe9-4b6a-aa60-020bea453209,Banco de Chile,"visa-credito-infinite, visa-credito-signature, visa-credito-platinum",Nuna Restaurante,15,porcentaje,15% dcto.,"viernes, domingo, sabado, lunes, martes, jueves, miercoles",,,30-Oct-2026,30-Oct-2026,Metropolitana,,,Región Metropolitana,0,0,Promoción válida hasta el 30 de octubre de 2026. Exclusivo para clientes que paguen con Tarjetas emitidas por Banco de Chile (incluye Banco Edwards) y que soliciten el descuento al momento de...,False,True,2026-08-20T13:37:16.827777,https://sitiospublicos.bancochile.cl/personas/beneficios/detalle/nuna-restaurante,https://assets.bancochile.cl/uploads/000/073/612/3c1f3d7a-964f-44a1-85d0-7ac24eca80f8/original/banner-web-Nuna-Restaurante.jpg,https://assets.bancochile.cl/uploads/000/073/611/e95936fc-4355-4d2f-839b-0108e508ece9/original/logo-web-Nuna-Restaurante.jpg,Alonso de Cordova #5199,True,"metropolitana de santiago, viernes, domingo, sabado, lunes, martes, jueves, miercoles, las condes, segmentado",,restaurante
banchile_f7b40388-f686-418b-8cd4-4bb3235c10d5,Banco de Chile,"visa-credito-infinite, visa-credito-signature, visa-credito-platinum",Olivia Cuccina Italiana,20,porcentaje,20% dcto.,"viernes, domingo, sabado, lunes, martes, jueves, miercoles",,,30-Nov-2026,30-Nov-2026,Metropolitana,,Providencia,Región Metropolitana,0,0,Promoción válida hasta el 30 de noviembre de 2026. Exclusivo para clientes que paguen con Tarjetas emitidas por Banco de Chile y Banco Edwards y que soliciten el descuento al momento de pagar en...,False,False,2026-08-20T13:37:16.827824,https://sitiospublicos.bancochile.cl/personas/beneficios/detalle/olivia-cuccina-italiana,https://assets.bancochile.cl/uploads/000/084/012/c3e7c7e5-ebb1-4328-8b84-c70121954d52/original/banner-web-Olivia-Trattori_a-Providencia.jpg,https://assets.bancochile.cl/uploads/000/084/013/25f81114-4432-4f52-95f4-2524d8d70632/original/logo-web-Olivia-Trattori_a-Providencia.jpg,Av. Providencia #1187,True,"metropolitana de santiago, providencia, viernes, domingo, sabado, lunes, martes, jueves, miercoles",,restaurante
banchile_b4f50638-7777-4ad7-a5cc-87166d92cde8,Banco de Chile,"visa-credito-infinite, visa-credito-signature, visa-credito-platinum",Olivia Trattoria,20,porcentaje,20% dcto.,"viernes, lunes",,,31-Dic-2026,31-Dic-2026,Metropolitana,,,Región Metropolitana,0,0,Promoción válida hasta el 31 de diciembre de 2026. Exclusivo para clientes que paguen con Tarjetas emitidas por Banco de Chile (incluye Banco Edwards) y que soliciten el descuento al momento de...,False,False,2026-08-20T13:37:16.827842,https://sitiospublicos.bancochile.cl/personas/beneficios/detalle/olivia-trattoria,https://assets.bancochile.cl/uploads/000/042/660/059e3b06-931c-491b-ac17-b8fe8d115fa6/original/banner-web-Olivia-Trattoria.jpg,https://assets.bancochile.cl/uploads/000/042/659/6ffc185f-5bdf-49d7-9915-8862f1599f29/original/logo-web-Olivia-Trattoria.jpg,O´Connel 165,True,"metropolitana de santiago, viernes, lunes, las condes",,restaurante
banchile_fa6a75d6-f4ae-487d-85fc-e607177d6b9b,Banco de Chile,"visa-credito-infinite, visa-credito-signature, visa-credito-platinum",Olivia Trattoría Concepción,20,porcentaje,20% dcto.,"viernes, domingo, sabado, lunes",,,31-Dic-2026,31-Dic-2026,Biobío,,,Región del Biobío,0,0,"Promoción válida hasta el 31 de diciembre de 2026. Exclusivo para clientes que paguen con Tarjetas emitidas por Banco de Chile, Banco Edwards y que soliciten el descuento al momento de pagar en...",False,False,2026-08-20T13:37:16.827864,https://sitiospublicos.bancochile.cl/personas/beneficios/detalle/olivia-trattoria-concepcion,https://assets.bancochile.cl/uploads/000/042/308/b482ba36-d64a-4d95-8398-b82370e129f9/original/banner-web-Olivia-Trattor_a-Concepci_n.jpg,https://assets.bancochile.cl/uploads/000/042/307/11759dfe-74a8-4401-a910-caf68c5deecc/original/logo-web-Olivia-Trattor_a-Concepci_n.jpg,Avda. San Andrés #37,True,"viernes, domingo, sabado, lunes, concepción, biobío",,restaurante
banchile_0036f6bc-4830-43ba-ac96-1f341aea6a68,Banco de Chile,"visa-credito-infinite, visa-credito-signature, visa-credito-platinum",OMAMORI,20,porcentaje,20% dcto.,"lunes, martes, miercoles",,,31-Dic-2026,31-Dic-2026,Tarapacá,,,Tarapacá,0,0,Promoción válida hasta el 31 de diciembre de 2026. Exclusivo para clientes que paguen con Tarjetas emitidas por Banco de Chile (incluye Banco Edwards) y que soliciten el descuento al momento de...,False,True,2026-08-20T13:37:16.827884,https://sitiospublicos.bancochile.cl/personas/beneficios/detalle/omamori,https://assets.bancochile.cl/uploads/000/027/707/e5a5c6b6-a336-4a4d-b749-7157921ddae0/original/banner-web-omamori.jpg,https://assets.bancochile.cl/uploads/000/027/706/922dc78f-c03b-40bf-a928-13423ec0704c/original/logo-web-omamori.jpg,Av. Arturo Prat 950,True,"lunes, martes, miercoles, iquique, tarapacá",,restaurante
banchile_e84d143b-edeb-4ec8-8a5e-66e7cf740dd7,Banco de Chile,"visa-credito-infinite, visa-credito-signature, visa-credito-platinum",Origami,20,porcentaje,20% dcto.,"viernes, lunes, martes, jueves, miercoles",,,31-Dic-2026,31-Dic-2026,Valparaíso,,,Valparaíso,0,0,"Promoción válida hasta el 31 de diciembre de 2026. Exclusivo para clientes que paguen Tarjetas emitidas por Banco de Chile, Banco Edwards y Credichile y que soliciten el descuento al momento de...",False,False,2026-08-20T13:37:16.828020,https://sitiospublicos.bancochile.cl/personas/beneficios/detalle/origami,https://assets.bancochile.cl/uploads/000/055/953/bb35c9c1-fa6b-48db-85dc-54a4bc026fdd/original/BannerBch.jpg,https://assets.bancochile.cl/uploads/000/055/952/56c52de5-c767-435f-8a9f-38cc7a630664/original/logo-web-origami.jpg,Aníbal Pinto 684,True,"descuentos-regiones, valparaíso, viernes, lunes, martes, jueves, miercoles, quilpué",,restaurante
banchile_7c0258ca-557b-4457-8345-b905793e6fd9,Banco de Chile,"visa-credito-infinite, visa-credito-signature, visa-credito-platinum",Osses El Pizzaiolo,20,porcentaje,20% dcto.,martes,,,31-Dic-2026,31-Dic-2026,Magallanes,,,Región de Magallanes y de la Antártica Chilena,0,0,"Promoción válida hasta el 31 de diciembre de 2026. Exclusivo para clientes que paguen con Tarjetas emitidas por Banco de Chile, Banco Edwards y que soliciten el descuento al momento de pagar en...",False,False,2026-08-20T13:37:16.828040,https://sitiospublicos.bancochile.cl/personas/beneficios/detalle/osses-el-pizzaiolo,https://assets.bancochile.cl/uploads/000/042/462/0c93ebbe-4660-4b92-908b-c0d0ba3fe06b/original/banner-web-Osses-El-Pizzaiolo.jpg,https://assets.bancochile.cl/uploads/000/042/461/4fc5f702-d4f6-4f9f-8857-6c2112b9b35b/original/logo-web-Osses-El-Pizzaiolo.jpg,MAIPÚ #501,True,"martes, magallanes y de la antártica chilena, punta arenas, segmentado",,restaurante
banchile_88f0566b-b051-4cbc-bd1a-dfb99b8dad56,Banco de Chile,"visa-credito-infinite, visa-credito-signature, visa-credito-platinum",PARRILLA EL GALPÓN,20,porcentaje,20% dcto.,viernes,,,30-Sep-2026,30-Sep-2026,Los Lagos,,,De los Lagos,0,0,Promoción válida hasta el 30 de septiembre de 2026. Exclusivo para clientes que paguen con Tarjetas emitidas por Banco de Chile (incluye Banco Edwards) y que soliciten el descuento al momento de...,False,False,2026-08-20T13:37:16.828081,https://sitiospublicos.bancochile.cl/personas/beneficios/detalle/parrilla-el-galpon,https://assets.bancochile.cl/uploads/000/027/731/167e1481-8db0-4440-89cf-238b5fd8adc5/original/banner-web-PARRILLA-EL-GALP_N.jpg,https://assets.bancochile.cl/uploads/000/027/730/cebc20fa-82b0-4502-81f1-5a401d1c960c/original/logo-web-PARRILLA-EL-GALP_N.jpg,Lord Cochrane #816,True,"viernes, los lagos, osorno, sabados",,restaurante
banchile_01a5f867-23af-4d80-baef-5c513f6c5ca1,Banco de Chile,"visa-credito-infinite, visa-credito-signature, visa-credito-platinum",Perutaly,20,porcentaje,20% dcto.,"lunes, miercoles",,,31-Dic-2026,31-Dic-2026,Maule,,,Curicó,0,0,Promoción válida hasta el 31 de diciembre de 2026. Exclusivo para clientes que paguen con Tarjetas emitidas por Banco de Chile y Banco Edwards y que soliciten el descuento al momento de pagar en...,False,False,2026-08-20T13:37:16.828101,https://sitiospublicos.bancochile.cl/personas/beneficios/detalle/perutaly,https://assets.bancochile.cl/uploads/000/042/465/55ad65ce-48be-4f59-b05a-407a30865125/original/Bunkey-jardin-lime_o_GRAN_CHIMU-21-07-2022_a_la_s_15_09_54-original.jpg,https://assets.bancochile.cl/uploads/000/042/464/47a81b84-a5f1-445f-923f-b797b86b5dbd/original/perutaly_logo.jpg,Las Heras 423,True,"lunes, miercoles, talca, curicó",,restaurante
banchile_8dde4eba-5aa5-4ca9-b240-5a7dc794658c,Banco de Chile,"visa-credito-infinite, visa-credito-signature, visa-credito-platinum",Piedra del Águila,20,porcentaje,20% dcto.,"lunes, martes",,,31-Dic-2026,31-Dic-2026,Biobío,,,Región del Biobío,0,0,Promoción válida hasta el 31 de diciembre de 2026. Exclusivo para clientes que paguen con Tarjetas emitidas por Banco de Chile (incluye Banco Edwards) y que soliciten el descuento al momento de...,False,True,2026-08-20T13:37:16.828148,https://sitiospublicos.bancochile.cl/personas/beneficios/detalle/piedra-del-aguila,https://assets.bancochile.cl/uploads/000/042/761/ac53b701-ce80-40fc-96f6-16a18043a1e1/original/logo-web-Piedra-del-_guila.jpg,https://assets.bancochile.cl/uploads/000/042/760/03a4c814-cdc7-4625-a213-2023177ea99d/original/banner-web-Piedra-del-_guila.jpg,Villagrán #644,True,"lunes, martes, biobío, cañete",,restaurante
banchile_677258f8-12dd-4d08-8084-f841a4833e16,Banco de Chile,"visa-credito-infinite, visa-credito-signature, visa-credito-platinum",Psiquis Bar,20,porcentaje,20% dcto.,"martes, jueves, miercoles",,,31-Dic-2026,31-Dic-2026,Valparaíso,,,Región Valparaíso,0,0,Promoción válida hasta el 31 de diciembre de 2026. Exclusivo para clientes que paguen con Tarjetas emitidas por Banco de Chile (incluye Banco Edwards) y que soliciten el descuento al momento de...,False,True,2026-08-20T13:37:16.828181,https://sitiospublicos.bancochile.cl/personas/beneficios/detalle/psiquis-bar,https://assets.bancochile.cl/uploads/000/059/775/e34616b7-356f-49d7-9fcc-934808bd5852/original/banner-PSIQUIS-BAR.jpg,https://assets.bancochile.cl/uploads/000/042/766/ca685664-7eae-4855-9c3b-7417f6162046/original/logo-web-Psiquis-Bar.jpg,5 y 1/2 poniente 277,True,"valparaíso, martes, jueves, miercoles, viña del mar",,restaurante
banchile_1e04165a-41f5-421c-bf5b-09f944a9fae4,Banco de Chile,"visa-credito-infinite, visa-credito-signature, visa-credito-platinum",Puerto Caliche,20,porcentaje,20% dcto.,miercoles,,,,,Antofagasta,,,Región de Antofagasta,0,0,Promoción válida hasta el 30 de noviembre 2026. Exclusivo para clientes que paguen con Tarjetas emitidas por Banco de Chile (incluye Banco Edwards) y que soliciten el descuento al momento de pagar...,False,False,2026-08-20T13:37:16.828199,https://sitiospublicos.bancochile.cl/personas/beneficios/detalle/puerto-caliche-dto,https://assets.bancochile.cl/uploads/000/074/410/cd223ea2-4465-4d28-bd52-728c9dc08d3e/original/banner-web-PUERTO-CALICHE-v2.jpg,https://assets.bancochile.cl/uploads/000/073/866/b9055b04-5ef9-4ef3-8d2f-f879fab8fc18/original/logo-web-puerto-caliche.jpg,Av. República de Croacia #809,True,"miercoles, antofagasta, segmentado",,restaurante
banchile_dea4eaa2-3c50-497b-84c5-f9220cd14097,Banco de Chile,"visa-credito-infinite, visa-credito-signature, visa-credito-platinum",Puramar,20,porcentaje,20% dcto.,"lunes, martes, jueves, miercoles",,,31-Dic-2026,31-Dic-2026,Maule,,,Región del Maule,0,0,"Promoción válida hasta el 31 de diciembre de 2026. Exclusivo para clientes que paguen con Tarjetas emitidas por Banco de Chile, Banco Edwards y que soliciten el descuento al momento de pagar en...",False,False,2026-08-20T13:37:16.828217,https://sitiospublicos.bancochile.cl/personas/beneficios/detalle/puramar,https://assets.bancochile.cl/uploads/000/043/799/50ef0266-31e9-4dd4-b447-3a77c8d43d6f/original/banner-web-Puramar.jpg,https://assets.bancochile.cl/uploads/000/043/798/a131ddf5-a7df-4c76-8153-668ab1bc7fa6/original/logo-web-Puramar.jpg,Kilometro 2 camino Curanipe,True,"lunes, martes, jueves, miercoles, maule, pelluhue",,restaurante
banchile_2ea087c9-2f6c-4db9-a8da-3decbbf439ac,Banco de Chile,"visa-credito-infinite, visa-credito-signature, visa-credito-platinum",Quercus,20,porcentaje,20% dcto.,martes,,,31-Dic-2026,31-Dic-2026,Valparaíso,,,Región Metropolitana,0,0,Promoción válida hasta el 31 de diciembre de 2026. Exclusivo para clientes que paguen con Tarjetas emitidas por Banco de Chile (incluye Banco Edwards) y que soliciten el descuento al momento de...,False,True,2026-08-20T13:37:16.828232,https://sitiospublicos.bancochile.cl/personas/beneficios/detalle/quercus,https://assets.bancochile.cl/uploads/000/042/755/6d171169-dfcb-4d91-b60f-014f1812204a/original/logo-web-Quercus.jpg,https://assets.bancochile.cl/uploads/000/042/754/867b17e2-3208-4770-bb04-b844444e8e39/original/banner-web-Quercus.jpg,Santa Magdalena #61,True,"valparaíso, metropolitana de santiago, providencia, martes, viña del mar",,restaurante
banchile_57af35f6-683f-4d75-9df9-bb26b452891f,Banco de Chile,"visa-credito-infinite, visa-credito-signature, visa-credito-platinum",Raza Inca,20,porcentaje,20% dcto.,"viernes, lunes, martes, jueves, miercoles",,,30-Nov-2026,30-Nov-2026,Valparaíso,,,Región Valparaíso,0,0,"Promoción válida hasta el 30 de noviembre de 2026. Exclusivo para clientes que paguen con Tarjetas emitidas por Banco de Chile, Banco Edwards y que soliciten el descuento al momento de pagar en...",False,False,2026-08-20T13:37:16.828263,https://sitiospublicos.bancochile.cl/personas/beneficios/detalle/raza-inca,https://assets.bancochile.cl/uploads/000/042/608/868aac6b-6d95-4cd8-b074-d08ccefa8102/original/banner-web-inca.jpg,https://assets.bancochile.cl/uploads/000/042/607/4cac622d-e03c-455d-84fc-9fe150d96ee1/original/logo-web-RAZA-INCA.jpg,13 Norte #872,True,"valparaíso, viernes, lunes, martes, jueves, miercoles, viña del mar",,restaurante
banchile_0816b92d-11bf-48d1-a0dd-ac18f2f8ede0,Banco de Chile,"visa-credito-infinite, visa-credito-signature, visa-credito-platinum",Restaurant Colo Colo,20,porcentaje,20% dcto.,"lunes, martes, jueves, miercoles",,,30-Sep-2026,30-Sep-2026,Maule,,,"Región de El Maule, Región de El Maule",0,0,Promoción válida hasta el 30 de septiembre de 2026. Exclusivo para clientes que paguen con Tarjetas emitidas por Banco de Chile (incluye Banco Edwards) y que soliciten el descuento al momento de...,False,False,2026-08-20T13:37:16.828339,https://sitiospublicos.bancochile.cl/personas/beneficios/detalle/restaurant-colo-colo,https://assets.bancochile.cl/uploads/000/042/848/365950a1-dfec-4a30-b372-464f3de4277e/original/banner-web-Restaurant-Colo-Colo.jpg,https://assets.bancochile.cl/uploads/000/042/847/1344996d-802c-43fa-966b-f575d4045226/original/logo-web-Restaurant-Colo-Colo.jpg,Av. Chile #332,True,"lunes, martes, jueves, miercoles, maule, curicó",,restaurante
banchile_d00d1469-eb10-4fdc-82a6-2fcc4cb29550,Banco de Chile,"visa-credito-infinite, visa-credito-signature, visa-credito-platinum",Restaurant Urbano 136,20,porcentaje,20% dcto.,"domingo, sabado, lunes",,,30-Nov-2026,30-Nov-2026,Metropolitana,,,Región Metropolitana,0,0,Promoción válida hasta el 30 de noviembre de 2026. Exclusivo para clientes que paguen con Tarjetas emitidas por Banco de Chile (incluye Banco Edwards) y que soliciten el descuento al momento de...,False,False,2026-08-20T13:37:16.828356,https://sitiospublicos.bancochile.cl/personas/beneficios/detalle/restaurant-urbano-136,https://assets.bancochile.cl/uploads/000/055/282/178a14c0-e865-4509-96f3-c98ad0072d6f/original/banner-web-Restaurant-Urbano-136.jpg,https://assets.bancochile.cl/uploads/000/055/281/0dfb76e8-83e7-4a9b-b2f1-642a68cdb3c4/original/logo-web-Restaurant-Urbano-136.jpg,Libertador Bernardo OHiggins #136,True,"metropolitana de santiago, domingo, sabado, lunes, santiago",,restaurante
banchile_a4cccfce-f24d-4d09-8754-0e91dc7dd3b2,Banco de Chile,"visa-credito-infinite, visa-credito-signature, visa-credito-platinum",Restaurante El Copihue,20,porcentaje,20% dcto.,"lunes, martes, miercoles",,,31-Dic-2026,31-Dic-2026,Valparaíso,,,Región de Valparaíso,0,0,Promoción válida hasta el 31 de diciembre de 2026. Exclusivo para clientes que paguen con Tarjetas emitidas por Banco de Chile (incluye Banco Edwards) y que soliciten el descuento al momento de...,False,False,2026-08-20T13:37:16.828373,https://sitiospublicos.bancochile.cl/personas/beneficios/detalle/restaurante-el-copihue,https://assets.bancochile.cl/uploads/000/052/780/a6aebe0f-c412-4d78-83c9-9e7122c45fce/original/banner-web-Restaurante-El-Copihue.jpg,https://assets.bancochile.cl/uploads/000/052/779/d55c513e-04d7-444e-8ae2-57fa5134ea26/original/logo-web-Restaurante-El-Copihue.jpg,Diego Portales #2203,True,"valparaíso, lunes, martes, miercoles, olmue",,restaurante
banchile_f22241f8-abd6-4780-b471-ef5a8fb7e33c,Banco de Chile,"visa-credito-infinite, visa-credito-signature, visa-credito-platinum",Restaurante MDS Chillán,30,porcentaje,30% dcto.,"jueves, miercoles",,,31-Dic-2026,31-Dic-2026,Ñuble,,,Variante Nahueltoro #251,0,0,Promoción válida hasta el 31 de diciembre de 2026. Exclusivo para clientes que paguen con Tarjetas emitidas por Banco de Chile y Banco Edwards y que soliciten el descuento al momento de pagar en...,False,False,2026-08-20T13:37:16.828391,https://sitiospublicos.bancochile.cl/personas/beneficios/detalle/restaurante-mds-chillan,https://assets.bancochile.cl/uploads/000/084/606/a234ab8b-98dc-4b72-8d94-1a0782264d69/original/banner-web2-MDS.jpg,https://assets.bancochile.cl/uploads/000/079/286/36f9058a-65c1-47c4-9102-3ae19164d6a8/original/logo-web-MDS.jpg,Casino MDS Chillán,True,"jueves, miercoles, chillán, ñuble",,restaurante
banchile_a9817827-aedf-4a52-8677-d17839bba0aa,Banco de Chile,"visa-credito-infinite, visa-credito-signature, visa-credito-platinum",Riviera Ocean,20,porcentaje,20% dcto.,"lunes, martes, jueves, miercoles",,,31-Dic-2026,31-Dic-2026,Biobío,,,Región del Bío Bío,0,0,Promoción válida hasta el 31 de diciembre de 2026. Exclusivo para clientes que paguen con Tarjetas emitidas por Banco de Chile (incluye Banco Edwards) y que soliciten el descuento al momento de...,False,True,2026-08-20T13:37:16.828408,https://sitiospublicos.bancochile.cl/personas/beneficios/detalle/riviera-ocean,https://assets.bancochile.cl/uploads/000/042/775/e70ab9a0-454f-4a72-a90f-189e2a28a6ea/original/banner-web-RIVIERA-OCEAN.jpg,https://assets.bancochile.cl/uploads/000/042/774/c5616e49-d84d-41eb-9d52-0bad84f81752/original/logo-web-RIVIERA-OCEAN.jpg,Baquedano #771,True,"lunes, martes, jueves, miercoles, biobío, tome",,restaurante
banchile_d65394c4-149e-443a-b821-a65f464c249f,Banco de Chile,"visa-credito-infinite, visa-credito-signature, visa-credito-platinum",Rocker Burger,20,porcentaje,20% dcto.,lunes,,,30-Nov-2026,30-Nov-2026,Maule,,,Región del Maule,0,0,Promoción válida hasta el 30 de noviembre de 2026. Exclusivo para clientes que paguen con Tarjetas emitidas por Banco de Chile (incluye Banco Edwards) y que soliciten el descuento al momento de...,False,True,2026-08-20T13:37:16.828447,https://sitiospublicos.bancochile.cl/personas/beneficios/detalle/rocker-burger,https://assets.bancochile.cl/uploads/000/042/771/8a44aff5-a9b5-4d34-a011-eb0de5dca8e1/original/banner-web-Rocker-Burger.jpg,https://assets.bancochile.cl/uploads/000/042/770/440388f2-0750-4286-bd6b-49536673a6f4/original/logo-web-Rocker-Burger.jpg,Cuarenta y dos Oriente #1284,True,"lunes, maule, talca",,restaurante
banchile_22651a6c-7b3a-4ce7-9b1d-153cfda8c6ad,Banco de Chile,"visa-credito-infinite, visa-credito-signature, visa-credito-platinum",SABOR X2,20,porcentaje,20% dcto.,"lunes, martes, jueves, miercoles",,,30-Sep-2026,30-Sep-2026,Metropolitana,,,"RM, RM",0,0,Promoción válida hasta el 30 de septiembre de 2026. Exclusivo para clientes que paguen con Tarjetas emitidas por Banco de Chile (incluye Banco Edwards) y que soliciten el descuento al momento de...,False,False,2026-08-20T13:37:16.828465,https://sitiospublicos.bancochile.cl/personas/beneficios/detalle/sabor-x2,https://assets.bancochile.cl/uploads/000/027/733/54729e72-82ed-488d-aa28-aae1373c1153/original/banner-web-SABOR-X2.jpg,https://assets.bancochile.cl/uploads/000/027/732/a7b9b6e3-2a5b-4313-b725-5f736b45e147/original/logo-web-SABOR-X2.jpg,Gran Avenida 7957,True,"metropolitana de santiago, lunes, martes, jueves, miercoles, san miguel, la cisterna",,restaurante
banchile_ab5052ec-f3cf-4a85-b0d1-92250b44643b,Banco de Chile,"visa-credito-infinite, visa-credito-signature, visa-credito-platinum",Sabores del Ají Seco,20,porcentaje,20% dcto.,"sabado, lunes, martes",,,31-Dic-2026,31-Dic-2026,Metropolitana,,,Región Metropolitana,0,0,Promoción válida hasta el 31 de diciembre de 2026. Exclusivo para clientes que paguen con Tarjetas emitidas por Banco de Chile (incluye Banco Edwards) y que soliciten el descuento al momento de...,False,True,2026-08-20T13:37:16.828480,https://sitiospublicos.bancochile.cl/personas/beneficios/detalle/sabores-del-aji-seco,https://assets.bancochile.cl/uploads/000/042/719/d50c9e37-73ce-4383-a401-15b6ba449d2a/original/banner-web-aji-seco.jpg,https://assets.bancochile.cl/uploads/000/042/718/74306fad-acf9-4f5d-b8a9-fd9dcb9ffadd/original/logo-web-aji-seco.jpg,Teatinos #446,True,"descuentos-santiago, metropolitana de santiago, sabado, lunes, martes",,restaurante
banchile_a9a711c5-9a06-4763-a9a4-70dcf3863090,Banco de Chile,"visa-credito-infinite, visa-credito-signature, visa-credito-platinum",Sabores del Perú,20,porcentaje,20% dcto.,"sabado, lunes, martes",,,31-Dic-2026,31-Dic-2026,Metropolitana,,,Región Metropolitana,0,0,Promoción válida hasta el 31 de diciembre de 2026. Exclusivo para clientes que paguen con Tarjetas emitidas por Banco de Chile (incluye Banco Edwards) y que soliciten el descuento al momento de...,False,True,2026-08-20T13:37:16.828495,https://sitiospublicos.bancochile.cl/personas/beneficios/detalle/sabores-del-peru,https://assets.bancochile.cl/uploads/000/042/717/eaa4ea9c-7af9-47d5-9d54-43741c8db906/original/banner-web-Sabores-del-Per_.jpg,https://assets.bancochile.cl/uploads/000/042/716/5930838c-b379-4fcc-b713-d6b814561479/original/logo-web-Sabores-del-Per_.jpg,Compañía #1359,True,"metropolitana de santiago, sabado, lunes, martes, santiago",,restaurante
banchile_b0b01c10-a8be-466a-9b54-bbc5f9336cae,Banco de Chile,"visa-credito-infinite, visa-credito-signature, visa-credito-platinum",Saki,20,porcentaje,20% dcto.,"martes, jueves",,,30-Sep-2026,30-Sep-2026,Metropolitana,,,"RM, Pedro de Valdivia 3601",0,0,"Promoción válida hasta el 30 de septiembre de 2026. Exclusivo para clientes que paguen con Tarjetas emitidas por Banco de Chile, Banco Edwards y que soliciten el descuento al momento de pagar en...",False,False,2026-08-20T13:37:16.828512,https://sitiospublicos.bancochile.cl/personas/beneficios/detalle/saki,https://assets.bancochile.cl/uploads/000/042/371/83febd8d-3559-471e-bd3f-23ffa86779bb/original/banner-saki_web.jpg,https://assets.bancochile.cl/uploads/000/058/190/0a3e7ead-1f7d-488a-bf05-a18eeeb1b6c7/original/logo-web-Saki.jpg,Santa Victoria 192,True,"descuentos-santiago, metropolitana de santiago, providencia, ñuñoa, martes, jueves, santiago",,restaurante
banchile_80bb3203-07fe-4fac-a0bf-07186736a52e,Banco de Chile,"visa-credito-infinite, visa-credito-signature, visa-credito-platinum",Santo Aire,20,porcentaje,20% dcto.,"sabado, lunes, martes",,,31-Dic-2026,31-Dic-2026,Biobío,,,Región del Biobío,0,0,"Promoción válida hasta el 31 de diciembre de 2026. Exclusivo para clientes que paguen con Tarjetas emitidas por Banco de Chile, Banco Edwards y que soliciten el descuento al momento de pagar en...",False,False,2026-08-20T13:37:16.828608,https://sitiospublicos.bancochile.cl/personas/beneficios/detalle/santo-aire,https://assets.bancochile.cl/uploads/000/042/597/70c721a5-bd11-48c8-b669-61eaf3963314/original/banner-web-Santo-Aire.jpg,https://assets.bancochile.cl/uploads/000/042/596/0d7476d1-8202-4663-a593-cc1ab5f8b615/original/logo-web-Santo-Aire.jpg,Lincoyan #142,True,"sabado, lunes, martes, concepción, biobío, segmentado",,restaurante
banchile_d36f2572-e695-4c77-a408-10fde0a0fcf8,Banco de Chile,"visa-credito-infinite, visa-credito-signature, visa-credito-platinum",SELVADO,20,porcentaje,20% dcto.,"viernes, domingo, sabado, lunes, martes, jueves, miercoles",,,31-Dic-2026,31-Dic-2026,Metropolitana,,,RM,0,0,Promoción válida hasta el 31 de diciembre de 2026. Exclusivo para clientes que paguen con Tarjetas emitidas por Banco de Chile (incluye Banco Edwards) y que soliciten el descuento al momento de...,False,False,2026-08-20T13:37:16.828640,https://sitiospublicos.bancochile.cl/personas/beneficios/detalle/selvado,https://assets.bancochile.cl/uploads/000/027/751/86c9caf6-7168-4758-8154-0330375118be/original/banner-web-selvado.jpg,https://assets.bancochile.cl/uploads/000/027/750/8ff7009d-c512-4bea-8aad-01e15766cb88/original/logo-web-selvado.jpg,Antonia Lópes de Bello 118,True,"descuentos-santiago, metropolitana de santiago, providencia, viernes, domingo, sabado, lunes, martes, jueves, miercoles",,restaurante
banchile_575cc3ef-e06b-45f5-b7d4-66f08457e966,Banco de Chile,"visa-credito-infinite, visa-credito-signature, visa-credito-platinum",Soho Burger,20,porcentaje,20% dcto.,"lunes, martes, jueves, miercoles",,,31-Dic-2026,31-Dic-2026,Biobío,,,LOCAL 1,0,0,Promoción válida hasta el 31 de diciembre de 2026. Exclusivo para clientes que paguen con Tarjetas emitidas por Banco de Chile (incluye Banco Edwards) y que soliciten el descuento al momento de...,False,True,2026-08-20T13:37:16.828728,https://sitiospublicos.bancochile.cl/personas/beneficios/detalle/soho-burger,https://assets.bancochile.cl/uploads/000/057/670/2f628ee6-b957-4c81-9a83-22b1581efee9/original/banner-web-SOHO-BURGER.jpg,https://assets.bancochile.cl/uploads/000/057/669/90984936-7be8-4304-a743-a3b2c1df8b72/original/logo-web-SOHO-BURGER.jpg,PAICAVI 1145,True,"lunes, martes, jueves, miercoles, concepción, biobío",,restaurante
banchile_6a0318d5-2bc7-4a03-a55d-b70c66dac4f0,Banco de Chile,"visa-credito-infinite, visa-credito-signature, visa-credito-platinum",Sushi & Burger Home,20,porcentaje,20% dcto.,"viernes, domingo, sabado, lunes, martes, jueves, miercoles",,,30-Nov-2026,30-Nov-2026,Valparaíso,,,"REGIÓN DE VALPARAÍSO, REGIÓN DE VALPARAÍSO",0,0,"Promoción válida hasta el 30 de noviembre de 2026. Exclusivo para clientes que paguen con Tarjetas emitidas por Banco de Chile, Banco Edwards y que soliciten el descuento al momento de pagar en...",False,False,2026-08-20T13:37:16.828764,https://sitiospublicos.bancochile.cl/personas/beneficios/detalle/sushi-burger-home-dto,https://assets.bancochile.cl/uploads/000/042/667/5d93eb55-ad6e-443a-b3ee-8d3584b28936/original/banner-web-FOTO-SUSHI-_-BURGER-HOME.jpg,https://assets.bancochile.cl/uploads/000/042/666/fab0d7bd-8384-4896-85f1-9e65b8ab5e8c/original/logo-web-FOTO-SUSHI-_-BURGER-HOME.jpg,6 Pte 150,True,"valparaíso, viernes, domingo, sabado, lunes, martes, jueves, miercoles, viña del mar",,restaurante
banchile_fb17251d-2041-450e-8992-76af8de1ee9c,Banco de Chile,"visa-credito-infinite, visa-credito-signature, visa-credito-platinum",Sushi Home,20,porcentaje,20% dcto.,"viernes, domingo, sabado, lunes, martes, jueves, miercoles",,,30-Nov-2026,30-Nov-2026,Valparaíso,,,Reñaca Bajo,0,0,"Promoción válida hasta el 30 de noviembre de 2026. Exclusivo para clientes que paguen con Tarjetas emitidas por Banco de Chile, Banco Edwards y que soliciten el descuento al momento de pagar en...",False,False,2026-08-20T13:37:16.828783,https://sitiospublicos.bancochile.cl/personas/beneficios/detalle/sushi-home,https://assets.bancochile.cl/uploads/000/042/665/6d621730-8ecd-458a-a485-ae5fd2c6936b/original/banner-web-sushihome.jpg,https://assets.bancochile.cl/uploads/000/042/664/ff6bf453-2f9c-4002-8271-9895186aefd3/original/logo-web-sushihome.jpg,Av. Central #191,True,"valparaíso, viernes, domingo, sabado, lunes, martes, jueves, miercoles, viña del mar",,restaurante
banchile_64c9f35b-34ea-4c5a-8d4e-b4dab2fb7196,Banco de Chile,"visa-credito-infinite, visa-credito-signature, visa-credito-platinum",Tapera,20,porcentaje,20% dcto.,"lunes, martes, miercoles",,,31-Dic-2026,31-Dic-2026,Valparaíso,,,REGIÓN DE VALPARAÍSO,0,0,Promoción válida hasta el 31 de diciembre de 2026. Exclusivo para clientes que paguen con Tarjetas emitidas por Banco de Chile y Banco Edwards y que soliciten el descuento al momento de pagar en...,False,False,2026-08-20T13:37:16.828802,https://sitiospublicos.bancochile.cl/personas/beneficios/detalle/tapera,https://assets.bancochile.cl/uploads/000/096/316/2feb01d8-de48-4e0d-a1f2-67a6d140183c/original/banner-web-Tapera.jpg,https://assets.bancochile.cl/uploads/000/096/315/c46332cd-c3c6-4aa9-89c3-e7982010c98b/original/logo-web-Tapera.jpg,1 PONIENTE 563,True,"valparaíso, lunes, martes, miercoles, viña del mar",,restaurante
banchile_1e765d02-765a-4a3b-8c3f-c2e8436304f9,Banco de Chile,"visa-credito-infinite, visa-credito-signature, visa-credito-platinum",THAI EXPRESS,20,porcentaje,20% dcto.,"lunes, martes, miercoles",,,31-Dic-2026,31-Dic-2026,Metropolitana,,,"RM, RM",0,0,Promoción válida hasta el 31 de diciembre de 2026. Exclusivo para clientes que paguen con Tarjetas emitidas por Banco de Chile (incluye Banco Edwards) y que soliciten el descuento al momento de...,False,False,2026-08-20T13:37:16.828817,https://sitiospublicos.bancochile.cl/personas/beneficios/detalle/thai-express,https://assets.bancochile.cl/uploads/000/027/743/0db7aebc-ac39-4798-abae-c5c71cfbc4c5/original/banner-web-THAI-EXPRESS.jpg,https://assets.bancochile.cl/uploads/000/027/742/f422ed77-4011-4d18-92bc-c065a6578ff6/original/logo-web-THAI-EXPRESS.jpg,Mereced 483,True,"metropolitana de santiago, lunes, martes, miercoles",,restaurante
banchile_e76968a2-24a7-4664-815a-c6526d94b80b,Banco de Chile,"visa-credito-infinite, visa-credito-signature, visa-credito-platinum",The Clock,20,porcentaje,20% dcto.,"sabado, jueves",,,31-Dic-2026,31-Dic-2026,Los Lagos,,,Los Lagos,0,0,Promoción válida hasta el 31 de diciembre de 2026. Exclusivo para clientes que paguen con Tarjetas emitidas por Banco de Chile y Banco Edwards y que soliciten el descuento al momento de pagar en...,False,False,2026-08-20T13:37:16.828833,https://sitiospublicos.bancochile.cl/personas/beneficios/detalle/the-clock,https://assets.bancochile.cl/uploads/000/094/742/e96c4f19-67ce-492d-b7b6-75f86341c81e/original/banner-web-The-Clock.jpg,https://assets.bancochile.cl/uploads/000/094/741/0ae041f0-880e-4e38-b5ed-f6f0a1ce4042/original/logo-web-The-Clock.jpg,Conrado Amthauer #850,True,"sabado, jueves, los lagos, osorno",,restaurante
banchile_332cb8e0-d50a-4d91-af50-a644d0c14c51,Banco de Chile,"visa-credito-infinite, visa-credito-signature, visa-credito-platinum",The Green Room,20,porcentaje,20% dcto.,martes,,,31-Dic-2026,31-Dic-2026,Metropolitana,,,Región Metropolitana,0,0,Promoción válida hasta el 31 de diciembre de 2026. Exclusivo para clientes que paguen con Tarjetas emitidas por Banco de Chile y Banco Edwards y que soliciten el descuento al momento de pagar en...,False,False,2026-08-20T13:37:16.828847,https://sitiospublicos.bancochile.cl/personas/beneficios/detalle/the-green-room,https://assets.bancochile.cl/uploads/000/089/938/edc9b89e-cf7f-4ff0-ac3f-f99297132b32/original/banner-web-The-Green-Room.jpg,https://assets.bancochile.cl/uploads/000/089/939/6f9f8284-f87e-47af-9165-9f4097de93db/original/logo-web-The-Green-Room.jpg,Carmencita 45,True,"metropolitana de santiago, martes, las condes",,restaurante
banchile_8483a743-9beb-45dd-b8f9-a7867fcd4359,Banco de Chile,"visa-credito-infinite, visa-credito-signature, visa-credito-platinum",Travesía,20,porcentaje,20% dcto.,"lunes, martes, jueves, miercoles",,,30-Sep-2026,30-Sep-2026,Biobío,,,Región del Bío Bío,0,0,Promoción válida hasta el 30 de septiembre de 2026. Exclusivo para clientes que paguen con Tarjetas emitidas por Banco de Chile (incluye Banco Edwards) y que soliciten el descuento al momento de...,False,False,2026-08-20T13:37:16.828904,https://sitiospublicos.bancochile.cl/personas/beneficios/detalle/travesia,https://assets.bancochile.cl/uploads/000/026/706/504cde7e-f816-4ae7-b920-39dac26524b1/original/banner-web-travesia.jpg,https://assets.bancochile.cl/uploads/000/026/705/78fb550a-0da6-49df-9305-5763113300df/original/logo-web-Traves_a.jpg,Ramón Carrasco #256,True,"lunes, martes, jueves, miercoles, concepción, biobío",,restaurante
banchile_7a2897d8-dc99-4166-a46f-e2b66002426a,Banco de Chile,"visa-credito-infinite, visa-credito-signature, visa-credito-platinum",Vista al Mar,20,porcentaje,20% dcto.,"lunes, martes, jueves, miercoles",,,31-Dic-2026,31-Dic-2026,Valparaíso,,,Región de Valparaíso,0,0,Promoción válida hasta el 31 de diciembre de 2026. Exclusivo para clientes que paguen con Tarjetas emitidas por Banco de Chile y Banco Edwards y que soliciten el descuento al momento de pagar en...,False,False,2026-08-20T13:37:16.828986,https://sitiospublicos.bancochile.cl/personas/beneficios/detalle/vista-al-mar,https://assets.bancochile.cl/uploads/000/088/239/21ef5954-0ef5-4be5-8685-f144392f3fa6/original/banner-web-Vista-al-Mar.jpg,https://assets.bancochile.cl/uploads/000/088/240/6d68e19a-a800-41d0-81b4-401f35ddcfce/original/logo-web-Vista-al-Mar.jpg,Avenida Borgoño 21270,True,"valparaíso, concón, lunes, martes, jueves, miercoles",,restaurante
banchile_71ffea3c-8c05-42bd-a876-b67411e77cfe,Banco de Chile,"visa-credito-infinite, visa-credito-signature, visa-credito-platinum",VistAndes,20,porcentaje,20% dcto.,"viernes, domingo, sabado, lunes, martes, jueves, miercoles",,,30-Oct-2026,30-Oct-2026,Metropolitana,,,Región Metropolitana,0,0,Promoción válida hasta el 30 de octubre de 2026. Exclusivo para clientes que paguen con Tarjetas emitidas por Banco de Chile (incluye Banco Edwards) y que soliciten el descuento al momento de...,False,False,2026-08-20T13:37:16.829003,https://sitiospublicos.bancochile.cl/personas/beneficios/detalle/vistandes-dto,https://assets.bancochile.cl/uploads/000/059/686/6fbec110-d1e9-44ee-9463-965f1bc64863/original/banner-web-Novohotel.jpg,https://assets.bancochile.cl/uploads/000/059/619/76618ab1-f854-4e9f-a5fd-687606b7abae/original/logo-web-VistAndes.jpg,Suecia #172,True,"metropolitana de santiago, providencia, viernes, domingo, sabado, lunes, martes, jueves, miercoles, segmentado",,restaurante
banchile_4e0857d1-4b1b-4b31-845b-5720fd79f2d4,Banco de Chile,"visa-credito-infinite, visa-credito-signature, visa-credito-platinum",We Love Pizza,20,porcentaje,20% dcto.,"martes, miercoles",,,30-Sep-2026,30-Sep-2026,Ñuble,,,Región de Ñuble,0,0,"Promoción válida hasta el 30 de septiembre de 2026. Exclusivo para clientes que paguen con Tarjetas emitidas por Banco de Chile, Banco Edwards y que soliciten el descuento al momento de pagar en...",False,False,2026-08-20T13:37:16.829049,https://sitiospublicos.bancochile.cl/personas/beneficios/detalle/we-love-pizza,https://assets.bancochile.cl/uploads/000/043/274/718371e8-82b4-43fe-90b7-0a53f32b92c8/original/banner-web-LOVE-PIZZA.jpg,https://assets.bancochile.cl/uploads/000/043/273/f3608c50-1969-4a72-bcbb-860dbb3c4eaf/original/logo-web-LOVE-PIZZA.jpg,Itata #850,True,"martes, miercoles, chillán, ñuble",,restaurante
banchile_d90f6ee6-7eef-44c4-a019-ad66992fbb88,Banco de Chile,"visa-credito-infinite, visa-credito-signature, visa-credito-platinum",YADO BY ASIA,20,porcentaje,20% dcto.,martes,,,30-Sep-2026,30-Sep-2026,Tarapacá,,,Región de Tarapacá,0,0,Promoción válida hasta el 30 de septiembre de 2026. Exclusivo para clientes que paguen con Tarjetas emitidas por Banco de Chile (incluye Banco Edwards) y que soliciten el descuento al momento de...,False,False,2026-08-20T13:37:16.829160,https://sitiospublicos.bancochile.cl/personas/beneficios/detalle/yado-by-asia,https://assets.bancochile.cl/uploads/000/055/848/ffa4ba8d-86f5-4e00-85a1-a1499d4ebe07/original/banner-web-YADO-BY-ASIA.jpg,https://assets.bancochile.cl/uploads/000/055/847/594611bd-8ed6-4f7c-b450-8671049a91af/original/logo-web-YADO-BY-ASIA.jpg,Tomas Bonilla #815,True,"martes, iquique, tarapacá",,restaurante
banchile_9e055a37-1d0b-4a07-9166-088c0d66a29a,Banco de Chile,"visa-credito-infinite, visa-credito-signature, visa-credito-platinum",Abrasas,20,porcentaje,20% dcto.,"lunes, martes, jueves, miercoles",,,30-Sep-2026,30-Sep-2026,Magallanes,,,Región de Magallanes y de la Antártica Chilena,0,0,Promoción válida hasta el 30 de septiembre de 2026. Exclusivo para clientes que paguen con Tarjetas emitidas por Banco de Chile (incluye Banco Edwards) y que soliciten el descuento al momento de...,False,False,2026-08-20T13:37:17.216377,https://sitiospublicos.bancochile.cl/personas/beneficios/detalle/abrasas,https://assets.bancochile.cl/uploads/000/042/081/44556490-d5e7-4a8f-ae03-01a82e4e000e/original/banner-web-Abrasas.jpg,https://assets.bancochile.cl/uploads/000/042/080/47301205-e689-45a5-8521-eba839a857f8/original/logo-web-Abrasas.jpg,Pdte. Federico Errázuriz #952,True,"lunes, martes, jueves, miercoles",,restaurante
banchile_70083a22-57f8-462b-8b58-07d6d1b5783a,Banco de Chile,"visa-credito-infinite, visa-credito-signature, visa-credito-platinum",ABTAO,20,porcentaje,20% dcto.,martes,,,31-Dic-2026,31-Dic-2026,Metropolitana,,,RM,0,0,Promoción válida hasta el 31 de diciembre de 2026. Exclusivo para clientes que paguen con Tarjetas emitidas por Banco de Chile (incluye Banco Edwards) y que soliciten el descuento al momento de...,False,False,2026-08-20T13:37:17.216398,https://sitiospublicos.bancochile.cl/personas/beneficios/detalle/abtao,https://assets.bancochile.cl/uploads/000/027/699/a8ae49d3-598c-4947-b5d1-92751cec2739/original/Banner-web-Abtao.jpg,https://assets.bancochile.cl/uploads/000/027/698/90fc206e-d99d-4433-8bf5-d406d1e0fc17/original/logo-web-Abtao.jpg,Dardignac 0185,True,"metropolitana de santiago, providencia, martes",,restaurante
banchile_f4c339c8-bcbd-46ba-b749-0f46df68b767,Banco de Chile,"visa-credito-infinite, visa-credito-signature, visa-credito-platinum",TERRAANGAMOS,20,porcentaje,20% dcto.,"viernes, lunes, martes, jueves, miercoles",,,30-Sep-2026,30-Sep-2026,Biobío,,,Bío-Bío,0,0,Promoción válida hasta el 30 de septiembre de 2026. Exclusivo para clientes que paguen con Tarjetas emitidas por Banco de Chile (incluye Banco Edwards) y que soliciten el descuento al momento de...,False,False,2026-08-20T13:37:17.216539,https://sitiospublicos.bancochile.cl/personas/beneficios/detalle/terraangamos,https://assets.bancochile.cl/uploads/000/056/981/2cd8e2e3-46fc-4a90-ab8d-938cf67ab7bc/original/banner-web-TERRAANGAMOS.jpg,https://assets.bancochile.cl/uploads/000/056/980/a82e53f3-73ae-44c1-b9fc-4aa1e17a88df/original/logo-web-TERRAANGAMOS.jpg,Av. Colon 1062,True,"viernes, lunes, martes, jueves, miercoles, biobío, talcahuano",,restaurante
banchile_a03c0be7-d1d2-4e26-9c5b-ae0d2c8c28c9,Banco de Chile,"visa-credito-infinite, visa-credito-signature, visa-credito-platinum",Terralomas,20,porcentaje,20% dcto.,"viernes, lunes, martes, jueves, miercoles",,,31-Dic-2026,31-Dic-2026,Biobío,,,Región del Biobío,0,0,Promoción válida hasta el 31 de diciembre de 2026. Exclusivo para clientes que paguen con Tarjetas emitidas por Banco de Chile (incluye Banco Edwards) y que soliciten el descuento al momento de...,False,False,2026-08-20T13:37:17.216561,https://sitiospublicos.bancochile.cl/personas/beneficios/detalle/terralomas-dto,https://assets.bancochile.cl/uploads/000/056/978/51085046-2004-42e3-9de6-25c5d15457ad/original/banner-web-Terralomas.jpg,https://assets.bancochile.cl/uploads/000/056/977/9ce05a46-075c-4166-8d02-c492c622a3f9/original/logo-web-Terralomas.jpg,Ramón Carrasco #355,True,"viernes, lunes, martes, jueves, miercoles, biobío, talcahuano",,restaurante
banchile_603c1c1a-9672-499a-8af0-ff0d47925d67,Banco de Chile,"visa-credito-infinite, visa-credito-signature, visa-credito-platinum",Saint Patrick´s Day,15,porcentaje,15% dcto.,lunes,,,30-Sep-2026,30-Sep-2026,Metropolitana,,,Región Metropolitana,0,0,Promoción válida hasta el 30 de septiembre de 2026. Exclusivo para clientes que paguen con Tarjetas emitidas por Banco de Chile (incluye Banco Edwards) y que soliciten el descuento al momento de...,False,False,2026-08-20T13:37:17.216628,https://sitiospublicos.bancochile.cl/personas/beneficios/detalle/saint-patrick-day,https://assets.bancochile.cl/uploads/000/047/462/f8155d22-19cd-44ac-b20e-5e5b1dcca486/original/banner-web-Saint-Patrick_s-Day.jpg,https://assets.bancochile.cl/uploads/000/047/461/f5b44242-c187-4360-8d58-319f35147b6b/original/logo-web-Saint-Patrick_s-Day.jpg,Av. Ricardo Cumming #340,True,"metropolitana de santiago, lunes, santiago",,restaurante
banchile_e5d01933-12e3-4d7f-859f-60bedab4d281,Banco de Chile,"visa-credito-infinite, visa-credito-signature, visa-credito-platinum",Tirua Bar-Restorán,20,porcentaje,20% dcto.,martes,,,30-Sep-2026,30-Sep-2026,Metropolitana,,,Región Metropolitana,0,0,Promoción válida hasta el 30 de septiembre de 2026. Exclusivo para clientes que paguen con Tarjetas emitidas por Banco de Chile (incluye Banco Edwards) y que soliciten el descuento al momento de...,False,True,2026-08-20T13:37:17.216676,https://sitiospublicos.bancochile.cl/personas/beneficios/detalle/tirua-bar-restoran,https://assets.bancochile.cl/uploads/000/101/770/2d400032-3eeb-40cb-893c-2190dbf4062d/original/banner-web-Tirua-Bar-Restora_n.jpg,https://assets.bancochile.cl/uploads/000/026/667/786b1e69-0811-43ab-a0cd-7911a9be6eca/original/logo-web-Bar-Tirua.jpg,Ramón Subercaseaux #455,True,"metropolitana de santiago, martes, planes, pirque",,restaurante
banchile_4ae70bc4-a29b-4f3b-8f80-8fde27f2ffe4,Banco de Chile,"visa-credito-infinite, visa-credito-signature, visa-credito-platinum",Enkai Asian Food,20,porcentaje,20% dcto.,lunes,,,30-Sep-2026,30-Sep-2026,Antofagasta,,,Región de Antofagasta,0,0,Promoción válida hasta el 30 de septiembre de 2026. Exclusivo para clientes que paguen con Tarjetas emitidas por Banco de Chile (incluye Banco Edwards) y que soliciten el descuento al momento de...,False,False,2026-08-20T13:37:17.216693,https://sitiospublicos.bancochile.cl/personas/beneficios/detalle/enkai-asian-food-dto,https://assets.bancochile.cl/uploads/000/057/760/02f27691-fd45-4785-b1b3-837d019bdb7c/original/banner-web-Enkai-Asian-Food.jpg,https://assets.bancochile.cl/uploads/000/057/759/3a37c1fc-ee13-4db8-bb2c-e56243d18549/original/logo-web-Enkai-Asian-Food.jpg,Jorge Washington #2421,True,"lunes, antofagasta",,restaurante
banchile_dee80e67-a554-4661-b81d-64bda8b05659,Banco de Chile,"visa-credito-infinite, visa-credito-signature, visa-credito-platinum",Mulata,20,porcentaje,20% dcto.,martes,,,30-Sep-2026,30-Sep-2026,Tarapacá,,,Región de Tarapacá,0,0,Promoción válida hasta el 30 de septiembre de 2026. pagando con Tarjetas de Crédito y Débito VISA del Banco de Chile y Banco Edwards. Tope de descuento máximo $50.000 por mesa. No incluye...,False,False,2026-08-20T13:37:17.216712,https://sitiospublicos.bancochile.cl/personas/beneficios/detalle/mulata,https://assets.bancochile.cl/uploads/000/042/404/75ec405b-4128-41cb-8db7-adb25658847a/original/banner-web-mulata.jpg,https://assets.bancochile.cl/uploads/000/042/403/565daa2a-dc52-4714-8a8c-c12b448bf95b/original/logo-web-mulata.jpg,Av. Arturo Prat Chacón #902,True,"martes, iquique, tarapacá",,restaurante
banchile_0bc142a2-9eb8-4cd4-9fc4-52f746515f64,Banco de Chile,"visa-credito-infinite, visa-credito-signature, visa-credito-platinum",MY HERO,20,porcentaje,20% dcto.,"viernes, lunes, martes, jueves, miercoles",,,30-Sep-2026,30-Sep-2026,Metropolitana,,,Nueva Lyon 45,0,0,Promoción válida hasta el 30 de septiembre de 2026. Exclusivo para clientes que paguen con Tarjetas emitidas por Banco de Chile (incluye Banco Edwards) y que soliciten el descuento al momento de...,False,False,2026-08-20T13:37:17.216733,https://sitiospublicos.bancochile.cl/personas/beneficios/detalle/my-hero,https://assets.bancochile.cl/uploads/000/027/709/5823dbbe-dc85-4a53-8b1c-50525b5ee606/original/banner-web-MY-HERO.jpg,https://assets.bancochile.cl/uploads/000/027/708/d6cf787c-e080-4307-9bc4-ee52673f09ec/original/logo-web-MY-HERO.jpg,Local 18 GALERÍA 2 CARACOLES,True,"providencia, viernes, lunes, martes, jueves, miercoles, santiago",,restaurante
banchile_84b3c1b9-b7bc-4a90-8f86-109362102017,Banco de Chile,"visa-credito-infinite, visa-credito-signature, visa-credito-platinum",CEVICHAZO 102,20,porcentaje,20% dcto.,"viernes, lunes",,,30-Sep-2026,30-Sep-2026,Metropolitana,,,RM,0,0,Promoción válida hasta el 30 de septiembre de 2026. Exclusivo para clientes que paguen con Tarjetas emitidas por Banco de Chile (incluye Banco Edwards) y que soliciten el descuento al momento de...,False,True,2026-08-20T13:37:17.216752,https://sitiospublicos.bancochile.cl/personas/beneficios/detalle/cevichazo-102,https://assets.bancochile.cl/uploads/000/101/774/338b6fc9-7498-4a88-a56d-a2348f88b32f/original/banner-web-CEVICHAZO.jpg,https://assets.bancochile.cl/uploads/000/026/769/99b81cac-f35d-4154-b258-2aaf75637e03/original/logo-cevichazo.jpg,Cirujano Guzman 102,True,"descuentos-santiago, metropolitana de santiago, providencia, viernes, lunes, planes, sabados",,restaurante
banchile_39ebfb4a-75bd-4def-b873-8f6d7571cfd9,Banco de Chile,"visa-credito-infinite, visa-credito-signature, visa-credito-platinum",Buffet Express,20,porcentaje,20% dcto.,"lunes, martes, miercoles",,,30-Sep-2026,30-Sep-2026,Metropolitana,,,"Kennedy N9001, Manquehue Sur 31, Kennedy N 5413, Av. Andrés Bello N2447, Borja N 66, RM, Vicuña Mackenna N 6100, Vicuña Mackenna N 7110, Av. Americo Vespucio N 1501, Jorge Alessandri N 20040, AV. Larraín 5862, Av. Libertad n1348, Los carreras ponientes 301, Barros arana 1068, Bío-Bío, Calle Valdivia n440, Av. Alemania n671, Urmenta n580, Illapel n10, Arauco n561, Ignacio serrano N 574, Av. Alberto Solari n1400, Varela N1524, Av. Balmaceda n2355, Av. Balmaceda n 3242",0,0,"Promoción válida hasta el 30 de septiembre de 2026. Exclusivo para clientes que paguen con Tarjetas emitidas por Banco de Chile, Banco Edwards y que soliciten el descuento al momento de pagar en...",False,False,2026-08-20T13:37:17.216826,https://sitiospublicos.bancochile.cl/personas/beneficios/detalle/buffet-express,https://assets.bancochile.cl/uploads/000/100/343/bb14e827-79b9-415a-85e7-6d2431f5c577/original/banner-web-Buffet-Express.jpg,https://assets.bancochile.cl/uploads/000/108/704/239c850a-aa5a-4904-986c-79bf515ca955/original/logo-web-Buffet-Express.jpg,Local 3508,True,"descuentos-regiones, descuentos-santiago, valparaíso, puerto montt, calama, castro, metropolitana de santiago, lunes, martes, miercoles, los lagos, viña del mar, la serena, coquimbo, antofagasta, concepción, biobío, los ríos, temuco, santiago, valdivia, cerrillos, los angeles, atacama",,restaurante
banchile_91fbf5bb-8352-40ea-a9bc-75c319d2a430,Banco de Chile,"visa-credito-infinite, visa-credito-signature, visa-credito-platinum",Peluquería Francesa,20,porcentaje,20% dcto.,"viernes, sabado, lunes, martes, jueves, miercoles",,,31-Dic-2026,31-Dic-2026,Metropolitana,,,RM,0,0,Promoción válida hasta el 31 de diciembre de 2026. Exclusivo para clientes que paguen con Tarjetas emitidas por Banco de Chile (incluye Banco Edwards) y que soliciten el descuento al momento de...,False,True,2026-08-20T13:37:17.216843,https://sitiospublicos.bancochile.cl/personas/beneficios/detalle/peluqueria-francesa,https://assets.bancochile.cl/uploads/000/100/392/44b1cb5d-5073-4c1e-9321-1d9d96a0327c/original/banner-web-PELUQUERIA-FRANCESA.jpg,https://assets.bancochile.cl/uploads/000/026/777/b0fabcbd-f24b-48df-a274-040ddbd40d92/original/logo-we-peluqueria.jpg,Compañía de Jesús 2789,True,"descuentos-santiago, metropolitana de santiago, viernes, sabado, lunes, martes, jueves, miercoles, santiago, planes",,restaurante
banchile_7981a2f9-04fd-4d8e-b700-007bf58f833d,Banco de Chile,"visa-credito-infinite, visa-credito-signature, visa-credito-platinum",Trattoria Santtino,20,porcentaje,20% dcto.,"martes, jueves",,,31-Dic-2026,31-Dic-2026,Metropolitana,,,Av. Del Canal 19811 centro comercial paseo de los valles ciudad de los valles,0,0,Promoción válida hasta el 31 de diciembre de 2026. Exclusivo para clientes que paguen con Tarjetas emitidas por Banco de Chile (incluye Banco Edwards) y que soliciten el descuento al momento de...,False,False,2026-08-20T13:37:17.216862,https://sitiospublicos.bancochile.cl/personas/beneficios/detalle/trattoria-santtino,https://assets.bancochile.cl/uploads/000/100/399/a01d5356-0274-411d-ba27-eb2e579e51e2/original/banner-web-Trattoria-Santtino.jpg,https://assets.bancochile.cl/uploads/000/027/762/6add6e1c-c789-4b16-9925-3a1f87b0ec06/original/logo-web-santinno.jpg,Local 16,True,"descuentos-santiago, metropolitana de santiago, martes, jueves, planes, pudahuel",,restaurante
banchile_94191e78-f6eb-45b9-ad28-062c3d5adfef,Banco de Chile,"visa-credito-infinite, visa-credito-signature, visa-credito-platinum",Kechua,20,porcentaje,20% dcto.,"viernes, domingo, sabado, lunes, martes, jueves, miercoles",,,31-Dic-2026,31-Dic-2026,Metropolitana,,,"Región Metropolitana, Región Metropolitana, Región Metropolitana",0,0,Promoción válida hasta el 31 de diciembre de 2026. Exclusivo para clientes que paguen con Tarjetas emitidas por Banco de Chile (incluye Banco Edwards) y que soliciten el descuento al momento de...,False,False,2026-08-20T13:37:17.216897,https://sitiospublicos.bancochile.cl/personas/beneficios/detalle/kechua,https://assets.bancochile.cl/uploads/000/027/638/55a47d54-d72a-4a4c-95bb-3812d092673f/original/banner-web-kechua.jpg,https://assets.bancochile.cl/uploads/000/027/637/6e406cc8-86e1-4bfb-b6d0-50ab99ab5edb/original/logo-web-kechua.jpg,Diecinueve de Abril 3526,True,"metropolitana de santiago, providencia, viernes, domingo, sabado, vitacura, ñuñoa, lunes, martes, jueves, miercoles",,restaurante
banchile_228944a8-4c09-4ad8-84f5-8b5d2d931a82,Banco de Chile,"visa-credito-infinite, visa-credito-signature, visa-credito-platinum",DO SUSHI,20,porcentaje,20% dcto.,"viernes, lunes, martes",,,31-Dic-2026,31-Dic-2026,Metropolitana,,,Local 0167,0,0,Promoción válida hasta el 31 de diciembre de 2026. Exclusivo para clientes que paguen con Tarjetas emitidas por Banco de Chile (incluye Banco Edwards) y que soliciten el descuento al momento de...,False,False,2026-08-20T13:37:17.216917,https://sitiospublicos.bancochile.cl/personas/beneficios/detalle/do-sushi,https://assets.bancochile.cl/uploads/000/058/511/e4d4668a-e8bd-4da6-9348-c39f1488cd43/original/banner-web-DO-SUSHI.jpg,https://assets.bancochile.cl/uploads/000/058/510/0132ee68-4e2b-422e-8989-14dadcfb2e4d/original/logo-web-DO-SUSHI.jpg,Avenida Suecia #155,True,"metropolitana de santiago, providencia, viernes, lunes, martes",,restaurante
banchile_649e9232-6605-4d0c-a41d-7ab456d5a927,Banco de Chile,"visa-credito-infinite, visa-credito-signature, visa-credito-platinum",NOLIA,20,porcentaje,20% dcto.,martes,,,31-Oct-2026,31-Oct-2026,Metropolitana,,,Región Metropolitana,0,0,Promoción válida hasta el 31 de octubre de 2026. Exclusivo para clientes que paguen con Tarjetas emitidas por Banco de Chile (incluye Banco Edwards) y que soliciten el descuento al momento de...,False,True,2026-08-20T13:37:17.216931,https://sitiospublicos.bancochile.cl/personas/beneficios/detalle/nolia-dto,https://assets.bancochile.cl/uploads/000/059/822/1cf2ca95-89ad-41b8-8aa2-426555dccbea/original/banner-web-NOLIA.jpg,https://assets.bancochile.cl/uploads/000/059/821/a2e3e242-89cc-4d53-ba14-7fe756af586d/original/logo-web-NOLIA.jpg,Nilo Azul #1737,True,"metropolitana de santiago, vitacura, martes",,restaurante
banchile_019d13c7-dcfd-4fd6-9410-2f0edf0b5f85,Banco de Chile,"visa-credito-infinite, visa-credito-signature, visa-credito-platinum",PAD THAI,20,porcentaje,20% dcto.,"lunes, martes, miercoles",,,31-Dic-2026,31-Dic-2026,Metropolitana,,,Región Metropolitana,0,0,Promoción válida hasta el 31 de diciembre de 2026. Exclusivo para clientes que paguen con Tarjetas emitidas por Banco de Chile (incluye Banco Edwards) y que soliciten el descuento al momento de...,False,True,2026-08-20T13:37:17.216945,https://sitiospublicos.bancochile.cl/personas/beneficios/detalle/pad-thai,https://assets.bancochile.cl/uploads/000/042/759/904e3529-f5d2-4dca-abb8-5d45c15c1b68/original/banner-web-PAD-THAI.jpg,https://assets.bancochile.cl/uploads/000/042/758/3098b294-a622-4ecf-91cd-6400ecfa2eb5/original/logo-web-PAD-THAI.jpg,Manuel Montt #231,True,"metropolitana de santiago, providencia, lunes, martes, miercoles",,restaurante
banchile_abaf0ca5-249d-470a-95c7-742c8acc6bc7,Banco de Chile,"visa-credito-infinite, visa-credito-signature, visa-credito-platinum",VERDE SAZÓN,20,porcentaje,20% dcto.,"viernes, sabado, lunes, martes, jueves, miercoles",,,31-Dic-2026,31-Dic-2026,Metropolitana,,,RM,0,0,Promoción válida hasta el 31 de diciembre de 2026. Exclusivo para clientes que paguen con Tarjetas emitidas por Banco de Chile (incluye Banco Edwards) y que soliciten el descuento al momento de...,False,False,2026-08-20T13:37:17.216962,https://sitiospublicos.bancochile.cl/personas/beneficios/detalle/verde-sazon,https://assets.bancochile.cl/uploads/000/027/600/51ae13bf-e1d8-4aa4-8434-f5b81aaedc00/original/banner-web-verde-zason.jpg,https://assets.bancochile.cl/uploads/000/027/599/1427ce82-ad40-4290-8b74-96131ac9b711/original/logo-web-verde-zason.jpg,Miguel Claro 1873,True,"descuentos-santiago, metropolitana de santiago, providencia, viernes, sabado, lunes, martes, jueves, miercoles",,restaurante
banchile_6256622d-5962-416b-80f8-92245917f018,Banco de Chile,"visa-credito-infinite, visa-credito-signature, visa-credito-platinum",LA QUINTA PATA AL GATO,20,porcentaje,20% dcto.,todos,,,30-Sep-2026,30-Sep-2026,Valparaíso,,,Valparaíso,0,0,Promoción válida hasta el 30 de septiembre de 2026. Exclusivo para clientes que paguen con Tarjetas emitidas por Banco de Chile (incluye Banco Edwards) y que soliciten el descuento al momento de...,False,True,2026-08-20T13:37:17.216980,https://sitiospublicos.bancochile.cl/personas/beneficios/detalle/la-quinta-pata-al-gato,https://assets.bancochile.cl/uploads/000/100/674/1a6f49e6-d380-4460-a09a-9450a8b117da/original/banner-web-LA-QUINTA-PATA-AL-GATO.jpg,https://assets.bancochile.cl/uploads/000/026/751/0101ab54-6bc4-4e6e-8e47-48f5052e647f/original/logo-web-LA-QUINTA-PATA-AL-GATO.jpg,Av. Blanco encalada 1270,True,"descuentos-regiones, valparaíso, planes, quilpué, todos-los-dias",,restaurante
banchile_d2ca8bdb-599b-44ab-acc1-940d9b6fd188,Banco de Chile,"visa-credito-infinite, visa-credito-signature, visa-credito-platinum",Infiltrados,20,porcentaje,20% dcto.,"sabado, martes, miercoles",,,31-Dic-2026,31-Dic-2026,Metropolitana,,Vitacura,RM,0,0,Promoción válida hasta el 31 de diciembre de 2026. Exclusivo para clientes que paguen con Tarjetas emitidas por Banco de Chile (incluye Banco Edwards) y que soliciten el descuento al momento de...,False,True,2026-08-20T13:37:17.217021,https://sitiospublicos.bancochile.cl/personas/beneficios/detalle/infiltrados,https://assets.bancochile.cl/uploads/000/100/714/91e17ddb-6cd0-44cc-8dcd-3273b8ed1434/original/banner-web-Infiltrados.jpg,https://assets.bancochile.cl/uploads/000/026/789/12bf0250-cb89-4617-98ab-dcc957a79951/original/logo-web-infiltrados.jpg,Av. Vitacura 5708,True,"descuentos-santiago, metropolitana de santiago, sabado, vitacura, martes, miercoles, planes, segmentado",,restaurante
banchile_9718d0bb-3fc4-4681-b3d0-5b1d15edae01,Banco de Chile,"visa-credito-infinite, visa-credito-signature, visa-credito-platinum",La Biferia,20,porcentaje,20% dcto.,"viernes, sabado, lunes, martes, jueves, miercoles",,,31-Dic-2026,31-Dic-2026,Metropolitana,,,Región Metropolitana,0,0,Promoción válida hasta el 31 de diciembre de 2026. Exclusivo para clientes que paguen con Tarjetas emitidas por Banco de Chile (incluye Banco Edwards) y que soliciten el descuento al momento de...,False,True,2026-08-20T13:37:17.217037,https://sitiospublicos.bancochile.cl/personas/beneficios/detalle/la-biferia,https://assets.bancochile.cl/uploads/000/100/777/eab563f3-3f0e-4f98-ab98-2f54fc7539eb/original/banner-web-La-Biferi_a.jpg,https://assets.bancochile.cl/uploads/000/042/813/203082a7-3760-43e2-8469-2634516428c8/original/logo-web-biferia_1_.jpg,Av. Pedro de Valdivia 065,True,"metropolitana de santiago, providencia, viernes, sabado, lunes, martes, jueves, miercoles, planes",,restaurante
banchile_56f134ff-658f-4d84-b872-ef7ae9567a09,Banco de Chile,"visa-credito-infinite, visa-credito-signature, visa-credito-platinum",TURIN RISTORANTE,20,porcentaje,20% dcto.,martes,,,30-Sep-2026,30-Sep-2026,Atacama,,,Región de Atacama,0,0,Promoción válida hasta el 30 de septiembre de 2026. Exclusivo para clientes que paguen con Tarjetas emitidas por Banco de Chile (incluye Banco Edwards) y que soliciten el descuento al momento de...,False,False,2026-08-20T13:37:17.217089,https://sitiospublicos.bancochile.cl/personas/beneficios/detalle/turin-ristorante,https://assets.bancochile.cl/uploads/000/100/673/073e2552-6836-4c8d-b868-70c9a21005f3/original/banner-web-TURIN-RISTORANTE.jpg,https://assets.bancochile.cl/uploads/000/026/809/0db18bed-c929-44db-a467-f374665ec5af/original/logo-web-TURIN-RISTORANTI.jpg,Av. Copayapu #4421,True,"martes, planes, copiapó, atacama",,restaurante
banchile_4e6882a2-42e8-4922-be41-bfe8d562509c,Banco de Chile,"visa-credito-infinite, visa-credito-signature, visa-credito-platinum",RUGENDAS,20,porcentaje,20% dcto.,"viernes, domingo, sabado, lunes, martes, jueves, miercoles",,,31-Dic-2026,31-Dic-2026,Metropolitana,,,RM,0,0,Promoción válida hasta el 31 de diciembre de 2026. Exclusivo para clientes que paguen con Tarjetas emitidas por Banco de Chile (incluye Banco Edwards) y que soliciten el descuento al momento de...,False,False,2026-08-20T13:37:17.217119,https://sitiospublicos.bancochile.cl/personas/beneficios/detalle/rugendas,https://assets.bancochile.cl/uploads/000/027/775/b35873c6-e6dc-4ef0-8709-ece42331961c/original/banner-web-RUGENDAS.jpg,https://assets.bancochile.cl/uploads/000/027/774/cf879d5f-1fba-479b-95e7-0f12d545936a/original/logo-web-RUGENDAS.jpg,Callao 3123,True,"metropolitana de santiago, viernes, domingo, sabado, lunes, martes, jueves, miercoles, las condes",,restaurante
banchile_a260dd4b-17e1-4ec7-9341-1ff4b87239b9,Banco de Chile,"visa-credito-infinite, visa-credito-signature, visa-credito-platinum",SABOR Y AROMA,20,porcentaje,20% dcto.,"viernes, lunes, martes, jueves, miercoles",,,31-Dic-2026,31-Dic-2026,Metropolitana,,,RM,0,0,Promoción válida hasta el 31 de diciembre de 2026. Exclusivo para clientes que paguen con Tarjetas emitidas por Banco de Chile (incluye Banco Edwards) y que soliciten el descuento al momento de...,False,True,2026-08-20T13:37:17.217137,https://sitiospublicos.bancochile.cl/personas/beneficios/detalle/sabor-y-aroma,https://assets.bancochile.cl/uploads/000/100/388/1d570b2b-267f-45a7-8a9e-b762f8d9ad73/original/banner-web-SABOR-Y-AROMA.jpg,https://assets.bancochile.cl/uploads/000/026/783/ed9482b6-d9e5-4a90-a68b-f4a4e4c8ad0f/original/logo-web-SABOR-Y-AROMA.jpg,Raúl Labbe 12559,True,"descuentos-santiago, metropolitana de santiago, viernes, lo barnechea, lunes, martes, jueves, miercoles, planes",,restaurante
banchile_ae954073-d5c6-4ca7-b462-40b6acf1fda8,Banco de Chile,"visa-credito-infinite, visa-credito-signature, visa-credito-platinum",ÁGAPÉ,20,porcentaje,20% dcto.,todos,,,30-Sep-2026,30-Sep-2026,Valparaíso,,,8 Norte 310,0,0,Promoción válida hasta el 30 de septiembre de 2026. Exclusivo para clientes que paguen con Tarjetas emitidas por Banco de Chile (incluye Banco Edwards) y que soliciten el descuento al momento de...,False,False,2026-08-20T13:37:17.217153,https://sitiospublicos.bancochile.cl/personas/beneficios/detalle/agape,https://assets.bancochile.cl/uploads/000/100/884/61c15c84-9ed2-43ef-b798-27007f2fa370/original/banner-web-AGAPE.jpg,https://assets.bancochile.cl/uploads/000/043/515/f13acb68-01bd-49f3-8977-9ee01999a9ef/original/logo-web-agape.jpg,Local 19,True,"valparaíso, viña del mar, planes, todos-los-dias",,restaurante
banchile_2d9875b7-3db6-4f3b-a523-b4c1ff7becfc,Banco de Chile,"visa-credito-infinite, visa-credito-signature, visa-credito-platinum",Novu,20,porcentaje,20% dcto.,lunes,,,30-Nov-2026,30-Nov-2026,O'Higgins,,,"Maule, Región del Libertador Bernardo OHiggins",0,0,Promoción válida hasta el 30 de noviembre de 2026. Exclusivo para clientes que paguen con Tarjetas emitidas por Banco de Chile (incluye Banco Edwards) y que soliciten el descuento al momento de...,False,False,2026-08-20T13:37:17.217173,https://sitiospublicos.bancochile.cl/personas/beneficios/detalle/novu,https://assets.bancochile.cl/uploads/000/101/027/22868c44-586d-4ec8-a642-654abba05265/original/banner-web-novu.jpg,https://assets.bancochile.cl/uploads/000/026/739/28050900-3883-4f95-91bc-553f7a0e0e47/original/logo-web-onu.jpg,Carrera 301,True,"lunes, planes, curicó, santa cruz, ohiggins",,restaurante
banchile_f2baf82b-42e2-405d-a5f9-4bde21f3b673,Banco de Chile,"visa-credito-infinite, visa-credito-signature, visa-credito-platinum",La Previa Bar,20,porcentaje,20% dcto.,"lunes, martes",,,31-Dic-2026,31-Dic-2026,Araucanía,,,Región de la Araucanía,0,0,Promoción válida hasta el 31 de diciembre de 2026. Exclusivo para clientes que paguen con Tarjetas emitidas por Banco de Chile (incluye Banco Edwards) y que soliciten el descuento al momento de...,False,True,2026-08-20T13:37:17.217189,https://sitiospublicos.bancochile.cl/personas/beneficios/detalle/la-previa-bar,https://assets.bancochile.cl/uploads/000/042/477/17c8c4fe-779c-4043-ab1f-6fbddec76395/original/banner-web-La-Previa-Bar.jpg,https://assets.bancochile.cl/uploads/000/042/476/b239a749-11bf-4afe-a689-f047ea53a25d/original/logo-web-La-Previa-Bar.jpg,Avenida Alemania #01765,True,"lunes, martes, la araucanía, temuco",,restaurante
banchile_39e5631f-6ea2-4762-bf90-f7b9a2fa72d5,Banco de Chile,"visa-credito-infinite, visa-credito-signature, visa-credito-platinum",Majestic,25,porcentaje,25% dcto.,"viernes, domingo, sabado, lunes, martes, jueves, miercoles",,,31-Dic-2026,31-Dic-2026,Metropolitana,,,Region Metropolitana,0,0,Promoción válida hasta el 31 de diciembre de 2026. Exclusivo para clientes que paguen con Tarjetas emitidas por Banco de Chile (incluye Banco Edwards) y que soliciten el descuento al momento de...,False,False,2026-08-20T13:37:17.217212,https://sitiospublicos.bancochile.cl/personas/beneficios/detalle/majestic,https://assets.bancochile.cl/uploads/000/100/685/fc4554e5-a9ff-43de-a832-096a9db00460/original/banner-web-majestic.jpg,https://assets.bancochile.cl/uploads/000/100/687/d541c9de-8d5b-4d9b-91e7-30a94a041e4e/original/logo-web-majestic.jpg,Av. Pdte. Kennedy Lateral 5600,True,"viernes, domingo, sabado, vitacura, lunes, martes, jueves, miercoles, planes",,restaurante
banchile_cc7b38e3-0738-4823-b59d-00a547d3f89c,Banco de Chile,"visa-credito-infinite, visa-credito-signature, visa-credito-platinum",Mutto´s Bistró,20,porcentaje,20% dcto.,lunes,,,30-Sep-2026,30-Sep-2026,Biobío,,,Región del Biobío,0,0,Promoción válida hasta el 30 de septiembre de 2026. Exclusivo para clientes que paguen con Tarjetas emitidas por Banco de Chile y Banco Edwards y que soliciten el descuento al momento de pagar en...,False,False,2026-08-20T13:37:17.217231,https://sitiospublicos.bancochile.cl/personas/beneficios/detalle/mutto-s-bistro,https://assets.bancochile.cl/uploads/000/096/740/546727be-c066-4d79-b6fd-88f034538346/original/banner-web-Muttos-Bistro.jpg,https://assets.bancochile.cl/uploads/000/096/739/9449ac70-4f5b-445c-8443-48ec8fe6cab3/original/logo-web-MuttosBistro.jpg,Av. Pedro de Valdivia #1065,True,"lunes, concepción, biobío",,restaurante
banchile_87d10727-43ef-4a42-aa34-03c374c3ac0e,Banco de Chile,"visa-credito-infinite, visa-credito-signature, visa-credito-platinum",LA BARRA ANDALUE,20,porcentaje,20% dcto.,"viernes, sabado, lunes, martes, jueves, miercoles",,,30-Sep-2026,30-Sep-2026,Biobío,,,Andalue 2295,0,0,Promoción válida hasta el 30 de septiembre de 2026. Exclusivo para clientes que paguen con Tarjetas emitidas por Banco de Chile (incluye Banco Edwards) y que soliciten el descuento al momento de...,False,False,2026-08-20T13:37:17.217250,https://sitiospublicos.bancochile.cl/personas/beneficios/detalle/la-barra-andalue,https://assets.bancochile.cl/uploads/000/101/768/a1160096-a00f-4356-b8c6-639571805aa5/original/banner-web-La-Barra-Andalue.jpg,https://assets.bancochile.cl/uploads/000/043/306/c1795775-a237-490b-b2e8-c98429f05489/original/logo-web-La-Barra-Andalue.jpg,Local 1,True,"viernes, sabado, lunes, martes, jueves, miercoles, biobío, planes, san pedro de la paz",,restaurante
banchile_5714202e-0a19-41af-b0fe-663812fe1ff8,Banco de Chile,"visa-credito-infinite, visa-credito-signature, visa-credito-platinum",Tuto Beach,20,porcentaje,20% dcto.,"viernes, domingo, sabado, lunes, martes, jueves, miercoles",,,31-Dic-2026,31-Dic-2026,Arica y Parinacota,,,Región de Arica y Parinacota,0,0,Promoción válida hasta el 31 de diciembre de 2026. Exclusivo para clientes que paguen con Tarjetas emitidas por Banco de Chile (incluye Banco Edwards) y que soliciten el descuento al momento de...,False,False,2026-08-20T13:37:17.217268,https://sitiospublicos.bancochile.cl/personas/beneficios/detalle/tuto-beach,https://assets.bancochile.cl/uploads/000/100/666/f774768a-c177-4b51-b958-c18f410ecaeb/original/banner-web-Tuto-Beach.jpeg,https://assets.bancochile.cl/uploads/000/042/131/67c6ca3f-b357-438e-9c0f-3284bf524570/original/logo-web-Beach.jpg,AVENIDA COMANDANTE SAN MARTIN #545,True,"arica, viernes, domingo, sabado, lunes, martes, jueves, miercoles, planes, arica y parinacota, segmentado",,restaurante
banchile_262050e5-d4e2-46f5-bb16-7b1d908944f5,Banco de Chile,"visa-credito-infinite, visa-credito-signature, visa-credito-platinum",Holy Burger and Bar,20,porcentaje,20% dcto.,martes,,,31-Dic-2026,31-Dic-2026,Araucanía,,,Región de la Araucanía,0,0,Promoción válida hasta el 31 de diciembre de 2026. Exclusivo para clientes que paguen con Tarjetas emitidas por Banco de Chile (incluye Banco Edwards) y que soliciten el descuento al momento de...,False,True,2026-08-20T13:37:17.217286,https://sitiospublicos.bancochile.cl/personas/beneficios/detalle/holy-burger-and-bar,https://assets.bancochile.cl/uploads/000/042/787/f8b88144-aafb-4ba1-bbcc-fd3c6337f9b1/original/banner-web-Holy-Burger-and-Bar.jpg,https://assets.bancochile.cl/uploads/000/042/786/2dc19555-96d1-4efc-90d0-33ee60669927/original/logo-web-Holy-Burger-and-Bar.jpg,Av. Inés de Suarez #1250,True,"descuentos-regiones, martes, la araucanía, temuco",,restaurante
banchile_2fbce226-66cb-42e4-99b2-279e7a7bcbb7,Banco de Chile,"visa-credito-infinite, visa-credito-signature, visa-credito-platinum",Perú Gustoso,20,porcentaje,20% dcto.,"sabado, martes",,,30-Mar-2027,30-Mar-2027,Metropolitana,,,Región Metropolitana,0,0,Promoción válida hasta el 30 de marzo de 2027. Exclusivo para clientes que paguen con Tarjetas emitidas por Banco de Chile y Banco Edwards y que soliciten el descuento al momento de pagar en...,False,False,2026-08-20T13:37:17.217300,https://sitiospublicos.bancochile.cl/personas/beneficios/detalle/peru-gustoso,https://assets.bancochile.cl/uploads/000/100/379/fdf1ac10-748e-492a-a88b-ce48196e4554/original/banner-web-Peru_-Gustoso.jpg,https://assets.bancochile.cl/uploads/000/101/322/3f17f0ed-af8b-49cc-a4e9-0a7d97ff95d6/original/logo-web-PeruGustoso.jpg,Pedro de Valdivia #139,True,"metropolitana de santiago, providencia, sabado, martes",,restaurante
banchile_4e0431f7-28f3-46d1-b568-8ac1889ad219,Banco de Chile,"visa-credito-infinite, visa-credito-signature, visa-credito-platinum",Divertimento Chileno,20,porcentaje,20% dcto.,"lunes, martes",,,31-Mar-2027,31-Mar-2027,Metropolitana,,,Región Metropolitana,0,0,Promoción válida hasta el 31 de marzo de 2027. Exclusivo para clientes que paguen con Tarjetas emitidas por Banco de Chile y Banco Edwards y que soliciten el descuento al momento de pagar en...,False,False,2026-08-20T13:37:17.217335,https://sitiospublicos.bancochile.cl/personas/beneficios/detalle/divertimento-chileno,https://assets.bancochile.cl/uploads/000/101/454/55388dc6-c49b-49e9-a167-153eaeea1554/original/banner-web-Divertimento-Chileno.jpg,https://assets.bancochile.cl/uploads/000/101/455/c4aabdf3-f06b-4a8a-8f9a-1c1d585e1b05/original/logo-web-Divertimento-Chileno.jpg,Av. El Cerro 722,True,"metropolitana de santiago, providencia, lunes, martes",,restaurante
banchile_bb2be23a-d5e4-42f4-b4e3-1c294407a35a,Banco de Chile,"visa-credito-infinite, visa-credito-signature, visa-credito-platinum",Terrazza,20,porcentaje,20% dcto.,sabado,,,31-Dic-2026,31-Dic-2026,Coquimbo,,,Coquimbo,0,0,Promoción válida hasta el 31 de diciembre de 2026. Exclusivo para clientes que paguen con Tarjetas emitidas por Banco de Chile (incluye Banco Edwards) y que soliciten el descuento al momento de...,False,True,2026-08-20T13:37:17.217351,https://sitiospublicos.bancochile.cl/personas/beneficios/detalle/terrazza,https://assets.bancochile.cl/uploads/000/100/680/383897c8-7bfd-49fe-8c83-d32496bf4583/original/banner-web-TERRAZZA.jpg,https://assets.bancochile.cl/uploads/000/042/438/4462fd2b-9244-4729-9fcd-e18d543b4eb6/original/logo-web-terraza.jpg,Eduardo de la Barra 435,True,"sabado, la serena, coquimbo, planes",,restaurante
banchile_4b422176-f73f-49c5-9e0a-540adc78f37e,Banco de Chile,"visa-credito-infinite, visa-credito-signature, visa-credito-platinum",Almíbar,20,porcentaje,20% dcto.,"lunes, martes, miercoles",,,31-Oct-2026,31-Oct-2026,Maule,,,"Maule, Maule",0,0,Promoción válida hasta el 31 de octubre de 2026. Exclusivo para clientes que paguen con Tarjetas emitidas por Banco de Chile (incluye Banco Edwards) y que soliciten el descuento al momento de...,False,True,2026-08-20T13:37:17.217370,https://sitiospublicos.bancochile.cl/personas/beneficios/detalle/almibar,https://assets.bancochile.cl/uploads/000/101/072/5ddbc612-8b3d-4081-b1aa-c5f1ac87fe36/original/banner-web-ALMIBAR.jpg,https://assets.bancochile.cl/uploads/000/026/747/a4327076-4689-4f9f-b3c8-dad4e99217cf/original/logo-web-ALMIBAR.jpg,Diagonal Isidro del solar 105,True,"lunes, martes, miercoles, maule, planes, curicó, segmentado",,restaurante
banchile_e76a9543-5fa7-41c0-92cb-aba373791420,Banco de Chile,"visa-credito-infinite, visa-credito-signature, visa-credito-platinum",Barrio Chick'en,40,porcentaje,40% dcto.,viernes,,,31-Dic-2026,31-Dic-2026,Antofagasta,,,"AV. ANDRES BELLO 2447, LOCAL 5517, AV. JORGE ALESSANDRI 3177, CAMILO HENRIQUEZ 3296, BALMACEDA 2355, AV. ALEMANIA 0671, AV. VICUÑA MACKENNA 6100 LOCAL 3505, AV. BALMACEDA 3242, WALKER MARTÍNEZ 315",0,0,Promoción válida hasta el 31 de diciembre de 2026. Exclusivo para clientes que paguen con Tarjetas emitidas por Banco de Chile y Banco Edwards y ingreses los primeros 6 digitos de su tarjeta en...,False,False,2026-08-20T13:37:17.217421,https://sitiospublicos.bancochile.cl/personas/beneficios/detalle/barrio-chicken,https://assets.bancochile.cl/uploads/000/097/224/9ea7f7a3-9431-4f5f-ab41-c8d1b11c62b4/original/banner-web-Barrio-chicken.jpg,https://assets.bancochile.cl/uploads/000/097/225/55e6c8f1-c28e-40f8-84ee-f24ea1688565/original/logo-web-Barrio-chicken.jpg,Costanera Center,True,"calama, viernes, la florida, big5, antofagasta, biobío, temuco, talcahuano, puente alto, metropolitana, araucanía",,restaurante
banchile_881d0ba0-3c8c-458a-a0fc-682b261cbd90,Banco de Chile,"visa-credito-infinite, visa-credito-signature, visa-credito-platinum",Ari Nikkei,20,porcentaje,20% dcto.,lunes,,,31-Dic-2026,31-Dic-2026,Metropolitana,,,Locales 309 y 310,0,0,"Promoción válida hasta el 31 de diciembre de 2026. Exclusivo para clientes que paguen con Tarjetas emitidas por Banco de Chile, Banco Edwards y que soliciten el descuento al momento de pagar en...",False,False,2026-08-20T13:37:17.217436,https://sitiospublicos.bancochile.cl/personas/beneficios/detalle/ari-nikkei-20,https://assets.bancochile.cl/uploads/000/101/205/96c158e2-cdf4-49d8-89ad-7e8e873c3211/original/banner-web-Ari-Nikkei.jpg,https://assets.bancochile.cl/uploads/000/042/509/c5c1b97c-293c-4600-9a07-0f17c33b901f/original/logo-Ari-Nikkei.jpg,El Alba #11969,True,"metropolitana de santiago, lunes, las condes",,restaurante
banchile_8d8a4db0-59f3-490d-94d7-9b5e55250c4d,Banco de Chile,"visa-credito-infinite, visa-credito-signature, visa-credito-platinum",SUSHI THAI,20,porcentaje,20% dcto.,lunes,,,31-Dic-2026,31-Dic-2026,Metropolitana,,,RM,0,0,Promoción válida hasta el 31 de diciembre de 2026. Exclusivo para clientes que paguen con Tarjetas emitidas por Banco de Chile (incluye Banco Edwards) y que soliciten el descuento al momento de...,False,True,2026-08-20T13:37:17.217450,https://sitiospublicos.bancochile.cl/personas/beneficios/detalle/sushi-thai,https://assets.bancochile.cl/uploads/000/101/759/7e2803b9-7e38-4c94-af85-5ecfa813b0ae/original/banner-web-SUSHI-THAI.jpg,https://assets.bancochile.cl/uploads/000/026/785/42a788a3-14a9-4218-9b63-06271e6a28cb/original/logo-wev-sushi.jpg,Av Central Gonzalo Pérez Llona 419,True,"metropolitana de santiago, lunes, maipú, planes, segmentado",,restaurante
banchile_79d89776-655a-4321-8e03-5089a6742edd,Banco de Chile,"visa-credito-infinite, visa-credito-signature, visa-credito-platinum",CANDELA BISTRO,20,porcentaje,20% dcto.,martes,,,31-Dic-2026,31-Dic-2026,Valparaíso,,,Valparaíso,0,0,Promoción válida hasta el 31 de diciembre de 2026. Exclusivo para clientes que paguen con Tarjetas emitidas por Banco de Chile (incluye Banco Edwards) y que soliciten el descuento al momento de...,False,True,2026-08-20T13:37:17.217463,https://sitiospublicos.bancochile.cl/personas/beneficios/detalle/candela-bistro,https://assets.bancochile.cl/uploads/000/101/772/7afc61d2-3c86-4d0e-9cc9-f338823e6480/original/banner-web-CANDELA-BISTRO.jpg,https://assets.bancochile.cl/uploads/000/026/761/26c14b6c-b873-4e8f-a737-5e8dc8414b51/original/logo-web-Candela-Bistro.jpg,1 Oriente 1264,True,"valparaíso, martes, viña del mar, planes",,restaurante
banchile_42b83d4c-68fa-4311-9a3b-7da4ca4609cc,Banco de Chile,"visa-credito-infinite, visa-credito-signature, visa-credito-platinum",LA PIZZARRA,20,porcentaje,20% dcto.,"lunes, martes, miercoles",,,31-Dic-2026,31-Dic-2026,Metropolitana,,,Región Metropolitana,0,0,Promoción válida hasta el 31 de diciembre de 2026. Exclusivo para clientes que paguen con Tarjetas emitidas por Banco de Chile (incluye Banco Edwards) y que soliciten el descuento al momento de...,False,False,2026-08-20T13:37:17.217478,https://sitiospublicos.bancochile.cl/personas/beneficios/detalle/la-pizzarra,https://assets.bancochile.cl/uploads/000/101/776/211f2e9d-94e5-4f97-a17a-a93e3e8d88e5/original/banner-web-LA-PIZZARRA.jpg,https://assets.bancochile.cl/uploads/000/043/291/bd52eb33-4b3f-4c05-bfb5-a63ff6abe9c5/original/logo-web-La-Pizzarra.jpg,Príncipe de Gales #6519,True,"metropolitana de santiago, lunes, martes, miercoles, la reina, planes",,restaurante
banchile_3c1e08d7-01c2-4543-b18c-caac0cf11a46,Banco de Chile,"visa-credito-infinite, visa-credito-signature, visa-credito-platinum",Rogusta,20,porcentaje,20% dcto.,martes,,,30-Sep-2026,30-Sep-2026,Los Ríos,,,Región de Los Ríos,0,0,Promoción válida hasta el 30 de septiembre de 2026. Exclusivo para clientes que paguen con Tarjetas emitidas por Banco de Chile y Banco Edwards y que soliciten el descuento al momento de pagar en...,False,False,2026-08-20T13:37:17.217494,https://sitiospublicos.bancochile.cl/personas/beneficios/detalle/rogusta,https://assets.bancochile.cl/uploads/000/088/426/769e1a85-5c6a-488e-8227-4c813b29c868/original/banner-web-Rogusta.jpg,https://assets.bancochile.cl/uploads/000/088/427/ea282a88-e03f-4a80-b9fd-f36fcade5dd4/original/logo-web-Rogusta.jpg,Saelzer 71,True,"martes, los ríos, valdivia",,restaurante
banchile_338aa4c0-fc78-467d-b927-cf0fdb535395,Banco de Chile,"visa-credito-infinite, visa-credito-signature, visa-credito-platinum",Chile Lindo,20,porcentaje,20% dcto.,martes,,,30-Sep-2026,30-Sep-2026,Antofagasta,,,Región de Antofagasta,0,0,Promoción válida hasta el 30 de septiembre de 2026. Exclusivo para clientes que paguen con Tarjetas emitidas por Banco de Chile (incluye Banco Edwards) y que soliciten el descuento al momento de...,False,False,2026-08-20T13:37:17.217509,https://sitiospublicos.bancochile.cl/personas/beneficios/detalle/chile-lindo,https://assets.bancochile.cl/uploads/000/043/771/d399cad4-d9e0-42ba-bd77-385602600331/original/banner-web-Chile-Lindo.jpg,https://assets.bancochile.cl/uploads/000/108/708/54abc869-eadc-44c3-9446-85c307398fc4/original/logo-web-Chile-Lindo.jpg,"WASHINGTON #2430,",True,"martes, antofagasta",,restaurante
banchile_0a8d9eca-e9f7-466d-b0a9-917522a592ce,Banco de Chile,"visa-credito-infinite, visa-credito-signature, visa-credito-platinum",La Cocina de Javier,30,porcentaje,30% dcto.,martes,,,30-Nov-2026,30-Nov-2026,Metropolitana,,Vitacura,Región Metropolitana,0,0,Promoción válida hasta el 30 de noviembre de 2026. Exclusivo para clientes que paguen con Tarjetas emitidas por Banco de Chile (incluye Banco Edwards) y que soliciten el descuento al momento de...,False,False,2026-08-20T13:37:17.217523,https://sitiospublicos.bancochile.cl/personas/beneficios/detalle/la-cocina-de-javier,https://assets.bancochile.cl/uploads/000/055/286/390a31f7-b9d0-41e2-8b27-8637b1fff8a0/original/banner-web-La-Cocina-de-Javier.jpg,https://assets.bancochile.cl/uploads/000/055/285/68be8da0-a204-44ae-9aaf-63334f09291b/original/logo-web-La-Cocina-de-Javier.jpg,VITACURA #7482,True,"metropolitana de santiago, vitacura, martes",,restaurante
banchile_4a267358-78d2-4a02-b196-9fbda5053a96,Banco de Chile,"visa-credito-infinite, visa-credito-signature, visa-credito-platinum",Greed Taproom,20,porcentaje,20% dcto.,domingo,,,31-Dic-2026,31-Dic-2026,Los Lagos,,,Región de Los Lagos,0,0,Promoción válida hasta el 31 de diciembre de 2026. Exclusivo para clientes que paguen con Tarjetas emitidas por Banco de Chile (incluye Banco Edwards) y que soliciten el descuento al momento de...,False,True,2026-08-20T13:37:17.217538,https://sitiospublicos.bancochile.cl/personas/beneficios/detalle/greed-taproom,https://assets.bancochile.cl/uploads/000/042/743/1fd86733-dcfc-46bf-b31d-f23e0e2255f7/original/banner-web-Greed-Taproom.jpg,https://assets.bancochile.cl/uploads/000/042/742/79014570-678b-4400-b0bc-ca9e95c12379/original/logo-web-Greed.jpg,Ignacio Zenteno #2661,True,"domingo, los lagos, osorno",,restaurante
banchile_eb207b50-7aa3-4ce6-9c81-24133883a16f,Banco de Chile,"visa-credito-infinite, visa-credito-signature, visa-credito-platinum",Pangoa,20,porcentaje,20% dcto.,"lunes, martes, miercoles",,,30-Sep-2026,30-Sep-2026,Maule,,,Región del Maule,0,0,Promoción válida hasta el 30 de septiembre de 2026. Exclusivo para clientes que paguen con Tarjetas emitidas por Banco de Chile (incluye Banco Edwards) y que soliciten el descuento al momento de...,False,False,2026-08-20T13:37:17.217599,https://sitiospublicos.bancochile.cl/personas/beneficios/detalle/pangoa,https://assets.bancochile.cl/uploads/000/101/856/ffee8b38-f597-46a0-ada7-a156115b1e37/original/banner-web-Pangoa.jpg,https://assets.bancochile.cl/uploads/000/101/855/e7e06258-e82c-4604-b7f3-e9b0b5a45ac6/original/logo-web-Pangoa.jpg,3 Oriente 1676,True,"lunes, martes, miercoles, maule, talca",,restaurante
banchile_d4f30e23-a006-48b3-9f85-516b06f3e7a5,Banco de Chile,"visa-credito-infinite, visa-credito-signature, visa-credito-platinum",Ristorante San Marco,20,porcentaje,20% dcto.,martes,,,30-Sep-2026,30-Sep-2026,Valparaíso,,,Región Valparaíso,0,0,Promoción válida hasta el 30 de septiembre de 2026. Exclusivo para clientes que paguen con Tarjetas emitidas por Banco de Chile (incluye Banco Edwards) y que soliciten el descuento al momento de...,False,False,2026-08-20T13:37:17.217615,https://sitiospublicos.bancochile.cl/personas/beneficios/detalle/ristorante-san-marco,https://assets.bancochile.cl/uploads/000/043/787/4f3f6d98-dd7d-4225-a5a0-97618c94d952/original/banner-web-Ristorante-San-Marco.jpg,https://assets.bancochile.cl/uploads/000/043/786/3e5dadfb-e1b9-4003-942b-cc051cf60d55/original/logo-web-Ristorante-San-Marco.jpg,Av. San Martín #597,True,"valparaíso, martes, viña del mar",,restaurante
banchile_69128289-1d34-4cc9-81f4-35cba714c0c7,Banco de Chile,"visa-credito-infinite, visa-credito-signature, visa-credito-platinum",Pietra Santa,20,porcentaje,20% dcto.,"martes, miercoles",,,31-Mar-2027,31-Mar-2027,Ñuble,,,Región del Biobio,0,0,Promoción válida hasta el 31 de marzo de 2027. Exclusivo para clientes que paguen con Tarjetas emitidas por Banco de Chile y Banco Edwards y que soliciten el descuento al momento de pagar en...,False,False,2026-08-20T13:37:17.217707,https://sitiospublicos.bancochile.cl/personas/beneficios/detalle/pietra-santa,https://assets.bancochile.cl/uploads/000/101/796/1891254f-89e5-4db6-82d5-3b33ec722a21/original/banner-web-Pietra-Santa.jpg,https://assets.bancochile.cl/uploads/000/101/795/2a17e8c7-218a-49c2-8386-71b549181b6c/original/logo-web-Pietra-Santa.jpg,Diagonal Pedro Aguirre Cerda 1255 Depto n°1,True,"martes, miercoles, chillán, ñuble",,restaurante
banchile_ca36e5db-f841-4db0-82d6-aa5c6728898c,Banco de Chile,"visa-credito-infinite, visa-credito-signature, visa-credito-platinum",OTTO´S,20,porcentaje,20% dcto.,"lunes, martes, jueves, miercoles",,,31-Dic-2026,31-Dic-2026,Ñuble,,,Ñuble,0,0,Promoción válida hasta el 31 de diciembre de 2026. Exclusivo para clientes que paguen con Tarjetas emitidas por Banco de Chile (incluye Banco Edwards) y que soliciten el descuento al momento de...,False,False,2026-08-20T13:37:17.217728,https://sitiospublicos.bancochile.cl/personas/beneficios/detalle/otto-s,https://assets.bancochile.cl/uploads/000/101/764/f810c79f-6694-446d-8ed7-ba525b22acb2/original/banner-web-OTTOS.jpg,https://assets.bancochile.cl/uploads/000/042/434/15978c5c-3d89-4536-921e-1e0885f6c971/original/logo-web-ottos.jpg,Avenida Argentina 1050,True,"descuentos-regiones, lunes, martes, jueves, miercoles, chillán, ñuble, planes",,restaurante
banchile_a62a63f3-86dc-4a0a-9ab3-499480093bf6,Banco de Chile,"visa-credito-infinite, visa-credito-signature, visa-credito-platinum",Ohbok Korean Bbq,20,porcentaje,20% dcto.,"lunes, martes",,,31-Ene-2027,31-Ene-2027,Metropolitana,,Vitacura,"Región Metropolitana, Región Metropolitana",0,0,Promoción válida hasta el 31 de enero de 2027. Exclusivo para clientes que paguen con Tarjetas emitidas por Banco de Chile y Banco Edwards y que soliciten el descuento al momento de pagar en...,False,False,2026-08-20T13:37:17.218033,https://sitiospublicos.bancochile.cl/personas/beneficios/detalle/ohbok-korean-bbq,https://assets.bancochile.cl/uploads/000/102/707/8b98ace5-3af6-43f9-a07e-7996c51e49b7/original/banner-web-Ohbok.jpg,https://assets.bancochile.cl/uploads/000/102/708/0bc0cd1e-bf42-40f4-ae63-e227a19f3373/original/logo-web-Ohbok.jpg,Av. Vitacura 4085,True,"metropolitana de santiago, vitacura, lunes, martes",,restaurante
banchile_db26c13b-9a75-49cb-b0c6-d6d676fa727e,Banco de Chile,"visa-credito-infinite, visa-credito-signature, visa-credito-platinum",Restaurante Misti,20,porcentaje,20% dcto.,"lunes, martes",,,31-Dic-2026,31-Dic-2026,Tarapacá,,,Región de Tarapacá,0,0,Promoción válida hasta el 31 de diciembre de 2026. Exclusivo para clientes que paguen con Tarjetas emitidas por Banco de Chile (incluye Banco Edwards) y que soliciten el descuento al momento de...,False,False,2026-08-20T13:37:17.218101,https://sitiospublicos.bancochile.cl/personas/beneficios/detalle/restaurante-misti,https://assets.bancochile.cl/uploads/000/076/231/fa8f8469-a5a2-4c75-80db-df90ebab021f/original/banner-web-Misti.jpg,https://assets.bancochile.cl/uploads/000/076/230/caea41ca-bbbd-4317-b2cf-70049f0d82e2/original/logo-web-Misti.jpg,Alcalde Godoy #220,True,"lunes, martes, iquique, tarapacá",,restaurante
banchile_ef32e895-1575-40d2-bc1a-38dc1ff1c080,Banco de Chile,"visa-credito-infinite, visa-credito-signature, visa-credito-platinum",Restaurante Aquí Jaime,20,porcentaje,20% dcto.,"lunes, martes, jueves, miercoles",,,31-Oct-2026,31-Oct-2026,Valparaíso,,,Región de Valparaíso,0,0,Promoción válida hasta el 31 de octubre de 2026. Exclusivo para clientes que paguen con Tarjetas emitidas por Banco de Chile (incluye Banco Edwards) y que soliciten el descuento al momento de...,False,False,2026-08-20T13:37:17.218178,https://sitiospublicos.bancochile.cl/personas/beneficios/detalle/restaurante-aqui-jaime,https://assets.bancochile.cl/uploads/000/046/133/16638fef-8390-4001-8218-44cd5dbd1189/original/banner-web-Aqu_-Jaime.jpg,https://assets.bancochile.cl/uploads/000/046/132/677cf078-b21f-42f5-b00a-4ccaadc19515/original/logo-web-Aqu_-Jaime.jpg,Avenida Borgoño #21303,True,"valparaíso, concón, lunes, martes, jueves, miercoles, segmentado",,restaurante
banchile_e886f2ce-d744-4508-8255-33479613a46d,Banco de Chile,"visa-credito-infinite, visa-credito-signature, visa-credito-platinum",Restaurante Isabella,20,porcentaje,20% dcto.,"martes, jueves, miercoles",,,30-Oct-2026,30-Oct-2026,Metropolitana,,,Región Metropolitana,0,0,Promoción válida hasta el 30 de octubre de 2026. Exclusivo para clientes que paguen con Tarjetas emitidas por Banco de Chile (incluye Banco Edwards) y que soliciten el descuento al momento de...,False,False,2026-08-20T13:37:17.218194,https://sitiospublicos.bancochile.cl/personas/beneficios/detalle/restaurante-isabella,https://assets.bancochile.cl/uploads/000/074/544/fcac8416-034c-4991-b424-fbef4ccabbf8/original/banner-web-Restaurante-Isabella.jpg,https://assets.bancochile.cl/uploads/000/074/543/c581e8a4-ecf1-4ddb-9d70-2f364ebfb38e/original/logo-web-Restaurante-Isabella.jpg,Alcaldesa Balbina Vera #3526,True,"metropolitana de santiago, ñuñoa, martes, jueves, miercoles",,restaurante
banchile_19e0983a-76fa-4ab7-9ce7-97625fd39800,Banco de Chile,"visa-credito-infinite, visa-credito-signature, visa-credito-platinum",Mia Pizzeria y bar,20,porcentaje,20% dcto.,lunes,,,31-Mar-2027,31-Mar-2027,Los Ríos,,,Región de Los Ríos,0,0,Promoción válida hasta el 31 de marzo de 2027. Exclusivo para clientes que paguen con Tarjetas emitidas por Banco de Chile y Banco Edwards y que soliciten el descuento al momento de pagar en...,False,False,2026-08-20T13:37:17.218211,https://sitiospublicos.bancochile.cl/personas/beneficios/detalle/mia-pizzeria-y-bar,https://assets.bancochile.cl/uploads/000/103/872/fef6b1c4-79f9-4ef9-84b4-003dd1176d3e/original/banner-web-Mia-Pizzeria.jpg,https://assets.bancochile.cl/uploads/000/026/741/9ef2fc6c-9dc3-4c4f-b7a4-8ac8d4c3c280/original/mia-logo.jpg,Av Los Robles #075,True,"lunes, valdivia, region de los rios",,restaurante
banchile_4de58044-66f5-41a1-b3dc-1e861e4d08ff,Banco de Chile,"visa-credito-infinite, visa-credito-signature, visa-credito-platinum",Mamut,40,porcentaje,Hasta 40% dcto.,martes,,,31-Dic-2026,31-Dic-2026,Metropolitana,,,"RM, RM, RM, RM, RM, RM, RM, RM, RM, RM, Bio Bio, Bio Bio, Antofagasta, Maule, RM, RM, Bio Bio, RM, RM, RM, RM, RM, RM, RM, RM, RM, RM, RM, Valparaíso",0,0,Promoción válida hasta el 31 de diciembre de 2026. Beneficio es válido para clientes que compren a través de App Mamut e ingresen primeros 6 dígitos de su Tarjeta como código de descuento o...,True,False,2026-08-20T13:37:17.574284,https://sitiospublicos.bancochile.cl/personas/beneficios/detalle/mamut,https://assets.bancochile.cl/uploads/000/056/632/2afa73b3-a415-413d-95f6-ddc8463b32b6/original/banner-web-mamut.jpg,https://assets.bancochile.cl/uploads/000/058/536/8d62d162-3de1-4404-8da5-482407617829/original/Burdeo_png.jpg,Avenida Américo Vespucio 1501,True,"todo-chile, big5, tarjeta-fan, martes",,restaurante
banchile_9e1128b9-8c39-4f1b-9fbe-d6d85b065a7c,Banco de Chile,"visa-credito-infinite, visa-credito-signature, visa-credito-platinum",Trybar Osorno,20,porcentaje,20% dcto.,"sabado, martes",,,30-Mar-2027,30-Mar-2027,Los Lagos,,,REGION DE LOS LAGOS,0,0,Promoción válida hasta el 30 de marzo de 2027. Exclusivo para clientes que paguen con Tarjetas emitidas por Banco de Chile y Banco Edwards y que soliciten el descuento al momento de pagar en...,False,False,2026-08-20T13:37:17.574500,https://sitiospublicos.bancochile.cl/personas/beneficios/detalle/trybar-osorno,https://assets.bancochile.cl/uploads/000/103/819/5fbab2b7-b60c-4968-ba0c-13f09a283c76/original/banner-web-Trybar-Osorno.jpg,https://assets.bancochile.cl/uploads/000/103/820/cd180e7e-50f7-45b2-8fc9-b16019b35ffc/original/logo-web-Trybar-Osorno.jpg,MANUEL BAQUEDANO 1049,True,"sabado, martes, los lagos, osorno",,restaurante
banchile_a12e6b92-c6df-4a70-824d-bf898a636418,Banco de Chile,"visa-credito-infinite, visa-credito-signature, visa-credito-platinum",Estación 424,20,porcentaje,20% dcto.,"lunes, martes, miercoles",,,31-Mar-2027,31-Mar-2027,Biobío,,,Región del Biobio,0,0,Promoción válida hasta el 31 de marzo de 2027. Exclusivo para clientes que paguen con Tarjetas emitidas por Banco de Chile y Banco Edwards y que soliciten el descuento al momento de pagar en...,False,False,2026-08-20T13:37:17.574520,https://sitiospublicos.bancochile.cl/personas/beneficios/detalle/estacion-424,https://assets.bancochile.cl/uploads/000/103/895/a1b491d2-4744-4f42-9aad-2f9f34edc386/original/banner-web-Estacion-424.jpg,https://assets.bancochile.cl/uploads/000/103/896/abf1f4f4-49ca-497c-a09f-4f6b2477e6b6/original/logo-web-Estacion-424.jpg,Chacabuco #424,True,"lunes, martes, miercoles, concepción, biobío",,restaurante
banchile_7d72fe4c-b27b-4070-9619-f0729e239c96,Banco de Chile,"visa-credito-infinite, visa-credito-signature, visa-credito-platinum",Cairo Cocina & La India,20,porcentaje,20% dcto.,"lunes, martes, jueves, miercoles",,,31-Mar-2027,31-Mar-2027,Metropolitana,,,Región Metropolitana,0,0,Promoción válida hasta el 31 de marzo de 2027. Exclusivo para clientes que paguen con Tarjetas emitidas por Banco de Chile y Banco Edwards y que soliciten el descuento al momento de pagar en...,False,False,2026-08-20T13:37:17.574540,https://sitiospublicos.bancochile.cl/personas/beneficios/detalle/cairo-cocina-la-india,https://assets.bancochile.cl/uploads/000/103/903/460ab886-adac-4d80-85af-d8c88cadc290/original/banner-web-Cairo-Cocina.jpg,https://assets.bancochile.cl/uploads/000/103/904/4c3bd6dc-7e1c-4904-a20a-f8a93a0a8d12/original/logo-web-Cairo-Cocina.jpg,General Flores 84,True,"providencia, lunes, martes, jueves, miercoles, metropolitana",,restaurante
banchile_fdecd4eb-4853-49d8-905a-1775eb591005,Banco de Chile,"visa-credito-infinite, visa-credito-signature, visa-credito-platinum",Piazza Di Fiori,20,porcentaje,20% dcto.,"domingo, sabado",,,30-Abr-2027,30-Abr-2027,Valparaíso,,,Región de Valparaíso,0,0,Promoción válida hasta el 30 de abril de 2027. Exclusivo para clientes que paguen con Tarjetas emitidas por Banco de Chile y Banco Edwards y que soliciten el descuento al momento de pagar en...,False,False,2026-08-20T13:37:17.574597,https://sitiospublicos.bancochile.cl/personas/beneficios/detalle/piazza-di-fiori,https://assets.bancochile.cl/uploads/000/103/970/d9dbb41c-3f50-4cdd-bcad-710aecf93b33/original/banner-web-Piazza-Di-Fiori.jpg,https://assets.bancochile.cl/uploads/000/103/971/a01ae1c3-7f2f-474c-94fb-a61e81cbbf34/original/logo-web-Piazza-Di-Fiori.jpg,Independencia 1806-B,True,"valparaíso, domingo, sabado",,restaurante
banchile_faea153e-77b2-4552-8442-73007578defc,Banco de Chile,"visa-credito-infinite, visa-credito-signature, visa-credito-platinum",UMAMI Bar Nikkei,20,porcentaje,20% dcto.,"lunes, martes",,,31-Mar-2027,31-Mar-2027,Los Ríos,,,Región de Los Ríos,0,0,Promoción válida hasta el 31 de marzo de 2027. Exclusivo para clientes que paguen con Tarjetas emitidas por Banco de Chile y Banco Edwards y que soliciten el descuento al momento de pagar en...,False,False,2026-08-20T13:37:17.574612,https://sitiospublicos.bancochile.cl/personas/beneficios/detalle/umami-bar-nikkei,https://assets.bancochile.cl/uploads/000/103/974/3bba444f-48f4-4490-920b-38680f3c0234/original/banner-web-UMAMI-Bar-Nikkei.jpg,https://assets.bancochile.cl/uploads/000/103/975/69843abf-425e-456e-a441-393d9be881d9/original/logo-web-UMAMI-Bar-Nikkei.jpg,Ruta T-350 1800 Lt 2 A 6 Torobayo locales 22 y 23,True,"lunes, martes, los ríos, valdivia",,restaurante
banchile_fc8a5fff-b473-45a6-9f98-0c040e53e340,Banco de Chile,"visa-credito-infinite, visa-credito-signature, visa-credito-platinum","Restaurante Puerto Seco, Hotel Radisson Curicó",20,porcentaje,20% dcto.,"viernes, domingo, sabado, jueves",,,30-Nov-2026,30-Nov-2026,Maule,,,Región del Maule,0,0,Promoción válida hasta el 30 de noviembre de 2026. Exclusivo para clientes que paguen con Tarjetas emitidas por Banco de Chile y Banco Edwards y que soliciten el descuento al momento de pagar en...,False,False,2026-08-20T13:37:17.574668,https://sitiospublicos.bancochile.cl/personas/beneficios/detalle/puerto-seco-radisson-curico,https://assets.bancochile.cl/uploads/000/078/011/21d20da6-f37a-4557-b8c9-2f889f74293e/original/banner-web-radisson.jpg,https://assets.bancochile.cl/uploads/000/078/010/9a627887-d588-46d7-b0f6-8d999b0f2c8d/original/logo-web-radisson.jpg,San Francisco #35,True,"viernes, domingo, sabado, jueves, maule, curicó",,restaurante
banchile_573b2db5-1b1c-4d15-a55a-abcd46cb3ce2,Banco de Chile,"visa-credito-infinite, visa-credito-signature, visa-credito-platinum",LA BASE,20,porcentaje,20% dcto.,jueves,,,31-Dic-2026,31-Dic-2026,Los Lagos,,,Los Lagos,0,0,Promoción válida hasta el 31 de diciembre de 2026. Exclusivo para clientes que paguen con Tarjetas emitidas por Banco de Chile (incluye Banco Edwards) y que soliciten el descuento al momento de...,False,False,2026-08-20T13:37:17.574699,https://sitiospublicos.bancochile.cl/personas/beneficios/detalle/la-base,https://assets.bancochile.cl/uploads/000/027/610/a5af96ec-2e4a-4f59-836d-f84e6ff7f6bf/original/banner-web-LA-BASE.jpg,https://assets.bancochile.cl/uploads/000/027/609/82954d97-0612-4d1c-abae-2bf8a88982da/original/logo-web-LA-BASE.jpg,Ruta 225 Km 40,True,"descuentos-regiones, jueves, los lagos, puerto varas, segmentado",,restaurante
banchile_a603e398-43e8-43e3-ab9a-e24db0ea6e36,Banco de Chile,"visa-credito-infinite, visa-credito-signature, visa-credito-platinum",Restaurant Joaquín,20,porcentaje,20% dcto.,"domingo, lunes, martes, jueves, miercoles",,,31-Dic-2026,31-Dic-2026,Valparaíso,,,Región de Valparaíso,0,0,Promoción válida hasta el 31 de diciembre de 2026. Exclusivo para clientes que paguen con Tarjetas emitidas por Banco de Chile y Banco Edwards y que soliciten el descuento al momento de pagar en...,False,False,2026-08-20T13:37:17.574731,https://sitiospublicos.bancochile.cl/personas/beneficios/detalle/restaurant-joaquin,https://assets.bancochile.cl/uploads/000/086/591/858c825b-58a3-4244-831f-1c39372f4b9b/original/banner-web-RestaurantJoaquin.jpg,https://assets.bancochile.cl/uploads/000/086/592/7c2ae6b4-e6be-4f6e-8f92-d8714ff7e2c0/original/logo-web-RestaurantJoaquin.jpg,Avenida San Martín #667,True,"valparaíso, domingo, lunes, martes, jueves, miercoles, viña del mar",,restaurante
banchile_b9018472-087b-48bc-9bcf-130f4009d3cc,Banco de Chile,"visa-credito-infinite, visa-credito-signature, visa-credito-platinum",Pistacho,20,porcentaje,20% dcto.,miercoles,,,30-Nov-2026,30-Nov-2026,Valparaíso,,,Osorno,0,0,Promoción válida hasta el 30 de noviembre de 2026. Exclusivo para clientes que paguen con Tarjetas emitidas por Banco de Chile (incluye Banco Edwards) y que soliciten el descuento al momento de...,False,False,2026-08-20T13:37:17.574942,https://sitiospublicos.bancochile.cl/personas/beneficios/detalle/pistacho-20dto,https://assets.bancochile.cl/uploads/000/075/258/5eb358fd-b2ad-42bf-8c5f-2996ce820362/original/banner-web-Pistacho.jpg,https://assets.bancochile.cl/uploads/000/075/257/60e5e147-37ad-4f2e-b3b8-32bc6f33a9bf/original/logo-web-Pistacho.jpg,Strip Center Portal Las Quemas local 15 y 16,True,"valparaíso, miercoles, viña del mar",,restaurante
banchile_2858a2e8-1b51-4de9-ad49-35624f2f929a,Banco de Chile,"visa-credito-infinite, visa-credito-signature, visa-credito-platinum",Green Lab,20,porcentaje,20% dcto.,"viernes, domingo, sabado, jueves",,,30-Nov-2026,30-Nov-2026,Valparaíso,,,"Región Metropolitana, Región Metropolitana, Región de Valparaíso",0,0,Promoción válida hasta el 30 de noviembre de 2026. Exclusivo para clientes que paguen con Tarjetas emitidas por Banco de Chile (incluye Banco Edwards) y que soliciten el descuento al momento de...,False,True,2026-08-20T13:37:17.574961,https://sitiospublicos.bancochile.cl/personas/beneficios/detalle/greenlab,https://assets.bancochile.cl/uploads/000/042/730/2222e7b8-de8c-4d1d-bbbe-982180f8018c/original/banner-web-Greenlab.jpg,https://assets.bancochile.cl/uploads/000/042/729/6b671b76-77d6-482c-97d0-1c7eb0349b1c/original/logo-web-Greenlab.jpg,Cerro el Plomo #5931,True,"valparaíso, metropolitana de santiago, viernes, domingo, sabado, vitacura, big5, jueves, viña del mar, las condes",,restaurante
banchile_619e5b9f-83a4-4fc4-a1bb-3daf2cebe809,Banco de Chile,"visa-credito-infinite, visa-credito-signature, visa-credito-platinum",NINA,20,porcentaje,20% dcto.,"viernes, domingo, sabado, martes, jueves, miercoles",,,31-Dic-2026,31-Dic-2026,Valparaíso,,,Región de Valparaíso,0,0,"Promoción válida hasta el 31 de diciembre de 2026. Exclusivo para clientes que paguen con Tarjetas emitidas por Banco de Chile, Banco Edwards y que soliciten el descuento al momento de pagar en...",False,False,2026-08-20T13:37:17.574977,https://sitiospublicos.bancochile.cl/personas/beneficios/detalle/nina,https://assets.bancochile.cl/uploads/000/042/618/25ca1c23-fc3a-4b82-b794-c236762b1ccc/original/banner-web-NINA.jpg,https://assets.bancochile.cl/uploads/000/042/617/3d2e5899-8574-4b64-8ad8-207cce21f097/original/logo-web-NINA.jpg,6 NORTE #466,True,"valparaíso, viernes, domingo, sabado, martes, jueves, miercoles, viña del mar",,restaurante
banchile_24e12ec6-c4f0-47e5-8421-40c40b256f17,Banco de Chile,"visa-credito-infinite, visa-credito-signature, visa-credito-platinum",El Wagon,20,porcentaje,20% dcto.,"viernes, lunes, martes, jueves, miercoles",,,31-Dic-2026,31-Dic-2026,Tarapacá,,,Región de Tarapacá,0,0,"Promoción válida hasta el 31 de diciembre de 2026. Exclusivo para clientes que paguen con Tarjetas emitidas por Banco de Chile, Banco Edwards y que soliciten el descuento al momento de pagar en...",False,False,2026-08-20T13:37:17.575029,https://sitiospublicos.bancochile.cl/personas/beneficios/detalle/el-wagon,https://assets.bancochile.cl/uploads/000/042/388/860c9f0e-441f-4bc5-973a-18bcb36cc4f3/original/banner-web-El-Wagon.jpg,https://assets.bancochile.cl/uploads/000/042/387/98e95bc8-bf31-4196-96ab-ae774fd1b4c1/original/logo-web-El-Wagon.jpg,CAPITAN ROBERTO PEREZ #131,True,"viernes, lunes, martes, jueves, miercoles, iquique, tarapacá, segmentado",,restaurante
banchile_40a7b8a4-5303-410b-bb7f-efdb58efbfc8,Banco de Chile,"visa-credito-infinite, visa-credito-signature, visa-credito-platinum",Taproom Tübinger,20,porcentaje,20% dcto.,jueves,,,31-Dic-2026,31-Dic-2026,Metropolitana,,,9480000 Pirque,0,0,Promoción válida hasta el 31 de diciembre de 2026. Exclusivo para clientes que paguen con Tarjetas emitidas por Banco de Chile (incluye Banco Edwards) y que soliciten el descuento al momento de...,False,False,2026-08-20T13:37:17.575047,https://sitiospublicos.bancochile.cl/personas/beneficios/detalle/taproom-tubinger,https://assets.bancochile.cl/uploads/000/043/785/4b231abb-4ee3-46de-9769-bfd3eceb242a/original/banner-web-Taproom.jpg,https://assets.bancochile.cl/uploads/000/043/784/85a483fb-7779-4fee-8f6f-1fcd7981df84/original/logo-web-Taproom.jpg,Nueva 6a,True,"metropolitana de santiago, jueves, pirque",,restaurante
banchile_4cd2b51e-9a29-499d-bf66-ddab5d19345d,Banco de Chile,"visa-credito-infinite, visa-credito-signature, visa-credito-platinum",Wanted Burger,20,porcentaje,20% dcto.,lunes,,,30-Sep-2026,30-Sep-2026,Antofagasta,,,Región de Antofagasta,0,0,Promoción válida hasta el 30 de septiembre de 2026. Exclusivo para clientes que paguen con Tarjetas emitidas por Banco de Chile (incluye Banco Edwards) y que soliciten el descuento al momento de...,False,False,2026-08-20T13:37:17.575096,https://sitiospublicos.bancochile.cl/personas/beneficios/detalle/wanted-burger,https://assets.bancochile.cl/uploads/000/043/779/bfed8a5e-4720-47ca-b96f-3bec1c57a722/original/banner-web-Wanted-Burger.jpg,https://assets.bancochile.cl/uploads/000/043/778/4b2fcab7-86c9-4155-86ea-ad88d106be5c/original/logo-web-Wanted-Burger.jpg,Maipu #295,True,"lunes, antofagasta",,restaurante
banchile_f09b6aad-820a-4858-8da3-7bf9e2c44b7e,Banco de Chile,"visa-credito-infinite, visa-credito-signature, visa-credito-platinum",LA FÁBRICA,20,porcentaje,20% dcto.,"lunes, martes",,,31-Dic-2026,31-Dic-2026,Maule,,,Maule,0,0,"Promoción válida hasta el 31 de diciembre de 2026. Exclusivo para clientes que paguen con Tarjetas emitidas por Banco de Chile, Banco Edwards y que soliciten el descuento al momento de pagar en...",False,False,2026-08-20T13:37:17.575111,https://sitiospublicos.bancochile.cl/personas/beneficios/detalle/la-fabrica,https://assets.bancochile.cl/uploads/000/101/779/6ab20360-1cf7-46b8-b9ce-c6b19f3fdf94/original/banner-web-FA_BRICA.jpg,https://assets.bancochile.cl/uploads/000/042/708/84a6fcd9-06d4-4bf3-a0ee-c604fe19deb4/original/logo-web-fabrica.jpg,2 Oriente 1254,True,"lunes, martes, maule, talca, planes",,restaurante
banchile_d55f4f49-c45c-4c5b-a9a9-bef53be531ce,Banco de Chile,"visa-credito-infinite, visa-credito-signature, visa-credito-platinum",Madero Lounge,20,porcentaje,20% dcto.,jueves,,,31-Dic-2026,31-Dic-2026,Biobío,,,Región de Biobío,0,0,"Promoción válida hasta el 31 de diciembre de 2026. pagando con Tarjetas de Crédito y Débito VISA del Banco de Chile y Banco Edwards. Tope de descuento máximo $50.000 por mesa. No incluye propinas,...",False,False,2026-08-20T13:37:17.575129,https://sitiospublicos.bancochile.cl/personas/beneficios/detalle/madero-lounge,https://assets.bancochile.cl/uploads/000/101/757/2fea0294-4a51-4053-8631-c69cd16149b6/original/banner-web-Madero-Lounge.jpg,https://assets.bancochile.cl/uploads/000/042/497/6699865e-2992-43ec-a3fa-eb4f811797bb/original/logo-web-MADERO-LOUNGE.jpg,Pedro de Valdivia #1317,True,"descuentos-regiones, jueves, concepción, biobío, planes",,restaurante
banchile_197d17cd-d570-4103-a0b3-c38ab1024579,Banco de Chile,"visa-credito-infinite, visa-credito-signature, visa-credito-platinum",La Sureña,15,porcentaje,15% dcto.,"viernes, lunes, martes, jueves, miercoles",,,31-Mar-2027,31-Mar-2027,Los Lagos,,,Región los Lagos,0,0,Promoción válida hasta el 31 de marzo de 2027. Exclusivo para clientes que paguen con Tarjetas emitidas por Banco de Chile y Banco Edwards y que soliciten el descuento al momento de pagar en...,False,False,2026-08-20T13:37:17.575263,https://sitiospublicos.bancochile.cl/personas/beneficios/detalle/la-surena,https://assets.bancochile.cl/uploads/000/104/617/ba73c0ef-8c16-4a7f-b347-b0f451afaaa5/original/banner-web-La-Surena.jpg,https://assets.bancochile.cl/uploads/000/104/618/c39e1313-bbea-40e4-a3fc-5000f47120d1/original/logo-web-La-Surena.jpg,Avenida Angelmo 2460,True,"puerto montt, viernes, lunes, martes, jueves, miercoles, los lagos",,restaurante
banchile_fbbad81e-317f-426e-a23b-b32c7b409221,Banco de Chile,"visa-credito-infinite, visa-credito-signature, visa-credito-platinum",Fratello Trattoria,20,porcentaje,20% dcto.,"lunes, martes, jueves, miercoles",,,31-Dic-2026,31-Dic-2026,Araucanía,,,Región de La Araucanía,0,0,"Promoción válida hasta el 31 de diciembre de 2026. Exclusivo para clientes que paguen Tarjetas emitidas por Banco de Chile, Banco Edwards y Credichile y que soliciten el descuento al momento de...",False,False,2026-08-20T13:37:17.575331,https://sitiospublicos.bancochile.cl/personas/beneficios/detalle/fratello-trattoria,https://assets.bancochile.cl/uploads/000/104/170/f56bb582-75bb-40f1-b40e-f72352a443dd/original/banner-web-Fratello-Trattoria.jpg,https://assets.bancochile.cl/uploads/000/076/283/086342e1-265a-46a5-b9c0-79e3e11fd8aa/original/logo-web-Fratello-Trattoria.jpg,Hochstetter #397,True,"descuentos-regiones, lunes, martes, jueves, miercoles, la araucanía, temuco, planes",,restaurante
banchile_77901229-b117-4ae0-899f-5db4de03a4e5,Banco de Chile,"visa-credito-infinite, visa-credito-signature, visa-credito-platinum",Crêpe Delicious,20,porcentaje,20% dcto.,"viernes, domingo, sabado, lunes, martes, jueves, miercoles",,,30-Abr-2027,30-Abr-2027,Metropolitana,,,Avenida Presidente Kennedy 5413,0,0,Promoción válida hasta el 30 de abril de 2027. Exclusivo para clientes que paguen con Tarjetas emitidas por Banco de Chile y Banco Edwards y que soliciten el descuento al momento de pagar en...,False,False,2026-08-20T13:37:17.575360,https://sitiospublicos.bancochile.cl/personas/beneficios/detalle/crepe-delicious,https://assets.bancochile.cl/uploads/000/104/925/f0a30d02-a721-4c1c-811d-5e0083c6a513/original/banner-web-Crepe-Delicious.jpg,https://assets.bancochile.cl/uploads/000/105/208/19b01ff4-bdad-42e4-8b0c-df1137859e22/original/logo-web-Crepe.jpg,Local 523,True,"viernes, domingo, sabado, lunes, martes, jueves, miercoles, las condes, metropolitana",,restaurante
banchile_d4770192-d1c0-4a0e-bf5d-b80f93ee55d8,Banco de Chile,"visa-credito-infinite, visa-credito-signature, visa-credito-platinum",Giulietta Ristorante,20,porcentaje,20% dcto.,"lunes, martes, jueves, miercoles",,,30-Abr-2027,30-Abr-2027,Metropolitana,,,Av. Vicuña Mackenna 7110,0,0,Promoción válida hasta el 30 de abril de 2027. Exclusivo para clientes que paguen con Tarjetas emitidas por Banco de Chile y Banco Edwards y que soliciten el descuento al momento de pagar en...,False,False,2026-08-20T13:37:17.575387,https://sitiospublicos.bancochile.cl/personas/beneficios/detalle/giulietta-ristorante,https://assets.bancochile.cl/uploads/000/105/259/b233698a-c7fb-49c4-bbf4-27cd9e4ed90f/original/banner-web-GIULIETTA.jpg,https://assets.bancochile.cl/uploads/000/104/928/ac053175-ca8b-4292-9783-75c55a26df88/original/logo-web-Giulietta-Ristorante.jpg,local 1064,True,"la florida, lunes, martes, jueves, miercoles, metropolitana",,restaurante
banchile_5ea00928-c19f-4d8a-bfa0-74c72f275dc2,Banco de Chile,"visa-credito-infinite, visa-credito-signature, visa-credito-platinum",Wayk´U,20,porcentaje,20% dcto.,"lunes, martes",,,30-Nov-2026,30-Nov-2026,Metropolitana,,,Las Perdices 2990,0,0,"Promoción válida hasta el 30 de noviembre de 2026. Exclusivo para clientes que paguen con Tarjetas emitidas por Banco de Chile, Banco Edwards y que soliciten el descuento al momento de pagar en...",False,False,2026-08-20T13:37:17.575431,https://sitiospublicos.bancochile.cl/personas/beneficios/detalle/wayk-u,https://assets.bancochile.cl/uploads/000/042/635/6a1df57c-2e68-4104-b3cf-7d3bb0ed15e1/original/header-wayku.jpg,https://assets.bancochile.cl/uploads/000/105/241/c1f0f33e-f062-4096-aba4-264fd8d85913/original/logo-web-Wayku.jpg,local 16,True,"lunes, martes, santiago, peñalolén",,restaurante
banchile_f4e70986-cb63-4c48-9eae-c5b007e4f254,Banco de Chile,"visa-credito-infinite, visa-credito-signature, visa-credito-platinum",Sables Patagónicos,20,porcentaje,20% dcto.,viernes,,,31-Dic-2026,31-Dic-2026,Los Lagos,,,Región de Los Lagos Los Lagos,0,0,Promoción válida hasta el 31 de diciembre de 2026. Exclusivo para clientes que paguen con Tarjetas emitidas por Banco de Chile (incluye Banco Edwards) y que soliciten el descuento al momento de...,False,False,2026-08-20T13:37:17.575491,https://sitiospublicos.bancochile.cl/personas/beneficios/detalle/sables-patagonicos,https://assets.bancochile.cl/uploads/000/026/933/15d30737-7c3a-448f-8eb9-42ef3def0fca/original/banner-sables.jpg,https://assets.bancochile.cl/uploads/000/026/932/4daa757d-3623-45b8-b535-1e2dd13632ca/original/logo-web-Sables-Patag_nicos.jpg,"Carretera austral kilómetro 11,5",True,"viernes, los lagos",,restaurante
banchile_892c5940-26b3-4edf-b0c6-0f5affefd2c6,Banco de Chile,"visa-credito-infinite, visa-credito-signature, visa-credito-platinum",Fuente Las Pircas,30,porcentaje,30% dcto.,"domingo, martes, jueves",,,30-Abr-2027,30-Abr-2027,Metropolitana,,,Av Las Perdices 2990,0,0,Promoción válida hasta el 30 de abril de 2027. Exclusivo para clientes que paguen con Tarjetas emitidas por Banco de Chile y Banco Edwards y que soliciten el descuento al momento de pagar en...,False,False,2026-08-20T13:37:17.575510,https://sitiospublicos.bancochile.cl/personas/beneficios/detalle/fuente-las-pircas,https://assets.bancochile.cl/uploads/000/105/571/3e0cc6b6-12af-4a52-9a87-153f83daae8d/original/banner-web-Fuente-Las-Pircas.jpg,https://assets.bancochile.cl/uploads/000/105/572/ea7c2ed8-51e5-48a2-8390-a328522958c8/original/logo-web-Fuente-Las-Pircas.jpg,Local 4,True,"domingo, martes, jueves, peñalolén, metropolitana",,restaurante
banchile_499a9447-9b85-43ef-a0a6-fd45eddae947,Banco de Chile,"visa-credito-infinite, visa-credito-signature, visa-credito-platinum",Sabor Açaí,20,porcentaje,20% dcto.,miercoles,,,30-Abr-2027,30-Abr-2027,Maule,,,"Avda España 1210, Avda Pehuenche 1161",0,0,Promoción válida hasta el 30 de abril de 2027. Exclusivo para clientes que paguen con Tarjetas emitidas por Banco de Chile y Banco Edwards y que soliciten el descuento al momento de pagar en...,False,False,2026-08-20T13:37:17.575528,https://sitiospublicos.bancochile.cl/personas/beneficios/detalle/sabor-acai,https://assets.bancochile.cl/uploads/000/105/575/d4f9e940-a3f8-4e0c-83be-7afe4d8034ec/original/banner-web-Sabor-Acai.jpg,https://assets.bancochile.cl/uploads/000/105/576/fe84803f-c94d-4491-9f50-731102ac741d/original/logo-web-Sabor-Acai.jpg,Local 13,True,"miercoles, maule, talca, curicó",,restaurante
banchile_a66bcea1-f359-44b0-be0c-9ff1a8cb2ef0,Banco de Chile,"visa-credito-infinite, visa-credito-signature, visa-credito-platinum",Danubio Azul,20,porcentaje,20% dcto.,"viernes, lunes, martes, jueves, miercoles",,,31-Dic-2026,31-Dic-2026,Metropolitana,,,RM,0,0,"Promoción válida hasta el 31 de diciembre de 2026. Exclusivo para clientes que paguen con Tarjetas emitidas por Banco de Chile, Banco Edwards y Banco CrediChile y que soliciten el descuento al...",False,False,2026-08-20T13:37:17.885455,https://sitiospublicos.bancochile.cl/personas/beneficios/detalle/danubio-azul,https://assets.bancochile.cl/uploads/000/100/753/1de8902a-417e-4b7a-9cdf-3d03bc433752/original/banner-web-Danubio-Azul.jpg,https://assets.bancochile.cl/uploads/000/042/472/0206f315-1616-4a6d-af3b-2338db35a995/original/Danubio-logo-v2.jpg,Reyes Lavalle 3240,True,"metropolitana de santiago, viernes, lunes, martes, jueves, miercoles, las condes, planes",,restaurante
banchile_9143c0df-0d19-481d-9e62-9646bcf9f4ec,Banco de Chile,"visa-credito-infinite, visa-credito-signature, visa-credito-platinum",Adelma Restaurant,20,porcentaje,20% dcto.,"lunes, martes, miercoles",,,30-Abr-2027,30-Abr-2027,Valparaíso,,,Región de Valparaíso,0,0,Promoción válida hasta el 30 de abril de 2027. Exclusivo para clientes que paguen con Tarjetas emitidas por Banco de Chile y Banco Edwards y que soliciten el descuento al momento de pagar en...,False,False,2026-08-20T13:37:17.885569,https://sitiospublicos.bancochile.cl/personas/beneficios/detalle/adelma-restaurant,https://assets.bancochile.cl/uploads/000/106/237/c99b4dfd-a1c3-409e-9893-c3bc6f36ed58/original/banner-web-Adelma.jpg,https://assets.bancochile.cl/uploads/000/106/236/23472ad6-386a-41e2-8f3a-dfc5dbecc3f7/original/logo-web-Adelma.jpg,Veintiuno de Mayo #274,True,"valparaíso, lunes, martes, miercoles, san antonio",,restaurante
banchile_df345a9a-e1f5-4aaf-9a70-2d2ab5e1b6dc,Banco de Chile,"visa-credito-infinite, visa-credito-signature, visa-credito-platinum",511 The Hemingway Room,20,porcentaje,20% dcto.,"lunes, martes",,,31-Dic-2026,31-Dic-2026,Metropolitana,,,RM,0,0,Promoción válida hasta el 31 de diciembre de 2026. Exclusivo para clientes que paguen con Tarjetas emitidas por Banco de Chile (incluye Banco Edwards) y que soliciten el descuento al momento de...,False,True,2026-08-20T13:37:17.886451,https://sitiospublicos.bancochile.cl/personas/beneficios/detalle/h511-dcto-20,https://assets.bancochile.cl/uploads/000/100/401/80187e00-807c-4506-aad7-7e7b3189ebc5/original/banner-web-511.jpg,https://assets.bancochile.cl/uploads/000/027/536/9e0bd43c-8a1d-44a2-beba-af55d88fb437/original/logo-web-511-dcto.jpg,Av. Francisco Bilbao 1947,True,"metropolitana de santiago, providencia, lunes, martes, planes",,restaurante
banchile_2ea64e86-bef9-4d8a-88bc-d4090ee4df5d,Banco de Chile,"visa-credito-infinite, visa-credito-signature, visa-credito-platinum",QB Restaurant Bar,30,porcentaje,Hasta 30% dcto.,"viernes, domingo, sabado, lunes, martes, jueves, miercoles",,,31-Dic-2026,31-Dic-2026,Metropolitana,,Vitacura,Región Metropolitana,0,0,"Promoción válida hasta el 31 de diciembre de 2026. Exclusivo para clientes que paguen Tarjetas emitidas por Banco de Chile, Banco Edwards y Credichile y que soliciten el descuento al momento de...",False,False,2026-08-20T13:37:17.886801,https://sitiospublicos.bancochile.cl/personas/beneficios/detalle/qb-restaurant-bar,https://assets.bancochile.cl/uploads/000/043/775/dd385651-9630-41c8-b3e4-a70f67cc2bcd/original/banner-web-QB.jpg,https://assets.bancochile.cl/uploads/000/107/307/781dfeac-42d0-4893-a35e-257e28aff279/original/logo-web-QB.jpg,Av. Vitacura 2727,True,"metropolitana de santiago, viernes, domingo, sabado, vitacura, lunes, martes, jueves, miercoles",,restaurante
banchile_8a8ee041-9608-46f1-97bb-ff9a978851bd,Banco de Chile,"visa-credito-infinite, visa-credito-signature, visa-credito-platinum",Lebol Restobar,20,porcentaje,20% dcto.,"viernes, domingo, sabado, lunes, martes, jueves, miercoles",,,31-Mar-2027,31-Mar-2027,Biobío,,,Av. Ramón carrasco 99,0,0,Promoción válida hasta el 31 de marzo de 2027. Exclusivo para clientes que paguen con Tarjetas emitidas por Banco de Chile y Banco Edwards y que soliciten el descuento al momento de pagar en...,False,False,2026-08-20T13:37:17.886824,https://sitiospublicos.bancochile.cl/personas/beneficios/detalle/lebol-restobar,https://assets.bancochile.cl/uploads/000/107/449/09e80ccf-074a-4fe2-92a6-4492ed232957/original/banner-web-Lebol-Restobar.jpg,https://assets.bancochile.cl/uploads/000/107/448/a8ec8ef2-2d55-486a-b7a4-519515e3ff1b/original/logo-web-Lebol-Restobar.jpg,local 19,True,"viernes, domingo, sabado, lunes, martes, jueves, miercoles, concepción, biobío",,restaurante
banchile_deb68c0e-35f1-452a-aed5-443919409b8f,Banco de Chile,"visa-credito-infinite, visa-credito-signature, visa-credito-platinum",CARAMAGNOLA,20,porcentaje,20% dcto.,"domingo, lunes, martes, miercoles",,,31-Dic-2026,31-Dic-2026,Metropolitana,,,"Región Metropolitana, Región Metropolitana, Región Metropolitana",0,0,Promoción válida hasta el 31 de diciembre de 2026. Exclusivo para clientes que paguen con Tarjetas emitidas por Banco de Chile (incluye Banco Edwards) y que soliciten el descuento al momento de...,False,False,2026-08-20T13:37:17.886846,https://sitiospublicos.bancochile.cl/personas/beneficios/detalle/caramagnola,https://assets.bancochile.cl/uploads/000/077/418/7c9b6c55-8268-44ed-89a2-bce6bb37ffd1/original/banner-web-maqueta-CARAMAGNOLA.jpg,https://assets.bancochile.cl/uploads/000/077/417/64c66631-0e62-400f-9085-ebc2bdafcf51/original/logo-web-maqueta-CARAMAGNOLA.jpg,Bilbao #2704,True,"metropolitana de santiago, providencia, domingo, lunes, martes, miercoles, la reina",,restaurante
banchile_d1603c53-c88c-40f7-a5d7-d0208f0c6cba,Banco de Chile,"visa-credito-infinite, visa-credito-signature, visa-credito-platinum",Sherpa Grill & Bar,20,porcentaje,20% dcto.,"martes, jueves, miercoles",,,31-Dic-2026,31-Dic-2026,Metropolitana,,,Región Metropolitana,0,0,Promoción válida hasta el 31 de diciembre de 2026. Exclusivo para clientes que paguen con Tarjetas emitidas por Banco de Chile (incluye Banco Edwards) y que soliciten el descuento al momento de...,False,False,2026-08-20T13:37:17.886861,https://sitiospublicos.bancochile.cl/personas/beneficios/detalle/sherpa-grill-and-bar,https://assets.bancochile.cl/uploads/000/077/356/0646d817-3f40-4075-adb9-4738c15ee549/original/banner-web-Sherpa-Grill-_-Bar.jpg,https://assets.bancochile.cl/uploads/000/077/355/978a69f0-d369-4ead-8cff-858d8b3d549d/original/logoweb-Sherpa-Grill-_-Bar.jpg,Av. Italia #1145,True,"metropolitana de santiago, providencia, martes, jueves, miercoles",,restaurante
banchile_d90abf31-4f11-4043-83f7-9bed772cda13,Banco de Chile,"visa-credito-infinite, visa-credito-signature, visa-credito-platinum",MIRAZU,20,porcentaje,20% dcto.,miercoles,,,31-Dic-2026,31-Dic-2026,Valparaíso,,,Valparaíso,0,0,Promoción válida hasta el 31 de diciembre de 2026. Exclusivo para clientes que paguen con Tarjetas emitidas por Banco de Chile (incluye Banco Edwards) y que soliciten el descuento al momento de...,False,True,2026-08-20T13:37:17.886880,https://sitiospublicos.bancochile.cl/personas/beneficios/detalle/mirazu,https://assets.bancochile.cl/uploads/000/027/757/0a1c06ac-0f03-4420-94d7-faa9665054ca/original/banner-web-mirazu.jpg,https://assets.bancochile.cl/uploads/000/108/702/2d0f7b25-e004-4c33-a06c-690bab64b9ce/original/logo-web-MIRAZU.jpg,Av. Borgoño 15460,True,"descuentos-regiones, valparaíso, miercoles, viña del mar, segmentado",,restaurante
banchile_976f6536-832d-4415-8218-7a5d16384c0e,Banco de Chile,"visa-credito-infinite, visa-credito-signature, visa-credito-platinum",Lomo de la Fuente,20,porcentaje,20% dcto.,"lunes, martes, jueves, miercoles",,,31-Dic-2026,31-Dic-2026,Metropolitana,,,,0,0,"Promoción válida hasta el 31 de diciembre de 2026. Exclusivo para clientes que paguen con Tarjetas emitidas por Banco de Chile, Banco Edwards y que soliciten el descuento al momento de pagar...",False,False,2026-08-20T13:37:17.886893,https://sitiospublicos.bancochile.cl/personas/beneficios/detalle/lomo-de-la-fuente,https://assets.bancochile.cl/uploads/000/043/139/f05f5031-b994-48b2-83c3-9dbcae5cefef/original/BannerLomoDeLaFuente.jpg,https://assets.bancochile.cl/uploads/000/108/700/56389f9d-9034-4362-9ee1-2749eb4b0cc0/original/logo-web-Lomo-de-la-Fuente.jpg,,True,"descuentos-santiago, metropolitana de santiago, vitacura, ñuñoa, huechuraba, lunes, martes, jueves, miercoles, las condes, la reina, maipú, peñalolén, puente alto, colina",,restaurante
banchile_afa71d71-1d94-4991-be2c-6591e1ef6679,Banco de Chile,"visa-credito-infinite, visa-credito-signature, visa-credito-platinum",Ciudad Vieja,20,porcentaje,20% dcto.,"martes, miercoles",,,31-Dic-2026,31-Dic-2026,Metropolitana,,,Región Metropolitana,0,0,"Promoción válida hasta el 31 de diciembre de 2026. pagando con Tarjetas de Crédito y Débito del Banco de Chile y Banco Edwards. No incluye propinas, happy hours, menús ni cigarrillos. Descuento no...",False,False,2026-08-20T13:37:17.886911,https://sitiospublicos.bancochile.cl/personas/beneficios/detalle/ciudad-vieja,https://assets.bancochile.cl/uploads/000/042/470/aadba7aa-e6f4-4e53-b0f7-839b6e23e8e1/original/banner-web-ciudadvieja.jpg,https://assets.bancochile.cl/uploads/000/108/663/4ae16e08-8f09-41fe-a9fc-8836a0811ef5/original/logo-web-Ciudad-Vieja.jpg,Constitución #92,True,"descuentos-santiago, metropolitana de santiago, providencia, martes, miercoles",,restaurante
banchile_1e19871a-8b48-4228-a2be-b0f8a2e04555,Banco de Chile,"visa-credito-infinite, visa-credito-signature, visa-credito-platinum",Green Poke,20,porcentaje,20% dcto.,"viernes, domingo, sabado, lunes, martes, jueves, miercoles",,,31-Dic-2026,31-Dic-2026,Metropolitana,,,RM,0,0,"Promoción válida hasta el 31 de diciembre de 2026. Exclusivo para clientes que paguen con Tarjetas emitidas por Banco de Chile, Banco Edwards y Banco CrediChile y que soliciten el descuento al...",False,False,2026-08-20T13:37:17.886926,https://sitiospublicos.bancochile.cl/personas/beneficios/detalle/green-poke,https://assets.bancochile.cl/uploads/000/043/137/a00ed2ff-d67f-48b5-8688-95333889545a/original/BannerGreenPoke.jpg,https://assets.bancochile.cl/uploads/000/108/695/fd691b57-add2-43b0-93ec-c5df85a974e3/original/logo-web-Green-Poke.jpg,Alonso de Córdova 4294,True,"metropolitana de santiago, viernes, domingo, sabado, vitacura, lunes, martes, jueves, miercoles",,restaurante
banchile_53de5f34-c56a-465d-954f-f853badf0e3c,Banco de Chile,"visa-credito-infinite, visa-credito-signature, visa-credito-platinum",Yokono Sushi,35,porcentaje,35% dcto.,"lunes, martes, miercoles",,,31-Dic-2026,31-Dic-2026,Metropolitana,,Providencia,"RM, RM, RM, RM",0,0,Promoción válida hasta el 31 de diciembre de 2026. Descuento válido solo para pedidos en el sitio web yokono.cl ingresando el código de descuento. Exclusivo para clientes que paguen con Tarjetas...,True,False,2026-08-20T13:37:17.886951,https://sitiospublicos.bancochile.cl/personas/beneficios/detalle/yokono-sushi,https://assets.bancochile.cl/uploads/000/026/919/4b3c8ea4-3435-4f4e-8a64-d0c47db54d81/original/BannerYokono.jpg,https://assets.bancochile.cl/uploads/000/108/648/9c6f63c1-2583-48a1-8c6f-11acb81c837f/original/logo-web-Yokono-Sushi.jpg,Av. Providencia 2220,True,"descuentos-santiago, metropolitana de santiago, providencia, todo-chile, lunes, martes, miercoles, santiago",,restaurante
banchile_55f798de-0975-4dda-8946-b7c00debd255,Banco de Chile,"visa-credito-infinite, visa-credito-signature, visa-credito-platinum",Mosto,20,porcentaje,20% dcto.,jueves,,,31-Jul-2027,31-Jul-2027,Los Lagos,,,Región de los Lagos,0,0,Promoción válida hasta el 31 de julio de 2027. Exclusivo para clientes que paguen con Tarjetas emitidas por Banco de Chile y Banco Edwards y que soliciten el descuento al momento de pagar en...,False,False,2026-08-20T13:37:17.887497,https://sitiospublicos.bancochile.cl/personas/beneficios/detalle/mosto-dto,https://assets.bancochile.cl/uploads/000/105/151/5ae9bbb5-5c4b-495d-9597-30faf6e87f96/original/banner-web-Mosto.jpg,https://assets.bancochile.cl/uploads/000/105/152/acfba469-59ed-4e47-a7d1-8e75e25d4fd7/original/logo-web-Mosto.jpg,Diego Portales #204,True,"jueves, los lagos, puerto varas",,restaurante
banchile_303002a3-2ce1-4cdd-9c03-d6b1a62cb917,Banco de Chile,"visa-credito-infinite, visa-credito-signature, visa-credito-platinum",Restaurante Hotel Cabaña del Lago,25,porcentaje,25% dcto.,martes,,,30-Jun-2027,30-Jun-2027,Los Lagos,,,Región de los Lagos,0,0,Promoción válida hasta el 30 de junio de 2027. Exclusivo para clientes que paguen con Tarjetas emitidas por Banco de Chile y Banco Edwards y que soliciten el descuento al momento de pagar en...,False,False,2026-08-20T13:37:18.222271,https://sitiospublicos.bancochile.cl/personas/beneficios/detalle/restaurante-hotel-cabana-del-lago,https://assets.bancochile.cl/uploads/000/108/116/2637f593-d3f7-4e1a-aba4-2244fb107ab4/original/banner-web-Hotel-Cabanas-de-Lago.jpg,https://assets.bancochile.cl/uploads/000/108/117/6f3335e9-3f02-4ec0-a667-f8a6cb040923/original/logo-web-Hotel-Cabanas-de-Lago.jpg,Klenner #195,True,"martes, los lagos, puerto varas",,restaurante
banchile_1514295b-fcb9-4334-9eaf-6409838d9f26,Banco de Chile,"visa-credito-infinite, visa-credito-signature, visa-credito-platinum",Happy Point,20,porcentaje,20% dcto.,"sabado, martes",,,31-Mar-2027,31-Mar-2027,Biobío,,,Región del Biobío,0,0,Promoción válida hasta el 31 de marzo de 2027. Exclusivo para clientes que paguen con Tarjetas emitidas por Banco de Chile y Banco Edwards y que soliciten el descuento al momento de pagar en...,False,False,2026-08-20T13:37:18.222376,https://sitiospublicos.bancochile.cl/personas/beneficios/detalle/happy-point,https://assets.bancochile.cl/uploads/000/108/185/fe06747a-8e0f-493e-9951-ebe34247ed6f/original/banner-web-Happy-Point.jpg,https://assets.bancochile.cl/uploads/000/108/186/1cf44431-3c15-43b5-8bec-06392238a556/original/logo-web-Happy-Point.jpg,Freire #1131,True,"sabado, martes, concepción, biobío",,restaurante
banchile_7c0b8df8-08eb-4639-9ea3-665972a2cbc1,Banco de Chile,"visa-credito-infinite, visa-credito-signature, visa-credito-platinum",OAKBERRY,20,porcentaje,20% dcto.,lunes,,,31-Ago-2026,31-Ago-2026,Valparaíso,,,"Armando Cortinez Norte 11501, Av. Alonso de Córdova 4294, Local 1, Av. Pedro Sergio Correa 14500, Local 38, Av. Andrés Bello 2425, Local 1514, Aldunate 295, Av. José Alcalde Délano 10492, Camino El Alba 11969, Local 216-2, 14 Norte 880, Piso -2, Av. Apoquindo 2730, Presidente Riesco 5435, Local 3, Av. Américo Vespucio 399, Módulo 1-13, Presidente Kennedy 5413, Local 7020, Av. Larraín 5862, Local A-2041, Av. Apoquindo 4411, Local 153B, Escuela Militar, Av. La Dehesa 1500, Local 8-A, Av. Américo Vespucio 1737, Av. Borgoño s/n, Playa Reñaca, Sector 5, Av. Kennedy 9001, Local 1204, Av. Italia 1295, Local 4",0,0,Promoción válida hasta el 31 de agosto de 2026. Exclusivo para clientes que paguen con Tarjetas emitidas por Banco de Chile y Banco Edwards y que soliciten el descuento al momento de pagar en...,False,False,2026-08-20T13:37:18.222469,https://sitiospublicos.bancochile.cl/personas/beneficios/detalle/oakberry,https://assets.bancochile.cl/uploads/000/106/045/2a824761-834b-4dd1-95fa-ab93dd4b0914/original/banner-web-OAKBERRY.jpg,https://assets.bancochile.cl/uploads/000/106/046/96fa27ff-3b13-4a96-a20e-37b4d14eaa1a/original/logo-web-OAKBERRY.jpg,Aeropuerto,True,"valparaíso, metropolitana de santiago, providencia, vitacura, lo barnechea, huechuraba, big5, lunes, viña del mar, coquimbo, las condes, la reina, maipú, colina, pudahuel",,restaurante
banchile_73704a5c-7f05-4dd2-8511-6f17de3f233e,Banco de Chile,"visa-credito-infinite, visa-credito-signature, visa-credito-platinum",Alma Chilanga,20,porcentaje,20% dcto.,"jueves, miercoles",,,31-May-2027,31-May-2027,Metropolitana,,Las Condes,Región Metropolotana,0,0,Promoción válida hasta el 31 de mayo de 2027. Exclusivo para clientes que paguen con Tarjetas emitidas por Banco de Chile y Banco Edwards y que soliciten el descuento al momento de pagar en compra...,False,False,2026-08-20T13:37:18.222508,https://sitiospublicos.bancochile.cl/personas/beneficios/detalle/alma-chilanga,https://assets.bancochile.cl/uploads/000/105/940/392cbe21-60f3-4690-89b9-e333b5c5ceda/original/banner-web-Alma-Chalanga.jpg,https://assets.bancochile.cl/uploads/000/105/941/c2941dad-5505-460f-8e1c-e0887b802919/original/logo-web-Alma-Chalanga.jpg,Avenida Las Condes #9111,True,"jueves, miercoles, las condes, metropolitana",,restaurante
banchile_bf124a33-d751-41ad-8d38-465d69c789f4,Banco de Chile,"visa-credito-infinite, visa-credito-signature, visa-credito-platinum",Menducos,20,porcentaje,20% dcto.,"lunes, martes, miercoles",,,30-Jun-2027,30-Jun-2027,Valparaíso,,,local 2 Stripcenter Piazza,0,0,Promoción válida hasta el 30 de junio de 2027. Exclusivo para clientes que paguen con Tarjetas emitidas por Banco de Chile y Banco Edwards y que soliciten el descuento al momento de pagar en...,False,False,2026-08-20T13:37:18.222525,https://sitiospublicos.bancochile.cl/personas/beneficios/detalle/menducos,https://assets.bancochile.cl/uploads/000/108/402/d4b7d15c-77e3-4834-8a4f-c787840fa97b/original/banner-web-Menducos.jpg,https://assets.bancochile.cl/uploads/000/108/403/f1c9f5e6-3460-4cf5-a626-c8dd91f92019/original/logo-web-Menducos.jpg,Av. Borgoño 13955,True,"valparaíso, lunes, martes, miercoles, reñaca",,restaurante
banchile_f456025e-f42c-42bd-8618-8c4fe873abbc,Banco de Chile,"visa-credito-infinite, visa-credito-signature, visa-credito-platinum",Di´Varas Pizzas y Pastas,25,porcentaje,25% dcto.,"sabado, lunes, martes",,,31-Dic-2026,31-Dic-2026,Metropolitana,,,Local 101,0,0,Promoción válida hasta el 31 de diciembre de 2026. Exclusivo para clientes que paguen con Tarjetas emitidas por Banco de Chile y Banco Edwards y que soliciten el descuento al momento de pagar en...,False,False,2026-08-20T13:37:18.222556,https://sitiospublicos.bancochile.cl/personas/beneficios/detalle/di-varas-pizzas-y-pastas,https://assets.bancochile.cl/uploads/000/094/629/7fbdf714-f875-4cbd-8c02-5ef357dd90ea/original/banner-web-Varas-Pizzas.jpg,https://assets.bancochile.cl/uploads/000/094/628/cf208a63-198a-411a-a4b0-23df0a059386/original/logo-web-Varas-Pizzas.jpg,Antonio Varas 364,True,"metropolitana de santiago, providencia, sabado, lunes, martes",,restaurante
banchile_12b492c4-07c9-4625-b476-1dab6783e313,Banco de Chile,"visa-credito-infinite, visa-credito-signature, visa-credito-platinum",La Taberna D´Olbek,20,porcentaje,20% dcto.,"martes, miercoles",,,31-Dic-2026,31-Dic-2026,Aysén,,,Región de Aysén,0,0,Promoción válida hasta el 31 de diciembre de 2026. Exclusivo para clientes que paguen con Tarjetas emitidas por Banco de Chile (incluye Banco Edwards) y que soliciten el descuento al momento de...,False,False,2026-08-20T13:37:18.222577,https://sitiospublicos.bancochile.cl/personas/beneficios/detalle/la-taberna-d-olbek,https://assets.bancochile.cl/uploads/000/100/683/3808a829-79e4-4b92-a889-8e35c7253daa/original/banner-web-D_Olbek.jpg,https://assets.bancochile.cl/uploads/000/042/313/a759806d-47f8-4ed5-9e95-a2020121615e/original/logo-web-TABERNA_1_.jpg,Avenida General Baquedano #1895,True,"martes, miercoles, planes, aysén del general carlos ibáñez del campo, coyhaique",,restaurante
banchile_022f526e-4204-44fb-b9f3-53194fe927a5,Banco de Chile,"visa-credito-infinite, visa-credito-signature, visa-credito-platinum",Citadelle,20,porcentaje,20% dcto.,"viernes, sabado, martes, jueves, miercoles",,,30-Jun-2027,30-Jun-2027,Metropolitana,,,Región Metropolitana,0,0,Promoción válida hasta el 30 de junio de 2027. Exclusivo para clientes que paguen con Tarjetas emitidas por Banco de Chile y Banco Edwards y que soliciten el descuento al momento de pagar en...,False,False,2026-08-20T13:37:18.222714,https://sitiospublicos.bancochile.cl/personas/beneficios/detalle/citadelle,https://assets.bancochile.cl/uploads/000/109/000/17f4ad16-20bb-4853-813c-bd0561b6f11b/original/banner-web-Citadelle.jpg,https://assets.bancochile.cl/uploads/000/109/001/f678a998-6535-4719-8791-d818821996d5/original/logo-web-Citadelle.jpg,Av. Tobalaba #1199,True,"providencia, viernes, sabado, martes, jueves, miercoles, santiago, metropolitana",,restaurante
banchile_f6590708-1f51-458b-b043-40d29ad38ebf,Banco de Chile,"visa-credito-infinite, visa-credito-signature, visa-credito-platinum",Otto Cocina y Café,20,porcentaje,20% dcto.,"lunes, miercoles",,,30-Jun-2027,30-Jun-2027,Metropolitana,,,Región Metropolitana,0,0,Promoción válida hasta el 30 de junio de 2027. Exclusivo para clientes que paguen con Tarjetas emitidas por Banco de Chile y Banco Edwards y que soliciten el descuento al momento de pagar en...,False,False,2026-08-20T13:37:18.222733,https://sitiospublicos.bancochile.cl/personas/beneficios/detalle/otto-cocina-y-cafe,https://assets.bancochile.cl/uploads/000/109/008/156e1ceb-212b-4c18-8c92-b017d59d9a71/original/banner-web-Otto-Cocina-y-Cafe.jpg,https://assets.bancochile.cl/uploads/000/109/009/21941782-6f02-4047-a25d-d146928dc682/original/logo-web-Otto-Cocina-y-Cafe.jpg,Santa Beatriz #203,True,"providencia, lunes, miercoles, metropolitana",,restaurante
banchile_f1855343-b910-4c4e-b420-f798e7bd2b11,Banco de Chile,"visa-credito-infinite, visa-credito-signature, visa-credito-platinum",Puerto Colono,20,porcentaje,20% dcto.,miercoles,,,31-Mar-2027,31-Mar-2027,Los Lagos,,,Región de los Lagos,0,0,Promoción válida hasta el 31 de marzo de 2027. Exclusivo para clientes que paguen con Tarjetas emitidas por Banco de Chile y Banco Edwards y que soliciten el descuento al momento de pagar en...,False,False,2026-08-20T13:37:18.222749,https://sitiospublicos.bancochile.cl/personas/beneficios/detalle/puerto-colono,https://assets.bancochile.cl/uploads/000/109/012/8d209184-5320-454a-a796-2dc70d531d5f/original/banner-web-Puerto-Colono.jpg,https://assets.bancochile.cl/uploads/000/109/013/34c44a5f-6d17-4bb6-ac88-40cd366d3f45/original/logo-web-Puerto-Colono.jpg,Vicente Pérez Rosales #1290,True,"miercoles, los lagos, puerto varas",,restaurante
banchile_f4b0fb40-a7b6-4e3b-b83c-dc39ff35bf90,Banco de Chile,"visa-credito-infinite, visa-credito-signature, visa-credito-platinum",Roggendorf,15,porcentaje,15% dcto.,"lunes, martes, miercoles",,,30-Nov-2026,30-Nov-2026,Biobío,,,"Región del Biobío, Región del Biobío, Región del Biobío, Región del Biobío, Región del Biobío, Región del Biobío, Región Metropolitana",0,0,Promoción válida hasta el 30 de noviembre de 2026. Exclusivo para clientes que paguen con Tarjetas emitidas por Banco de Chile y Banco Edwards y que soliciten el descuento al momento de pagar en...,False,False,2026-08-20T13:37:18.223035,https://sitiospublicos.bancochile.cl/personas/beneficios/detalle/roggendorf,https://assets.bancochile.cl/uploads/000/108/051/b45ee042-709f-44ae-bdc9-76af5c615656/original/banner-web-Roggendorf.jpg,https://assets.bancochile.cl/uploads/000/108/050/407dc845-47c2-4209-b8e2-eb361ba6c282/original/logo-web-Roggendorf.jpg,Avenida Los Carrera #1985,True,"lunes, martes, miercoles, las condes, concepción, biobío, metropolitana",,restaurante
banchile_8ee5df9d-940f-4670-ba17-5a02ddc06ec3,Banco de Chile,"visa-credito-infinite, visa-credito-signature, visa-credito-platinum",Loston Burger,20,porcentaje,20% dcto.,miercoles,,,31-Ene-2027,31-Ene-2027,Los Lagos,,,Región de los Lagos,0,0,Promoción válida hasta el 31 de enero de 2027. Exclusivo para clientes que paguen con Tarjetas emitidas por Banco de Chile y Banco Edwards y que soliciten el descuento al momento de pagar en...,False,False,2026-08-20T13:37:18.223170,https://sitiospublicos.bancochile.cl/personas/beneficios/detalle/loston-burger,https://assets.bancochile.cl/uploads/000/085/286/6945d6a6-b106-4017-8301-0e4ebe741cfb/original/banner-web-Loston-Burger.jpg,https://assets.bancochile.cl/uploads/000/085/285/d236750e-4d71-45fa-b3f3-86051eb174cb/original/logo-web-Loston-Burger.jpg,Casanova #990,True,"miercoles, los lagos, osorno",,restaurante
banchile_7c778e83-f9ec-443d-be2d-e6fae98d602a,Banco de Chile,"visa-credito-infinite, visa-credito-signature, visa-credito-platinum",Restaurante Club Providencia,20,porcentaje,20% dcto.,lunes,,,30-Jun-2027,30-Jun-2027,Metropolitana,,,Región Metropolitana,0,0,Promoción válida hasta el 30 de junio de 2027. Exclusivo para clientes que paguen con Tarjetas emitidas por Banco de Chile y Banco Edwards y que soliciten el descuento al momento de pagar en...,False,False,2026-08-20T13:37:18.223339,https://sitiospublicos.bancochile.cl/personas/beneficios/detalle/restaurante-club-providencia,https://assets.bancochile.cl/uploads/000/110/993/4826cdb2-ebb2-4847-990c-23f4be04c7be/original/banner-web-Club-Providencia.jpg,https://assets.bancochile.cl/uploads/000/110/994/01fdc71d-618f-42f1-99ab-288312474aae/original/logo-web-Club-Providencia.png,Av Pocuro 2878,True,"providencia, lunes, metropolitana",,restaurante
banchile_133e3955-e513-45f1-9ece-e25bbadc7dda,Banco de Chile,"visa-credito-infinite, visa-credito-signature, visa-credito-platinum",Cambalache,20,porcentaje,20% dcto.,"lunes, martes, jueves, miercoles",,,31-Dic-2027,31-Dic-2027,Los Lagos,,,Región de los Lagos,0,0,Promoción válida hasta el 31 de diciembre de 2027. Exclusivo para clientes que paguen con Tarjetas emitidas por Banco de Chile y Banco Edwards y que soliciten el descuento al momento de pagar en...,False,False,2026-08-20T13:37:18.608843,https://sitiospublicos.bancochile.cl/personas/beneficios/detalle/cambalache,https://assets.bancochile.cl/uploads/000/111/658/37cc3f83-4452-46ad-8c06-0037b9a7b419/original/banner-web-Cambalache.png,https://assets.bancochile.cl/uploads/000/111/659/65b17b27-865c-4bb2-8fa8-b4c2527552ed/original/logo-web-Cambalache.png,Avda. Vicente Perez Rosales #1589,True,"lunes, martes, jueves, miercoles, los lagos, puerto varas",,restaurante
banchile_3a909e52-849f-442c-80b8-cfea6c8ce665,Banco de Chile,"visa-credito-infinite, visa-credito-signature, visa-credito-platinum",La Barquera,20,porcentaje,20% dcto.,"martes, jueves, miercoles",,,30-Jun-2027,30-Jun-2027,Antofagasta,,,Región de Antofagasta,0,0,Promoción válida hasta el 30 de junio de 2027. Exclusivo para clientes que paguen con Tarjetas emitidas por Banco de Chile y Banco Edwards y que soliciten el descuento al momento de pagar en...,False,False,2026-08-20T13:37:18.609232,https://sitiospublicos.bancochile.cl/personas/beneficios/detalle/la-barquera,https://assets.bancochile.cl/uploads/000/111/920/da5e4393-77c7-48ab-9175-ebac9f4e953f/original/banner-web-Barquera.png,https://assets.bancochile.cl/uploads/000/108/377/df27cdfb-6c7e-4f68-8ed0-8967ae2701c6/original/logo-web-La-Barquera.jpg,Avenida Angamos #1605,True,"martes, jueves, miercoles, antofagasta",,restaurante
banchile_43bb0a8e-a5d4-4c4b-b025-c2fe6e70b1f8,Banco de Chile,"visa-credito-infinite, visa-credito-signature, visa-credito-platinum",La Hacienda Talca,20,porcentaje,20% dcto.,viernes,,,31-Mar-2027,31-Mar-2027,Maule,,,Región del Maule,0,0,Promoción válida hasta el 31 de marzo de 2027. Exclusivo para clientes que paguen con Tarjetas emitidas por Banco de Chile y Banco Edwards y que soliciten el descuento al momento de pagar en...,False,False,2026-08-20T13:37:18.609251,https://sitiospublicos.bancochile.cl/personas/beneficios/detalle/la-hacienda-talca-dto,https://assets.bancochile.cl/uploads/000/106/709/0a3ccc93-1bbd-4fe5-bcc6-272375e654df/original/banner-web-La-Hacienda-Talca.jpg,https://assets.bancochile.cl/uploads/000/106/714/1e089d35-6ed1-4906-81d4-777831e857c1/original/logo-web-La-Hacienda-Talca.jpg,Avda. Pehuenche Norte #1143,True,"viernes, maule, talca",,restaurante
banchile_0e69f28b-e6a8-4718-aac2-3ab6606aa6f5,Banco de Chile,"visa-credito-infinite, visa-credito-signature, visa-credito-platinum",Domino’s Pizza,40,porcentaje,40% dcto.,"viernes, domingo, sabado, lunes, martes, jueves, miercoles",,,31-Ago-2026,31-Ago-2026,Antofagasta,,,"Región de Antofagasta, Región de Tarapacá, Región de Tarapacá, Región de Antofagasta, Región de Antofagasta, Región de Arica y Parinacota, Región Metropolitana, Región del Maule, Región del Libertador Bernardo Ohiggins, Región del Maule, Región de Coquimbo, Región de Coquimbo, Región del Maule, Región del Libertador Bernardo Ohiggins, Región del Maule, Región de Coquimbo, Región de Coquimbo, Región Metropolitana, Región Metropolitana, Región Metropolitana, Región Metropolitana, Región Metropolitana, Región Metropolitana, Región Metropolitana, Región Metropolitana, Región de Valparaíso, Región de Valparaíso, Región de Valparaíso, Región Metropolitana, Región Metropolitana, Región Metropolitana, Región Metropolitana, Región de Atacama, Región Metropolitana, Región Metropolitana, Región Metropolitana, Región Metropolitana, Región de los Lagos, Región de los Lagos, Región de los Lagos, Región de los Lagos, Región de la Araucanía, Región de la Araucanía, Región Metropolitana, Región Metropolitana, Región Metropolitana, Región Metropolitana, Región Metropolitana, Región Metropolitana, Región Metropolitana, Región del Biobío, Región del Biobío, Región del Biobío, Región de Ñuble, Región del Biobío, Región del Biobío, Región de Magallanes y la Antartica Chilena",0,0,Promoción válida hasta el 31 de agosto de 2026. exclusivo para clientes que paguen con Tarjetas de Crédito y Débito Banco de Chile y Banco Edwards. Descuento es de exclusiva responsabilidad del...,True,False,2026-08-20T13:37:18.609783,https://sitiospublicos.bancochile.cl/personas/beneficios/detalle/dominos-pizza,https://assets.bancochile.cl/uploads/000/059/645/98ede1c4-0b33-4b42-8419-639391c8b1a4/original/banner-web-domino.jpg,https://assets.bancochile.cl/uploads/000/059/646/b9041115-7bdf-4a3c-a50f-243abad67d71/original/logo-web-domino.jpg,Angamos 1198 Local 2,True,"viernes, domingo, sabado, todo-chile, big5, lunes, martes, jueves, miercoles, dianino2026",,restaurante
banchile_f572b9ce-6c8c-42b6-ac37-2631ae8413a8,Banco de Chile,"visa-credito-infinite, visa-credito-signature, visa-credito-platinum",Sol Sublime,25,porcentaje,25% dcto.,"lunes, miercoles",,,,,Metropolitana,,,Region Metropolitana,0,0,Promoción válida hasta el 31 de marzo del 2027. Exclusivo para clientes que paguen con Tarjetas emitidas por Banco de Chile y Banco Edwards y que soliciten el descuento al momento de pagar en...,False,False,2026-08-20T13:37:18.609804,https://sitiospublicos.bancochile.cl/personas/beneficios/detalle/sol-sublime,https://assets.bancochile.cl/uploads/000/112/355/6e7ab5e4-55b8-4db9-9346-dd689ac7a8a6/original/banner-web-Sol-Sublime.png,https://assets.bancochile.cl/uploads/000/112/356/bf0805e8-404d-46fe-b532-0557127d0cda/original/logo-web-Sol-Sublime.png,Avenida Principe de Gales 6580,True,"metropolitana de santiago, lunes, miercoles, la reina",,restaurante
banchile_61fa1da8-269f-4a3c-9f75-13efba7f3ec0,Banco de Chile,"visa-credito-infinite, visa-credito-signature, visa-credito-platinum",Cassis,30,porcentaje,30% dcto.,martes,,,30-Nov-2026,30-Nov-2026,Valparaíso,,,"Av. Américo Vespucio #399 local 654, Av. Padre Hurtado Sur #875 locales D-1060 y D-1064, Av. José Alcalde Délano #10492 local 1064, Isidora Goyenechea #2880, Av. Américo Vespucio #1737 locales 1137 y 1141-B, Luis Pasteur #6396, Av. Libertad #1348 local 130, San Martín #440, Circunvalación Oriente #1055 local 1147, El Roble #770 local 14, Av. Alemania #831, Valdivia #440 locales 241 y 201 A, Barros Arana #1068 local 11, Camino al Venado #220, Jorge Alessandri #3177 local 150 B, Los Pablos #1880, Bulnes #721 local 02, Alemania #671 local 2070, Aviador Acevedo #241, Fresia #223, Pedro de Valdivia #311, Caupolicán #465 local 232, Los Castaños #11 local 01, Av. Philippi #1000 local 06, San Juan #431, Eleuterio Ramírez #878",0,0,Promoción válida hasta el 30 de noviembre de 2026. Exclusivo para clientes que paguen con Tarjetas emitidas por Banco de Chile (incluye Banco Edwards) que soliciten el descuento al momento de...,False,False,2026-08-20T13:37:18.610016,https://sitiospublicos.bancochile.cl/personas/beneficios/detalle/cassis-dto,https://assets.bancochile.cl/uploads/000/111/854/299fd01d-474b-4168-bffa-7763cbec2486/original/banner-web-Cassis.png,https://assets.bancochile.cl/uploads/000/047/512/06216245-bcf8-42a1-ae0c-549595fa0e0f/original/logo-web-Cassis.jpg,Cassis Arauco Maipú,True,"valparaíso, metropolitana de santiago, martes, los lagos, viña del mar, las condes, concepción, biobío, chillán, la araucanía, los ríos, temuco, valdivia, talcahuano, osorno, los angeles, puerto varas, pucón, villarrica",,restaurante
falabella_coppelia,Banco Falabella,CMR Falabella,Coppelia,40.0,porcentaje,40% Sin Tope,lunes,,,01-Ago-2026,31-Ago-2026,,,,,0,0,Sin Tope Revisa los locales del beneficio. Comprueba en la página oficial.,False,True,2026-08-20T13:37:19.491426,https://www.bancofalabella.cl/descuentos/detalle/coppelia,https://images.ctfassets.net/p6eyia4djstu/qNuvUE1I3gIZmcxo4VJ62/6f64b0754dc6c96d1245f6dddca5793d/Cards_Coppelia.webp,https://images.ctfassets.net/p6eyia4djstu/6b5cNWJNX1vTuywNFaY1HQ/9f10b9bf1a6c5a653ca90f4495981e93/Cards_Logo_Web_Coppelia.webp,,True,Restaurantes,Exclusivo Presencial,restaurante
falabella_petit,Banco Falabella,CMR Falabella,Petit,40.0,porcentaje,40% Sin Tope,"lunes, martes, miercoles, jueves, viernes, sabado, domingo",,,01-Nov-2025,31-Ago-2026,,,,,0,0,Sin Tope Revisa los locales del beneficio. Comprueba en la página oficial.,False,True,2026-08-20T13:37:19.492319,https://www.bancofalabella.cl/descuentos/detalle/petit,https://images.ctfassets.net/p6eyia4djstu/qTR8lAs57NWuGHyCPu2tp/d22383024dfe48935adc1c27405302e8/Cards_Panchita.webp,https://images.ctfassets.net/p6eyia4djstu/10L2RTR913Rv45NUsG3nyg/c58749b5b3a73a5d1ce28d009e7c60aa/Cards_Logo_Web_Panchita.webp,,True,Restaurantes,Presencial,restaurante
falabella_patio-bulnes-restobar,Banco Falabella,CMR Falabella,Patio Bulnes Restobar,40.0,porcentaje,Hasta 40% Sin Tope,lunes,,,01-Jun-2026,31-Ago-2026,,,,,0,0,Sin Tope Revisa los locales del beneficio. Comprueba en la página oficial.,False,True,2026-08-20T13:37:19.492397,https://www.bancofalabella.cl/descuentos/detalle/patio-bulnes-restobar,https://images.ctfassets.net/p6eyia4djstu/2J7UyG89e2ste2HOQu68vP/627fcf88f889005bf817e09f6204db3c/Cards_Patio_Bulnes.webp,https://images.ctfassets.net/p6eyia4djstu/7KH4U7ZkX21fNzYJb2NpAg/b4fd8c027b467bb8401e41f9c1cee684/Cards_Logo_Web_Patio_Bulnes.webp,,True,Restaurantes,Presencial en Buin,restaurante
falabella_hijo-del-sol-santiago,Banco Falabella,CMR Falabella,Hijo Del Sol Santiago,40.0,porcentaje,Hasta 40% Sin Tope,"martes, lunes",,,01-Ene-2026,31-Ago-2026,,,,,0,0,Sin Tope Revisa los locales del beneficio. Comprueba en la página oficial.,False,True,2026-08-20T13:37:19.492461,https://www.bancofalabella.cl/descuentos/detalle/hijo-del-sol-santiago,https://images.ctfassets.net/p6eyia4djstu/3rLjwgG09EeJ9E05Yj7pyS/c80ae8a4f3bc00a43c3bca0d89bfad09/Cards_Hijo_del_Sol.webp,https://images.ctfassets.net/p6eyia4djstu/6TwMVJ8C7hEKcS71gseLDg/09ed809373dc3745267dbbf2f1c01785/Cards_LOGO_Web_Hijo_del_Sol.webp,,True,Restaurantes,Exclusivo presencial,restaurante
falabella_la-maestranza,Banco Falabella,CMR Falabella,La Maestranza,40.0,porcentaje,Hasta 40% Sin Tope,"lunes, miercoles, viernes",,,01-Ene-2026,31-Ago-2026,,,,,0,0,Sin Tope Revisa los locales del beneficio. Comprueba en la página oficial.,False,True,2026-08-20T13:37:19.492521,https://www.bancofalabella.cl/descuentos/detalle/la-maestranza,https://images.ctfassets.net/p6eyia4djstu/4GKq4CpPev4pe9SSoFRZBq/fe3b957c926b07d1fe2fa0eca7e92a0d/Maestranza_card.png,https://images.ctfassets.net/p6eyia4djstu/CdDKQiWafmh1hPBWnvpEW/f5857183788ec6520971afc7c36907e7/Logos_Cards_Sitio_Beneficios_La_Maestranza.png,,True,Restaurantes,Exclusivo presencial,restaurante
falabella_de-barrio,Banco Falabella,CMR Falabella,De Barrio,40.0,porcentaje,Hasta 40% Sin Tope,"jueves, lunes, martes, miercoles",,,01-Abr-2026,31-Ago-2026,,,,,0,0,Sin Tope Revisa los locales del beneficio. Comprueba en la página oficial.,False,True,2026-08-20T13:37:19.492579,https://www.bancofalabella.cl/descuentos/detalle/de-barrio,https://images.ctfassets.net/p6eyia4djstu/1lcorsG3GkCiDrlHDZIiXT/0a03e17e0b54423aa5d2ad2023f6faac/Cards_De_Barrio.webp,https://images.ctfassets.net/p6eyia4djstu/5dRGBPDG6A3CN9I4uee9sk/d5a6b0bdf85a5d73ba8a3dc6d5387634/Cards_LOGO_Web_De_Barrio.webp,,True,Restaurantes,Exclusivo presencial,restaurante
falabella_kento-gourmet,Banco Falabella,CMR Falabella,Kento Gourmet,40.0,porcentaje,Hasta 40% Sin Tope,"lunes, martes, jueves, miercoles",,,01-Ene-2026,31-Ago-2026,,,,,0,0,Sin Tope Revisa los locales del beneficio. Comprueba en la página oficial.,False,True,2026-08-20T13:37:19.492636,https://www.bancofalabella.cl/descuentos/detalle/kento-gourmet,https://images.ctfassets.net/p6eyia4djstu/3wNrQ0Nx7NfHsgGnL1RFiC/449a40e07641d31bbc439684f9b8e310/Nuevas_Cards_Beneficios_Junio_Imagen_Kento.jpg,https://images.ctfassets.net/p6eyia4djstu/61dAfvUk9DbS2Nut2NdlJc/dbd457276d1b5fb17893c11f80cc19ac/Cards_Noviembre_2_Logo_App_Kento.png,,True,Restaurantes,Exclusivo presencial,restaurante
falabella_frida-kahlo,Banco Falabella,CMR Falabella,Frida Kahlo,40.0,porcentaje,Hasta 40% Sin Tope,"miercoles, lunes, martes, jueves",,,01-Ene-2026,31-Ago-2026,,,,,0,0,Sin Tope Revisa los locales del beneficio. Comprueba en la página oficial.,False,True,2026-08-20T13:37:19.492705,https://www.bancofalabella.cl/descuentos/detalle/frida-kahlo,https://images.ctfassets.net/p6eyia4djstu/47ptHlYftkVJ8FS8DPmMkK/72f1cb26972e598c2f127a4c1402cb38/Cards_3_Card_Frida_Kalho.webp,https://images.ctfassets.net/p6eyia4djstu/60nyBCZkoq3IDEmMC6l7fN/a7e8bc2abd976cca9d4b0942d1522035/Logos_logo_Frida.webp,,True,Restaurantes,Presencial. Revisa día según local,restaurante
falabella_vapiano,Banco Falabella,CMR Falabella,Vapiano,40.0,porcentaje,Hasta 40% Sin Tope,"viernes, sabado, domingo, lunes, miercoles",,,01-Ene-2026,31-Ago-2026,,,,,0,0,Sin Tope Revisa los locales del beneficio. Comprueba en la página oficial.,False,True,2026-08-20T13:37:19.492762,https://www.bancofalabella.cl/descuentos/detalle/vapiano,https://images.ctfassets.net/p6eyia4djstu/2WBG2QQnVk2JqoOdNOyOCs/9e7419e8a1573a9ecea3b0024c6d81a4/vapiano__3_.png,https://images.ctfassets.net/p6eyia4djstu/5DzQEcJrX8TMqj9ZN77MhX/49b372657232f88a62ff8def7712886d/Logos_Cards_Sitio_Beneficios_Vapiano.png,,True,Restaurantes,Exclusivo presencial,restaurante
falabella_40-de-dcto-en-restaurantes-mallplaza-muu-grill,Banco Falabella,CMR Falabella,Muu Grill,40.0,porcentaje,Hasta 40% Sin Tope,"miercoles, lunes, martes, jueves, viernes, sabado, domingo",,,01-Ene-2026,31-Ago-2026,,,,,0,0,Sin Tope Aplica en locales de Mallplaza. Revisa los locales del beneficio. Comprueba en la página oficial.,False,True,2026-08-20T13:37:19.492824,https://www.bancofalabella.cl/descuentos/detalle/40-de-dcto-en-restaurantes-mallplaza-muu-grill,https://images.ctfassets.net/p6eyia4djstu/12mkD4CKXNAJPRJFnv88wA/6486a1891870caf4b9514e5f1e106cba/Cards_Beneficios_Card_OU_Muu_Grill.webp,https://images.ctfassets.net/p6eyia4djstu/1MkiQ0yx5QfpHrLS4zVuW4/6a58e4110da7c58d864028e01be4b746/Logos_Cards_Sitio_Beneficios_Muu_Grill.png,,True,Restaurantes,Presencial. Revisa día según local,restaurante
falabella_la-cabrera-al-paso,Banco Falabella,CMR Falabella,La Cabrera Al Paso,40.0,porcentaje,Hasta 40% Sin Tope,"martes, miercoles, lunes, domingo, viernes, jueves, sabado",,,01-Ene-2026,31-Ago-2026,,,,,0,0,Sin Tope Revisa los locales del beneficio. Comprueba en la página oficial.,False,True,2026-08-20T13:37:19.492887,https://www.bancofalabella.cl/descuentos/detalle/la-cabrera-al-paso,https://images.ctfassets.net/p6eyia4djstu/1jljYGIlY8ON9sb9ygP6aD/99098a59c6981a7b16b682b41c1319d4/cabrera_al_paso_cascade.png,https://images.ctfassets.net/p6eyia4djstu/1oUAUQdU3K0cymqytrXcIX/074d1333779a70f274fc5451288f3f89/Logos_Cards_Sitio_Beneficios_Cabrera_al_paso.png,,True,Restaurantes,Exclusivo presencial,restaurante
falabella_40-de-dcto-en-restaurantes-mallplaza-tanta,Banco Falabella,CMR Falabella,Tanta,40.0,porcentaje,Hasta 40% Sin Tope,"domingo, lunes, martes, miercoles, sabado, jueves, viernes",,,01-Ene-2026,31-Ago-2026,,,,,0,0,Sin Tope Aplica en locales de Mallplaza. Revisa los locales del beneficio. Comprueba en la página oficial.,False,True,2026-08-20T13:37:19.492944,https://www.bancofalabella.cl/descuentos/detalle/40-de-dcto-en-restaurantes-mallplaza-tanta,https://images.ctfassets.net/p6eyia4djstu/71hFiGrLOfx8pfBP03KAjh/e3bc4d2e12645b77e8b1ebd8ba99965d/tanta.png,https://images.ctfassets.net/p6eyia4djstu/0ZjkWEfrWDc3DObu4zqdg/bf202be7cfed79161a199a183efdd91a/tanta__1_.png,,True,Restaurantes,Presencial. Revisa día según local,restaurante
falabella_40-de-dcto-en-restaurantes-mallplaza-mamma-mia,Banco Falabella,CMR Falabella,Mamma Mia,40.0,porcentaje,Hasta 40% Sin Tope,"lunes, martes, miercoles, jueves, viernes, sabado, domingo",,,01-Ene-2026,31-Ago-2026,,,,,0,0,Sin Tope Aplica en locales de Mallplaza. Revisa los locales del beneficio. Comprueba en la página oficial.,False,True,2026-08-20T13:37:19.493000,https://www.bancofalabella.cl/descuentos/detalle/40-de-dcto-en-restaurantes-mallplaza-mamma-mia,https://images.ctfassets.net/p6eyia4djstu/he7hWYOtezCHJS4saTMOx/9da0849a5311baa33c60878e4c32b52a/Mammamia.png,https://images.ctfassets.net/p6eyia4djstu/6kNycgFimjUFKbHxrxLXKJ/608724e4130fc2fb4eb92ae3b5e2fdbe/Logos_Cards_Sitio_Beneficios_MammaMia.png,,True,Restaurantes,Presencial. Revisa día según local,restaurante
falabella_berlin-doner-kebab,Banco Falabella,CMR Falabella,Berlin Doner Kebab,40.0,porcentaje,Hasta 40% Sin Tope,"lunes, martes, jueves",,,01-Oct-2025,31-Ago-2026,,,,,0,0,Sin Tope Revisa los locales del beneficio. Comprueba en la página oficial.,False,True,2026-08-20T13:37:19.493058,https://www.bancofalabella.cl/descuentos/detalle/berlin-doner-kebab,https://images.ctfassets.net/p6eyia4djstu/2ox3oDcSisFsiqo7xA4D1r/8a5e834b46208b854f1327a934b1c9a5/Cards_ajuste_Berlin_Donner.webp,https://images.ctfassets.net/p6eyia4djstu/4HXxCAZhnCcRU6UMhXwrXm/38d67536dd49cabd3ff6a73369ae7954/Logos_logo_Berlin_doner.webp,,True,Restaurantes,Exclusivo presencial,restaurante
falabella_kairos-garden,Banco Falabella,CMR Falabella,Kairos Garden,40.0,porcentaje,Hasta 40% Sin Tope,"lunes, martes",,,01-Ene-2026,31-Ago-2026,,,,,0,0,Sin Tope Revisa los locales del beneficio. Comprueba en la página oficial.,False,True,2026-08-20T13:37:19.493125,https://www.bancofalabella.cl/descuentos/detalle/kairos-garden,https://images.ctfassets.net/p6eyia4djstu/2xi7IteSORgWxgMDFl28D8/604ffda973fb3adf50ecc567170722ee/kairos_card.png,https://images.ctfassets.net/p6eyia4djstu/11mZqgayhclSRnNuyuo1Xd/f62316150897c9b8ac7d0c4522f8f96a/Logos_Cards_Sitio_Beneficios_Kairos_Garden.png,,True,Restaurantes,Presencial. Revisa día según local,restaurante
falabella_sog-la-piazza,Banco Falabella,CMR Falabella,Sog La Piazza,40.0,porcentaje,Hasta 40% Sin Tope,"lunes, miercoles, jueves, viernes, sabado, martes, domingo",,,01-Ene-2026,31-Ago-2026,,,,,0,0,Sin Tope Revisa los locales del beneficio. Comprueba en la página oficial.,False,True,2026-08-20T13:37:19.493180,https://www.bancofalabella.cl/descuentos/detalle/sog-la-piazza,https://images.ctfassets.net/p6eyia4djstu/31xPFQWaZyi5M2zs2iPFtX/a819a49cd2088a08eb8a4e1e54a708bb/Piazza_card.png,https://images.ctfassets.net/p6eyia4djstu/fNSjXWxmGr9yo7WlpcerT/94da020b90a9a9bb6a7909343e74a67d/Logos_Cards_Sitio_Beneficios_La_Piazza.png,,True,Restaurantes,Presencial. Revisa día según local,restaurante
falabella_40-de-dcto-en-restaurantes-mallplaza-la-patrona,Banco Falabella,CMR Falabella,La Patrona,40.0,porcentaje,Hasta 40% Sin Tope,"lunes, martes, miercoles, jueves",,,01-Ene-2026,31-Ago-2026,,,,,0,0,Sin Tope Aplica en locales de Mallplaza. Revisa los locales del beneficio. Comprueba en la página oficial.,False,True,2026-08-20T13:37:19.493236,https://www.bancofalabella.cl/descuentos/detalle/40-de-dcto-en-restaurantes-mallplaza-la-patrona,https://images.ctfassets.net/p6eyia4djstu/4u2oWa1WumQmAsYFoBgu13/22263626a0ea6f7a372c66f56e8efd5a/La-PAtrona_card.png,https://images.ctfassets.net/p6eyia4djstu/6uZcAOqucva9CYbAHaLuLn/136d65c957726b187e18eb07b166081f/DisenÌ_o_sin_tiÌ_tulo-99.png,,True,Restaurantes,Exclusivo presencial,restaurante
falabella_40-de-dcto-en-restaurantes-mallplaza-paris-texas,Banco Falabella,CMR Falabella,Paris Texas,40.0,porcentaje,Hasta 40% Sin Tope,"lunes, martes, miercoles, jueves",,,01-Ene-2026,31-Ago-2026,,,,,0,0,Sin Tope Aplica en locales de Mallplaza. Revisa los locales del beneficio. Comprueba en la página oficial.,False,True,2026-08-20T13:37:19.493290,https://www.bancofalabella.cl/descuentos/detalle/40-de-dcto-en-restaurantes-mallplaza-paris-texas,https://images.ctfassets.net/p6eyia4djstu/2uFmXM35iyBFAR6ClW1eau/c7808a714501948917e8596f7c888e19/Card_Paris-Texas.png,https://images.ctfassets.net/p6eyia4djstu/3mD5Mhjw26vra7RommlYnY/1b827942f1f1119977216de7c2eb1542/Logos_Cards_Sitio_Beneficios_Paris_Texas.png,,True,Restaurantes,Exclusivo presencial,restaurante
falabella_40-de-dcto-en-restaurantes-mallplaza-take-a-wok,Banco Falabella,CMR Falabella,Take A Wok,40.0,porcentaje,Hasta 40% Sin Tope,"miercoles, lunes, martes, jueves, viernes, sabado, domingo",,,01-Ene-2026,31-Ago-2026,,,,,0,0,Sin Tope Aplica en locales de Mallplaza. Revisa los locales del beneficio. Comprueba en la página oficial.,False,True,2026-08-20T13:37:19.493345,https://www.bancofalabella.cl/descuentos/detalle/40-de-dcto-en-restaurantes-mallplaza-take-a-wok,https://images.ctfassets.net/p6eyia4djstu/5nuGSsbwkNhYG7rvNt3idO/9c2f0f7429e703b4d7c21d0c98b4efa1/take_a_wok__1_.png,https://images.ctfassets.net/p6eyia4djstu/6MyObQyLhLQGrkNZBL6Y7M/e1b7d3e50d1d0b0df03dbf86e6385b18/Logos_Cards_Sitio_Beneficios_Take_a_Wok.png,,True,Restaurantes,Presencial. Revisa día según local,restaurante
falabella_40-de-dcto-en-restaurantes-mallplaza-la-sanguchera-del-barrio,Banco Falabella,CMR Falabella,La Sanguchera Del Barrio,40.0,porcentaje,Hasta 40% Sin Tope,"martes, miercoles, lunes, jueves, viernes, sabado, domingo",,,01-Ene-2026,31-Ago-2026,,,,,0,0,Sin Tope Aplica en locales de Mallplaza. Revisa los locales del beneficio. Comprueba en la página oficial.,False,True,2026-08-20T13:37:19.493409,https://www.bancofalabella.cl/descuentos/detalle/40-de-dcto-en-restaurantes-mallplaza-la-sanguchera-del-barrio,https://images.ctfassets.net/p6eyia4djstu/glL4oVPOLjr8gcqVgZtNm/70e95cbf0dd579d5d83ec1c5b2799aa3/sanguchera_del_barrio_card.png,https://images.ctfassets.net/p6eyia4djstu/64o6NAjfWT1NnA41BIK6Yp/d7609a3c2bcd2ff5b54233407dd10dfc/Logos_Cards_Sitio_Beneficios_La_Sanguchera.png,,True,Restaurantes,Presencial. Revisa día según local,restaurante
falabella_40-de-dcto-en-restaurantes-mallplaza-ekeko,Banco Falabella,CMR Falabella,Ekeko,40.0,porcentaje,Hasta 40% Sin Tope,"sabado, domingo, lunes, martes, miercoles, jueves, viernes",,,01-Ene-2026,31-Ago-2026,,,,,0,0,Sin Tope Aplica en locales de Mallplaza. Revisa los locales del beneficio. Comprueba en la página oficial.,False,True,2026-08-20T13:37:19.493464,https://www.bancofalabella.cl/descuentos/detalle/40-de-dcto-en-restaurantes-mallplaza-ekeko,https://images.ctfassets.net/p6eyia4djstu/jqNxinU2ccr1gvW6FnPFu/88679d98ef3f4edd5b81db213fda21db/CARD_EKEKO.png,https://images.ctfassets.net/p6eyia4djstu/4WdIUj26B3t0IUBLdmpiJG/79672ca2dba494971cfaae1da53840e4/Logos_Cards_Sitio_Beneficios_Ekeko.png,,True,Restaurantes,Presencial. Revisa día según local,restaurante
falabella_badass,Banco Falabella,CMR Falabella,Badass,40.0,porcentaje,Hasta 40% Sin Tope,"lunes, martes, miercoles, jueves, viernes, sabado, domingo",,,01-Ene-2026,31-Ago-2026,,,,,0,0,Sin Tope Revisa los locales del beneficio. Comprueba en la página oficial.,False,True,2026-08-20T13:37:19.493518,https://www.bancofalabella.cl/descuentos/detalle/badass,https://images.ctfassets.net/p6eyia4djstu/4fc2D9S8zw3TzRAM72NQsP/5b10814ae4e96841aea029fe30ca6e93/Cards_Beneficios_4_Card_OU_BadAss.webp,https://images.ctfassets.net/p6eyia4djstu/2vxCFclO4z88rVxGnoOuTP/4c8a7b9e4265bd5319384fc935fd9372/logo_web_badass.webp,,True,Restaurantes,Presencial. Revisa día según local,restaurante
falabella_vendetta,Banco Falabella,CMR Falabella,Vendetta,40.0,porcentaje,Hasta 40% Sin Tope,"martes, lunes, miercoles, jueves",,,01-Ene-2026,31-Ago-2026,,,,,0,0,Sin Tope Revisa los locales del beneficio. Comprueba en la página oficial.,False,True,2026-08-20T13:37:19.493570,https://www.bancofalabella.cl/descuentos/detalle/vendetta,https://images.ctfassets.net/p6eyia4djstu/1q5xu4XqD9l7ZvEZopsw5P/7cda16503df65c37661971245679c207/Vendetta.png,https://images.ctfassets.net/p6eyia4djstu/36sxvCmkdhaQrPW5PYWjlU/e0f92265c985185fef553f22f7e8ad98/Logos_Cards_Sitio_Beneficios_Vendetta.png,,True,Restaurantes,Presencial en locales seleccionados,restaurante
falabella_40-de-dcto-en-restaurantes-vivo-imperio-mila,Banco Falabella,CMR Falabella,Mila,40.0,porcentaje,Hasta 40% Sin Tope,"sabado, domingo, lunes, martes, miercoles, jueves, viernes",,,01-Ene-2026,31-Ago-2026,,,,,0,0,Sin Tope Aplica en locales de Vivo Imperio. Revisa los locales del beneficio. Comprueba en la página oficial.,False,True,2026-08-20T13:37:19.493621,https://www.bancofalabella.cl/descuentos/detalle/40-de-dcto-en-restaurantes-vivo-imperio-mila,https://images.ctfassets.net/p6eyia4djstu/1RCcay1kbUou9QZgVIsKYT/8b4aa15f125b902a5fb440e966a036fe/Cards_Beneficios3_Card_OU_Mila.webp,https://images.ctfassets.net/p6eyia4djstu/5mjsuH8ypjPVA8hPPL4UC8/421ef922e62e4904a993e8556433b81e/Logos_Cards_Sitio_Beneficios_Mila__1_.png,,True,Restaurantes,Presencial. Revisa día según local,restaurante
falabella_40-de-dcto-en-restaurantes-mallplaza-barra-chalaca,Banco Falabella,CMR Falabella,Barra Chalaca,40.0,porcentaje,Hasta 40% Sin Tope,"miercoles, lunes, martes, jueves, viernes, sabado, domingo",,,01-Ene-2026,31-Ago-2026,,,,,0,0,Sin Tope Aplica en locales de Mallplaza. Revisa los locales del beneficio. Comprueba en la página oficial.,False,True,2026-08-20T13:37:19.493680,https://www.bancofalabella.cl/descuentos/detalle/40-de-dcto-en-restaurantes-mallplaza-barra-chalaca,https://images.ctfassets.net/p6eyia4djstu/T6GtDVAhY0VDrL38ZXSrH/d9d6531ec388509d531385673254c500/Cards_ajuste_Barrachalaca.webp,https://images.ctfassets.net/p6eyia4djstu/5Kn9NKZotE2UfqmL8YpvKd/765318e19dea484f0850d198c60eadce/Logos_Cards_Sitio_Beneficios_Barra_Chalaca.png,,True,Restaurantes,Presencial. Revisa día según local,restaurante
falabella_el-bodegon,Banco Falabella,CMR Falabella,El Bodegon,40.0,porcentaje,Hasta 40% Sin Tope,"miercoles, jueves, sabado, domingo, viernes, martes, lunes",,,01-Ene-2026,31-Ago-2026,,,,,0,0,Sin Tope Revisa los locales del beneficio. Comprueba en la página oficial.,False,True,2026-08-20T13:37:19.493735,https://www.bancofalabella.cl/descuentos/detalle/el-bodegon,https://images.ctfassets.net/p6eyia4djstu/17JXYCO3fKiNZJa34gNwA8/dae12c0418436a90cc29a0cc1ec13bb1/Cards_ajuste_El_Bodegon.webp,https://images.ctfassets.net/p6eyia4djstu/5ixj3b9lpPO0Ty2Cjc3CZU/130e7252e349453cd90d6bfe5d63d40b/Logos_Cards_Sitio_Beneficios_El_Bodegon.png,,True,Restaurantes,Presencial. Revisa día según local,restaurante
falabella_fuente-suiza,Banco Falabella,CMR Falabella,Fuente Suiza,40.0,porcentaje,Hasta 40% Sin tope,"lunes, martes, miercoles, jueves, viernes, sabado, domingo",,,01-Ene-2026,31-Ago-2026,,,,,0,0,Sin tope Revisa los locales del beneficio. Comprueba en la página oficial.,False,True,2026-08-20T13:37:19.493790,https://www.bancofalabella.cl/descuentos/detalle/fuente-suiza,https://images.ctfassets.net/p6eyia4djstu/16ig1ZMgrNlkdMooLSXGhV/9ad19e3c493c59ed6c1eabb07cf5b004/Cards_Febrero_Fuente_Suiza.webp,https://images.ctfassets.net/p6eyia4djstu/3Vaiu0m9UsUrm83Cc13F3G/ffd691ae082f0dc5cd120317c033ea67/Cards_Febrero_LOGO_Fuente_Suiza.webp,,True,Restaurantes,Exclusivo presencial,restaurante
falabella_cantina-varas,Banco Falabella,CMR Falabella,Cantina Varas,40.0,porcentaje,Hasta 40% Sin Tope,"jueves, lunes, martes, miercoles, viernes, sabado",,,01-Jul-2026,31-Ago-2026,,,,,0,0,Sin Tope Revisa los locales del beneficio. Comprueba en la página oficial.,False,True,2026-08-20T13:37:19.493846,https://www.bancofalabella.cl/descuentos/detalle/cantina-varas,https://images.ctfassets.net/p6eyia4djstu/6mjn4eXDcz1eM99TSyxMa7/1a024671e5afbd2e122075a01d26b2f2/Cards_Cantina_Varas.webp,https://images.ctfassets.net/p6eyia4djstu/qghFCguYSPymSuXI97pau/512ff7f33b2225185183c0b1b31130e8/Cards_LOGO_Web_Cantina_Varas.webp,,True,Restaurantes,Exclusivo presencial,restaurante
falabella_40-de-dcto-en-restaurantes-mallplaza-siete-cortes,Banco Falabella,CMR Falabella,Siete Cortes,40.0,porcentaje,Hasta 40% Sin Tope,"miercoles, jueves, sabado, viernes, lunes, martes, domingo",,,01-Ene-2026,31-Ago-2026,,,,,0,0,Sin Tope Aplica en locales de Mallplaza. Revisa los locales del beneficio. Comprueba en la página oficial.,False,True,2026-08-20T13:37:19.493901,https://www.bancofalabella.cl/descuentos/detalle/40-de-dcto-en-restaurantes-mallplaza-siete-cortes,https://images.ctfassets.net/p6eyia4djstu/2p0l94SPgd0XW3b4ROaVBM/770e6e43854c65ccbf0972f9fc48ef5e/7-Cortes.png,https://images.ctfassets.net/p6eyia4djstu/18AFyEGSRxlecdwCi26zsH/3c0ae8530f19943a1a19363e2aa15e4f/Logos_Cards_Sitio_Beneficios_Siete_Cortes.png,,True,Restaurantes,Presencial. Revisa día según local,restaurante
falabella_40-de-dcto-en-restaurantes-mallplaza-el-japones,Banco Falabella,CMR Falabella,El Japones,40.0,porcentaje,Hasta 40% Sin Tope,"miercoles, jueves, viernes, lunes, martes, sabado, domingo",,,01-Ene-2026,31-Ago-2026,,,,,0,0,Sin Tope Aplica en locales de Mallplaza. Revisa los locales del beneficio. Comprueba en la página oficial.,False,True,2026-08-20T13:37:19.493957,https://www.bancofalabella.cl/descuentos/detalle/40-de-dcto-en-restaurantes-mallplaza-el-japones,https://images.ctfassets.net/p6eyia4djstu/2hM4IBsZkt5paM4TYYlpLM/62e3fbafd9fbdd0025949f5bdcab79eb/Cards_3_Card_El_Japoneâ__Ã_s.webp,https://images.ctfassets.net/p6eyia4djstu/1JKO1UY08MPkDtWFzmiSeL/2c1adb5c01c4e246cc6861596c63ada1/Logos_Cards_Sitio_Beneficios_El_Japones.png,,True,Restaurantes,Presencial. Revisa día según local,restaurante
falabella_sog-jalisco,Banco Falabella,CMR Falabella,Sog Jalisco,40.0,porcentaje,Hasta 40% Sin Tope,"jueves, miercoles, viernes, sabado, lunes, martes, domingo",,,01-Ene-2026,31-Ago-2026,,,,,0,0,Sin Tope Revisa los locales del beneficio. Comprueba en la página oficial.,False,True,2026-08-20T13:37:19.494011,https://www.bancofalabella.cl/descuentos/detalle/sog-jalisco,https://images.ctfassets.net/p6eyia4djstu/51Htklb9tOHlkji1cc5qlM/c122a3871b001e04362fea161c7c7101/jalisco.png,https://images.ctfassets.net/p6eyia4djstu/4w52bvHHi6MCaVepNzfHuE/ac41f10a2ee860071adb4952c67ff30d/Logos_Cards_Sitio_Beneficios_Jalisco.png,,True,Restaurantes,Presencial. Revisa día según local,restaurante
falabella_la-argentina,Banco Falabella,CMR Falabella,La Argentina,40.0,porcentaje,Hasta 40% Sin Tope,"jueves, viernes, miercoles, lunes, martes, sabado, domingo",,,04-Ene-2026,31-Ago-2026,,,,,0,0,Sin Tope Revisa los locales del beneficio. Comprueba en la página oficial.,False,True,2026-08-20T13:37:19.494076,https://www.bancofalabella.cl/descuentos/detalle/la-argentina,https://images.ctfassets.net/p6eyia4djstu/5iW9VydDDBTmjNrYo0fGNv/61641d099cfadee28555ce83f066b356/La-Argentina_card.png,https://images.ctfassets.net/p6eyia4djstu/6kP3ieuqiM8oppQkLUlHe8/c6aebde2c64d82098fed5453f707e16f/DisenÌ_o_sin_tiÌ_tulo-98.png,,True,Restaurantes,Presencial. Revisa día según local,restaurante
falabella_sog-meson-del-marinero,Banco Falabella,CMR Falabella,Sog Meson Del Marinero,40.0,porcentaje,Hasta 40% Sin Tope,"jueves, miercoles, viernes, sabado, lunes, martes, domingo",,,01-Ene-2026,31-Ago-2026,,,,,0,0,Sin Tope Revisa los locales del beneficio. Comprueba en la página oficial.,False,True,2026-08-20T13:37:19.494136,https://www.bancofalabella.cl/descuentos/detalle/sog-meson-del-marinero,https://images.ctfassets.net/p6eyia4djstu/4QVWu1ASJH9JhD9a9xGR8j/9be443cffbe4066cd2017bd085c460e4/MesÃ_n-del-Marinero.png,https://images.ctfassets.net/p6eyia4djstu/fUzQ0C1Tw7uiTVnvcWTzy/bceb9b0d7b57e8dac8793ed3fdab91e7/Logos_Cards_Sitio_Beneficios_Meson_Marinero.png,,True,Restaurantes,Presencial. Revisa día según local,restaurante
falabella_muu-steak,Banco Falabella,CMR Falabella,Muu Steak,40.0,porcentaje,Hasta 40% Sin tope,"lunes, martes",,,01-Ene-2026,31-Ago-2026,,,,,0,0,Sin tope Revisa los locales del beneficio. Comprueba en la página oficial.,False,True,2026-08-20T13:37:19.494189,https://www.bancofalabella.cl/descuentos/detalle/muu-steak,https://images.ctfassets.net/p6eyia4djstu/5eoIXJJVK7qfN900f4Eoiz/a3014949cefcffa92ead3d719811c8e3/Cards_2_Muu_Steak.webp,https://images.ctfassets.net/p6eyia4djstu/5AE0HXMjScn9540BCkGXJL/4b8ab06074633fda6e946b12f39e42ce/Cards_2_LOGO_Web_Muu_Steak.webp,,True,Restaurantes,Presencial. Revisa día según local,restaurante
falabella_miscelaneo,Banco Falabella,CMR Falabella,Miscelaneo,40.0,porcentaje,Hasta 40% Sin Tope,"viernes, martes, miercoles, jueves, sabado",,,29-Sep-2025,31-Ago-2026,,,,,0,0,Sin Tope Revisa los locales del beneficio. Comprueba en la página oficial.,False,True,2026-08-20T13:37:19.494239,https://www.bancofalabella.cl/descuentos/detalle/miscelaneo,https://images.ctfassets.net/p6eyia4djstu/2bIpPJCqGDUy8zHEZw7sxI/3a4bf6743948bc7ddb27e825e8f8a705/MISCELANEO_Card_OU_CASA_MISCELANEO.webp,https://images.ctfassets.net/p6eyia4djstu/4dBYjUiCzXOOWr0LdS4XZB/e2635526ab2be78529ffd21469fbb97f/Cards_4_LOGO_Web_Miscelaneo.webp,,True,Restaurantes,Exclusivo presencial,restaurante
falabella_exo-nuit,Banco Falabella,CMR Falabella,Exo Nuit,40.0,porcentaje,Hasta 40% Sin tope,"martes, miercoles, jueves, viernes, sabado",,,03-Ene-2026,31-Ago-2026,,,,,0,0,Sin tope Revisa los locales del beneficio. Comprueba en la página oficial.,False,True,2026-08-20T13:37:19.494289,https://www.bancofalabella.cl/descuentos/detalle/exo-nuit,https://images.ctfassets.net/p6eyia4djstu/2gxVacf37lluzuyyiyp8Km/211d05b4ed8eb48eaf53f227d82917d1/Cards_Exo.webp,https://images.ctfassets.net/p6eyia4djstu/1fOcXoumy4b0Zz9kvyMmUi/1b6d4bba56ae99e290db7436634bb8c7/Cards_LOGO_Exo.webp,,True,Restaurantes,Exclusivo presencial,restaurante
falabella_cantina-montt,Banco Falabella,CMR Falabella,Cantina Montt,40.0,porcentaje,Hasta 40% Sin Tope,"martes, sabado",,,06-Ene-2026,31-Ago-2026,,,,,0,0,Sin Tope Revisa los locales del beneficio. Comprueba en la página oficial.,False,True,2026-08-20T13:37:19.494342,https://www.bancofalabella.cl/descuentos/detalle/cantina-montt,https://images.ctfassets.net/p6eyia4djstu/1E0X1WB0KcdphjylJr380V/c8e50d94d0d850009994b5046a3c20a4/Cards_Cantina_Montt.webp,https://images.ctfassets.net/p6eyia4djstu/7FvSYkMtT66pXivPnFeZw/a260d792a265f8f28ec0ffbd0483c849/Cards_Logo_Web_Cantina_Montt.webp,,True,Restaurantes,Exclusivo presencial,restaurante
falabella_borderio-kechua,Banco Falabella,CMR Falabella,Borderio Kechua,40.0,porcentaje,Hasta 40% Sin Tope,martes,,,01-Abr-2026,31-Ago-2026,,,,,0,0,Sin Tope Revisa los locales del beneficio. Comprueba en la página oficial.,False,True,2026-08-20T13:37:19.494394,https://www.bancofalabella.cl/descuentos/detalle/borderio-kechua,https://images.ctfassets.net/p6eyia4djstu/5CoKLIhbTWyC8dhpJQ18pY/c5dd2954f681090215050d24769f689b/Cards_Beneficios_4_Card_OU_Kechua_restaurant.webp,https://images.ctfassets.net/p6eyia4djstu/1V5GfllQlfxRg4bRtf5q9x/b868cc6115b0d8281aa2deb5bb584e47/Logos_logo_Kechua.webp,,True,Restaurantes,Exclusivo presencial en BordeRío,restaurante
falabella_martes-de-borderio-krossbar,Banco Falabella,CMR Falabella,Martes De Borderio Krossbar,40.0,porcentaje,Hasta 40% Sin Tope,martes,,,01-Abr-2026,31-Ago-2026,,,,,0,0,Sin Tope Revisa los locales del beneficio. Comprueba en la página oficial.,False,True,2026-08-20T13:37:19.494456,https://www.bancofalabella.cl/descuentos/detalle/martes-de-borderio-krossbar,https://images.ctfassets.net/p6eyia4djstu/7MlSgeOheo2Ni5Ne0XizqO/dedf2ccd815ae89cd74d301b76fb3277/krossbar_card.png,https://images.ctfassets.net/p6eyia4djstu/5qY2I1tWjpiqsnroLPFXgQ/53612aaf42e38162157dc8cbadb493d1/DisenÌ_o_sin_tiÌ_tulo-96.png,,True,Restaurantes,Exclusivo presencial en BordeRío,restaurante
falabella_borderio-pulmay,Banco Falabella,CMR Falabella,Borderio Pulmay,40.0,porcentaje,Hasta 40% Sin Tope,martes,,,01-Abr-2026,31-Ago-2026,,,,,0,0,Sin Tope Revisa los locales del beneficio. Comprueba en la página oficial.,False,True,2026-08-20T13:37:19.494507,https://www.bancofalabella.cl/descuentos/detalle/borderio-pulmay,https://images.ctfassets.net/p6eyia4djstu/6hbFixZlkHyxxZQMdSAtLI/8d0f46e3a9eb04ba618e13f015e60d68/pulmay.png,https://images.ctfassets.net/p6eyia4djstu/7hmqpNiVyY1oOtlGtTmxb/47f902d9b80a46ba21f497e5eb051248/Logos_Cards_Sitio_Beneficios_Pulmay.png,,True,Restaurantes,Exclusivo presencial en BordeRío,restaurante
falabella_borderio-bistro-cascade,Banco Falabella,CMR Falabella,Borderio Bistro Cascade,40.0,porcentaje,Hasta 40% Sin Tope,martes,,,01-Abr-2026,31-Ago-2026,,,,,0,0,Sin Tope Revisa los locales del beneficio. Comprueba en la página oficial.,False,True,2026-08-20T13:37:19.494563,https://www.bancofalabella.cl/descuentos/detalle/borderio-bistro-cascade,https://images.ctfassets.net/p6eyia4djstu/f9eW6X24cWIV7xFh7kI1K/3af8c5868a02b2f7bfd404bb35a92556/bistro_cascade.png,https://images.ctfassets.net/p6eyia4djstu/7yViBtCQ9BfxlmacfVrJOl/c13d49811ac71eea461531f8e0a09806/Logos_Cards_Sitio_Beneficios_Bistro_Cascade.png,,True,Restaurantes,Exclusivo presencial en BordeRío,restaurante
falabella_anima-cocktail-lab,Banco Falabella,CMR Falabella,Anima Cocktail Lab,40.0,porcentaje,Hasta 40% Sin tope,"jueves, sabado, miercoles",,,01-May-2026,31-Ago-2026,,,,,0,0,Sin tope Revisa los locales del beneficio. Comprueba en la página oficial.,False,True,2026-08-20T13:37:19.494617,https://www.bancofalabella.cl/descuentos/detalle/anima-cocktail-lab,https://images.ctfassets.net/p6eyia4djstu/6YZsAGxfcnG5O3sjnwq7x8/7c74896d482ad8145f4e700c59af2341/Cards_Anima.webp,https://images.ctfassets.net/p6eyia4djstu/536Lq76X7EKvHitdH0dCCV/5893e5d39472e2c7e23f2700d3895165/Cards_LOGO_Anima.webp,,True,Restaurantes,Exclusivo presencial y online,restaurante
falabella_danes,Banco Falabella,CMR Falabella,Danes,40.0,porcentaje,Hasta 40% Sin Tope,miercoles,,,01-Ene-2026,31-Ago-2026,,,,,0,0,Sin Tope Revisa los locales del beneficio. Comprueba en la página oficial.,False,True,2026-08-20T13:37:19.494662,https://www.bancofalabella.cl/descuentos/detalle/danes,https://images.ctfassets.net/p6eyia4djstu/1N1siwpPeRzT3jOsw6mhvQ/ba5f8b940793934a38e2803d5ffe04dc/Cards_Beneficios_Card_OU_DanÃ_s.webp,https://images.ctfassets.net/p6eyia4djstu/cRafgSuHbblJNBBdBTPsm/eec3b5d4f76027173b6deca35984dd6e/Logos_Cards_Sitio_Beneficios_Danes__1_.png,,True,Restaurantes,Exclusivo presencial,restaurante
falabella_neli,Banco Falabella,CMR Falabella,Neli,40.0,porcentaje,Hasta 40% Sin Tope,miercoles,,,01-Ago-2026,31-Ago-2026,,,,,0,0,Sin Tope Revisa los locales del beneficio. Comprueba en la página oficial.,False,True,2026-08-20T13:37:19.494706,https://www.bancofalabella.cl/descuentos/detalle/neli,https://images.ctfassets.net/p6eyia4djstu/1gAS0383tWSi23WCi9o6uT/2dd760b7f9d9fab4d1709b531aa30131/Cards_ajuste_Neli.webp,https://images.ctfassets.net/p6eyia4djstu/4ozBVmwYTrkc7C6MEUWUiV/8f58054aeadca0bb65c7cb61f9181530/Logos_Cards_Sitio_Beneficios_Neli.png,,True,Restaurantes,Exclusivo presencial,restaurante
falabella_la-santoria,Banco Falabella,CMR Falabella,La Santoria,40.0,porcentaje,Hasta 40% Sin Tope,"miercoles, jueves, domingo, viernes, sabado",,,01-Ene-2026,31-Ago-2026,,,,,0,0,Sin Tope Revisa los locales del beneficio. Comprueba en la página oficial.,False,True,2026-08-20T13:37:19.494756,https://www.bancofalabella.cl/descuentos/detalle/la-santoria,https://images.ctfassets.net/p6eyia4djstu/5i1RBcjkwkmA27skDitbce/7831421701f32b9a924682115e5188c7/BAR_LA_SANTORIA_Card_OU_BAR_LA_SANTORIA.webp,https://images.ctfassets.net/p6eyia4djstu/kSShw2nAjwHR4N656LX7A/bdf931fba530fc65b8ce61298c85831e/BAR_LA_SANTORIA_LOGO_BAR_LA_SANTORIA.webp,,True,Restaurantes,Exclusivo presencial,restaurante
falabella_tigre-bravo,Banco Falabella,CMR Falabella,Tigre Bravo,40.0,porcentaje,Hasta 40% Sin Tope,miercoles,,,01-Ene-2026,31-Ago-2026,,,,,0,0,Sin Tope Revisa los locales del beneficio. Comprueba en la página oficial.,False,True,2026-08-20T13:37:19.494807,https://www.bancofalabella.cl/descuentos/detalle/tigre-bravo,https://images.ctfassets.net/p6eyia4djstu/3jFuOoFQEMTHhXQ6ZDbn23/777fae8525a10cacacf721a3f0e23af4/tigre_bravo.png,https://images.ctfassets.net/p6eyia4djstu/5d7Oj13xAMi8Qf86iLq2dO/823b0f84537d3811aed74ac0524b1abb/Logos_Cards_Sitio_Beneficios_Tigre_Bravo.png,,True,Restaurantes,Exclusivo presencial,restaurante
falabella_kato,Banco Falabella,CMR Falabella,Kato,40.0,porcentaje,Hasta 40% Sin Tope,"sabado, domingo",,,01-Feb-2026,31-Ago-2026,,,,,0,0,Sin Tope Revisa los locales del beneficio. Comprueba en la página oficial.,False,True,2026-08-20T13:37:19.494851,https://www.bancofalabella.cl/descuentos/detalle/kato,https://images.ctfassets.net/p6eyia4djstu/sA415vMosTks9jEclP84r/054fb321ee002896919005f832976c65/Cards_Febrero_Kato.webp,https://images.ctfassets.net/p6eyia4djstu/3rifIfXk3Mk9c4AGivYzYV/c32abeb77288c35b495158cef2d6c56f/Cards_Febrero_LOGO_Kato.webp,,True,Restaurantes,Exclusivo presencial,restaurante
falabella_hijo-del-sol-5ta-region,Banco Falabella,CMR Falabella,Hijo Del Sol 5Ta Region,40.0,porcentaje,Hasta 40% Sin Tope,martes,,,01-Ene-2026,31-Ago-2026,,,,,0,0,Sin Tope Revisa los locales del beneficio. Comprueba en la página oficial.,False,True,2026-08-20T13:37:19.494907,https://www.bancofalabella.cl/descuentos/detalle/hijo-del-sol-5ta-region,https://images.ctfassets.net/p6eyia4djstu/18HwyDMzXLAdNuhZ7jbX3W/7b0e9ba63ae6f4ddfc88530803ec7336/Cards_Hijo_del_Sol.webp,https://images.ctfassets.net/p6eyia4djstu/4hpyME1vdQPg0ecue20caj/c05183fdfea16779ebb05c1c2c59bc70/Cards_LOGO_Web_Hijo_del_Sol.webp,,True,Restaurantes,Presencial Maitencillo y Algarrobo,restaurante
falabella_sushi-y-burger-home,Banco Falabella,CMR Falabella,Sushi Y Burger Home,40.0,porcentaje,Hasta 40% Sin Tope,miercoles,,,01-Jun-2026,31-Ago-2026,,,,,0,0,Sin Tope Revisa los locales del beneficio. Comprueba en la página oficial.,False,True,2026-08-20T13:37:19.494959,https://www.bancofalabella.cl/descuentos/detalle/sushi-y-burger-home,https://images.ctfassets.net/p6eyia4djstu/16lgkR1fdzYbuwf31DeSOM/72a2b54e10dac2827d5c8aa9253cd72b/Sushi___burger_home_Banner_Mobile_Sushi___burger_home.webp,https://images.ctfassets.net/p6eyia4djstu/4tbirUFPdI707He5Oo3wE7/460c71e54e88d5f87c6c04823630c0f6/Sushi___burger_home_LOGO_Sushi___burger_home.webp,,True,Restaurantes,Presencial en Viña del Mar y Reñaca,restaurante
falabella_sushi-home,Banco Falabella,CMR Falabella,Sushi Home,40.0,porcentaje,Hasta 40% Sin Tope,jueves,,,01-Ene-2026,31-Ago-2026,,,,,0,0,Sin Tope Revisa los locales del beneficio. Comprueba en la página oficial.,False,True,2026-08-20T13:37:19.495008,https://www.bancofalabella.cl/descuentos/detalle/sushi-home,https://images.ctfassets.net/p6eyia4djstu/16m9jUm89Q38KYHczeO80E/8909db593516d30fedaf71dcdf451e40/SUSHIHOME_Card_OU_SUSHIHOME.webp,https://images.ctfassets.net/p6eyia4djstu/w1bGud8Jlu2uGxeZ0tajN/bee10475bf788f65702874168b917363/SUSHIHOME_LOGO_SUSHIHOME.webp,,True,Restaurantes,Presencial en Reñaca,restaurante
falabella_fidelio,Banco Falabella,CMR Falabella,Fidelio,40.0,porcentaje,Hasta 40% Sin Tope,jueves,,,01-Ene-2026,31-Ago-2026,,,,,0,0,Sin Tope Revisa los locales del beneficio. Comprueba en la página oficial.,False,True,2026-08-20T13:37:19.495055,https://www.bancofalabella.cl/descuentos/detalle/fidelio,https://images.ctfassets.net/p6eyia4djstu/HvSmT53fAq9b308iFI8E1/8682ac39e556436fda1a19715e858ca4/Cards_Beneficios_Agosto_Card_OU_Fidelio.webp,https://images.ctfassets.net/p6eyia4djstu/7e8NFkQ853omeD5NqpM8YR/570a694ab5ae20e8d26bee2eb86a7501/Cards_Beneficios_Agosto_LOGO_Fidelio.webp,,True,Restaurantes,Presencial en Reñaca,restaurante
falabella_barros-negros,Banco Falabella,CMR Falabella,Barros Negros,40.0,porcentaje,Hasta 40% Sin Tope,miercoles,,,31-May-2026,31-Ago-2026,,,,,0,0,Sin Tope Revisa los locales del beneficio. Comprueba en la página oficial.,False,True,2026-08-20T13:37:19.495123,https://www.bancofalabella.cl/descuentos/detalle/barros-negros,https://images.ctfassets.net/p6eyia4djstu/3xxjzchUBrlfpYNKF2NnU0/c17603956799dfb7ef2cdd4f14d6ffbe/Cards_Barros_Negros.webp,https://images.ctfassets.net/p6eyia4djstu/4UjENxd2tIymmrVfO14yrt/926453ea276f66a5dd6b4f6d13f8f0f6/Cards_LOGO_Web_Barros_Negros.webp,,True,Restaurantes,Exclusivo presencial,restaurante
falabella_la-fabrica-talca,Banco Falabella,CMR Falabella,La Fabrica Talca,40.0,porcentaje,Hasta 40 Sin Tope,martes,,,01-Ene-2026,31-Ago-2026,Maule,,,,0,0,Sin Tope Revisa los locales del beneficio. Comprueba en la página oficial.,False,True,2026-08-20T13:37:19.495163,https://www.bancofalabella.cl/descuentos/detalle/la-fabrica-talca,https://images.ctfassets.net/p6eyia4djstu/3dWPLI6ah2QwMuZthW1eBU/6a17de3873a657fc67035937f4c83f48/La_Fabrica_Talca_Card_OU_La_Fabrica_Talca.webp,https://images.ctfassets.net/p6eyia4djstu/3FkM3saEnJti20AhY1a8um/e3317ef6a597cee03a202764c1af4ba3/La_Fabrica_Talca_LOGO_Martin_La_Fabrica_Talca.webp,,True,Restaurantes,Presencial en Talca,restaurante
falabella_dynos-chillan,Banco Falabella,CMR Falabella,Dynos Chillan,40.0,porcentaje,Hasta 40% Sin Tope,miercoles,,,01-Ene-2026,31-Ago-2026,Ñuble,,,,0,0,Sin Tope Revisa los locales del beneficio. Comprueba en la página oficial.,False,True,2026-08-20T13:37:19.495201,https://www.bancofalabella.cl/descuentos/detalle/dynos-chillan,https://images.ctfassets.net/p6eyia4djstu/51hmtCwLRxIjU74g4BoCKO/cac6539dab4a8f6c8848b5347986e27d/Cards_Dynus.webp,https://images.ctfassets.net/p6eyia4djstu/1YRkDbevlzIoNnGpvW7Quz/3c20fdf73dd9b09c89ff5aaf9dd97950/Cards_LOGO_Web_Dynus.webp,,True,Restaurantes,Presencial en Chillán,restaurante
falabella_taurus-steak-bar-chillan,Banco Falabella,CMR Falabella,Taurus Steak Bar Chillan,40.0,porcentaje,Hasta 40% Sin Tope,martes,,,01-Ene-2026,31-Ago-2026,Ñuble,,,,0,0,Sin Tope Revisa los locales del beneficio. Comprueba en la página oficial.,False,True,2026-08-20T13:37:19.495242,https://www.bancofalabella.cl/descuentos/detalle/taurus-steak-bar-chillan,https://images.ctfassets.net/p6eyia4djstu/1vJ3YY8RayJHuJblOLttxE/d897e7a2b247aca723edf8f79938bb2b/Cards_Taurus.webp,https://images.ctfassets.net/p6eyia4djstu/5FpZ7XTBhubYARX7eJlyxk/f9daa4d2364e9b55cfb0366ccde3cdfe/Cards_LOGO_Web_Taurus.webp,,True,Restaurantes,Presencial en Chillan,restaurante
falabella_augusta-bar,Banco Falabella,CMR Falabella,Augusta Bar,40.0,porcentaje,Hasta 40% Sin Tope,martes,,,01-Ene-2026,31-Ago-2026,,,,,0,0,Sin Tope Revisa los locales del beneficio. Comprueba en la página oficial.,False,True,2026-08-20T13:37:19.495290,https://www.bancofalabella.cl/descuentos/detalle/augusta-bar,https://images.ctfassets.net/p6eyia4djstu/461Snp3HDs3rX3QiA5EddP/a09738f5cae76137ce0b95381afa16ea/Cards_Noviembre_Card_OU_Augusta_bar.webp,https://images.ctfassets.net/p6eyia4djstu/5oTfe3CICYXiQQ79ykujsn/d1f5afcb5f7d31c158bbdac645743fb2/Cards_Noviembre_LOGO_Augusta_bar.webp,,True,Restaurantes,Presencial en Concepción,restaurante
falabella_terralenga-hualpen,Banco Falabella,CMR Falabella,Terralenga Hualpen,40.0,porcentaje,Hasta 40% Sin Tope,martes,,,01-Ene-2026,31-Ago-2026,,,,,0,0,Sin Tope Revisa los locales del beneficio. Comprueba en la página oficial.,False,True,2026-08-20T13:37:19.495342,https://www.bancofalabella.cl/descuentos/detalle/terralenga-hualpen,https://images.ctfassets.net/p6eyia4djstu/aNkZphdA5GrFMy2VCaGOB/b1a03350dc138e9a6cfd8a2338e4ce94/Cards_Terralenga.webp,https://images.ctfassets.net/p6eyia4djstu/6Dm5UZFcKlsaBvR9OiGqv2/f57380cccb0e5d9cb9225f87e9e4b661/Cards_LOGO_Web_Terralenga-50.webp,,True,Restaurantes,Presencial Hualpen,restaurante
falabella_terraangamos,Banco Falabella,CMR Falabella,Terraangamos,40.0,porcentaje,Hasta 40% Sin tope,jueves,,,01-Ene-2026,31-Ago-2026,,,,,0,0,Sin tope Revisa los locales del beneficio. Comprueba en la página oficial.,False,True,2026-08-20T13:37:19.495392,https://www.bancofalabella.cl/descuentos/detalle/terraangamos,https://images.ctfassets.net/p6eyia4djstu/5Cs0GI7pFyDKZ5mam5bO7F/ae90fd76a5ba5d742822a87e7e906a2e/Cards_Octubre_Card_OU_Terrangamos.webp,https://images.ctfassets.net/p6eyia4djstu/r8v728uJ8767mE37USBSK/a4fe884c0dde9763e00e2a865dec8c25/Cards_Octubre_LOGO_Terrangamos.webp,,True,Restaurantes,Presencial en Talcahuano,restaurante
falabella_lebol-restobar,Banco Falabella,CMR Falabella,Lebol Restobar,40.0,porcentaje,Hasta 40% Sin tope,viernes,,,01-Ene-2026,31-Ago-2026,,,,,0,0,Sin tope Revisa los locales del beneficio. Comprueba en la página oficial.,False,True,2026-08-20T13:37:19.495443,https://www.bancofalabella.cl/descuentos/detalle/lebol-restobar,https://images.ctfassets.net/p6eyia4djstu/7s0Qz8WedfpQWRh7PGUxQM/1c4454c7b7836345680a59a791dc05b1/Cards_4_Card_OU_Lebol.webp,https://images.ctfassets.net/p6eyia4djstu/4Cy2ygngAx8AscHkZCWubx/534c66a739c6f40a65b32c9f8717827f/Cards_4_LOGO_Lebol.webp,,True,Restaurantes,Presencial en Concepción,restaurante
falabella_baqueano-temuco,Banco Falabella,CMR Falabella,Baqueano Temuco,40.0,porcentaje,Hasta 40% Sin Tope,martes,,,01-Ene-2026,31-Ago-2026,Araucanía,,,,0,0,Sin Tope Revisa los locales del beneficio. Comprueba en la página oficial.,False,True,2026-08-20T13:37:19.495484,https://www.bancofalabella.cl/descuentos/detalle/baqueano-temuco,https://images.ctfassets.net/p6eyia4djstu/7vKOgkqnrZrywxMwenINXl/e7736c5ef73f44d39f054ffe700a18ba/Cards_Baqueano.webp,https://images.ctfassets.net/p6eyia4djstu/35lkJcjAfjTggCKpdNw6Z3/293712385176b1417b72c3f10ff74303/Cards_LOGO_Web_Baqueano.webp,,True,Restaurantes,Presencial en Temuco,restaurante
falabella_cattedrale-cucina-villarrica,Banco Falabella,CMR Falabella,Cattedrale Cucina Villarrica,40.0,porcentaje,Hasta 40% Sin Tope,martes,,,01-Ene-2026,31-Ago-2026,Araucanía,,,,0,0,Sin Tope Revisa los locales del beneficio. Comprueba en la página oficial.,False,True,2026-08-20T13:37:19.495534,https://www.bancofalabella.cl/descuentos/detalle/cattedrale-cucina-villarrica,https://images.ctfassets.net/p6eyia4djstu/5pRtMhrjDQxMKSqv6lUCSx/ca6fa10a75cd4be222e8d83bce6edf6d/Cards_Cattedrale_.webp,https://images.ctfassets.net/p6eyia4djstu/3gP8FfQ1aWnoPb8chYvlOQ/b1356cdbfd7148afc3eea76e843feeea/Cards_LOGO_Web_Cattedrale_.webp,,True,Restaurantes,Presencial en Villarrica,restaurante
falabella_martina-lounge-bar,Banco Falabella,CMR Falabella,Martina Lounge Bar,40.0,porcentaje,Hasta 40% Sin Tope,martes,,,01-Oct-2025,31-Ago-2026,,,,,0,0,Sin Tope Revisa los locales del beneficio. Comprueba en la página oficial.,False,True,2026-08-20T13:37:19.495586,https://www.bancofalabella.cl/descuentos/detalle/martina-lounge-bar,https://images.ctfassets.net/p6eyia4djstu/4tRJ5CROSFSjvP6bzJoyZ/e7e75acc56a964c0ce50073a4dc444d1/Cards_Beneficios_Agosto_Card_OU_Martina_Bar.webp,https://images.ctfassets.net/p6eyia4djstu/5bQbcXrnusGu2FOLm4i7m1/02a2bd7d27600d4f74309cecad8e2eef/Cards_Beneficios_Agosto_LOGO_Martina_Bar.webp,,True,Restaurantes,Presencial en Temuco,restaurante
falabella_fratello-trattoria,Banco Falabella,CMR Falabella,Fratello Trattoria,40.0,porcentaje,Hasta 40% Sin Tope,viernes,,,02-Ene-2026,31-Ago-2026,,,,,0,0,Sin Tope Revisa los locales del beneficio. Comprueba en la página oficial.,False,True,2026-08-20T13:37:19.495638,https://www.bancofalabella.cl/descuentos/detalle/fratello-trattoria,https://images.ctfassets.net/p6eyia4djstu/6T5oexDPIPbdqhSr9flcB1/57783dc37b432b1e680f9d98c9a0f709/Cards_Beneficios_Agosto_Card_OU_Fratello.webp,https://images.ctfassets.net/p6eyia4djstu/1NPwpTHOLH4lKnV4gnC2DU/251611878031de4d6e8b1244e2432b9b/Cards_Beneficios_Agosto_LOGO_Fratello.webp,,True,Restaurantes,Presencial en Temuco,restaurante
falabella_dominga-bistro-valdivia,Banco Falabella,CMR Falabella,Dominga Bistro Valdivia,40.0,porcentaje,Hasta 40% Sin Tope,miercoles,,,01-Ene-2026,31-Ago-2026,Los Ríos,,,,0,0,Sin Tope Revisa los locales del beneficio. Comprueba en la página oficial.,False,True,2026-08-20T13:37:19.495686,https://www.bancofalabella.cl/descuentos/detalle/dominga-bistro-valdivia,https://images.ctfassets.net/p6eyia4djstu/7HqUpx635u348SE8VaFNfB/33b4a4dbf780ed88a89886fb177e89fb/Cards_DOMINGA_BISTRO_FOTO-13.webp,https://images.ctfassets.net/p6eyia4djstu/6aJ9fe1irxVWQDrHSL58kj/301bc0432b9881986a31bc14b13f574e/Cards_DOMINGA_BISTRO_LOGO_WEB-15.webp,,True,Restaurantes,Presencial en Valdivia,restaurante
falabella_cerveceria-kunstmann-valdivia,Banco Falabella,CMR Falabella,Cerveceria Kunstmann Valdivia,40.0,porcentaje,Hasta 40% Sin Tope,jueves,,,01-Ene-2026,31-Ago-2026,Los Ríos,,,,0,0,Sin Tope Revisa los locales del beneficio. Comprueba en la página oficial.,False,True,2026-08-20T13:37:19.495739,https://www.bancofalabella.cl/descuentos/detalle/cerveceria-kunstmann-valdivia,https://images.ctfassets.net/p6eyia4djstu/5c1VIn8VFiD66tG8cwqv4Q/f649cf464112bd0bc13ce8284c882338/Cerveceriâ__Ã_a_Kuntsmann_Valdivia_Card_OU_Cerveceriâ__Ã_a_Kuntsmann_Valdivia.webp,https://images.ctfassets.net/p6eyia4djstu/21vuqNeXsrk71gzYDPRz1q/819b7c1bbe7333a08c3a580ddcfa4047/Cerveceriâ__Ã_a_Kuntsmann_Valdivia_LOGO_Cerveceriâ__Ã_a_Kuntsmann_Valdivia.webp,,True,Restaurantes,Presencial en Valdivia,restaurante
falabella_umami-bar-nikkei,Banco Falabella,CMR Falabella,Umami Bar Nikkei,40.0,porcentaje,Hasta 40% Sin Tope,miercoles,,,01-Jun-2026,31-Ago-2026,,,,,0,0,Sin Tope Revisa los locales del beneficio. Comprueba en la página oficial.,False,True,2026-08-20T13:37:19.495792,https://www.bancofalabella.cl/descuentos/detalle/umami-bar-nikkei,https://images.ctfassets.net/p6eyia4djstu/Sn0BRnTzmAqua0UVAv0Xh/1ce26d7fc7afa175e4859539d7ce45c4/Cards_Umami_Bar.webp,https://images.ctfassets.net/p6eyia4djstu/51qiZArs7lMNNGuP73F7S/885a606411b84417eb700ed0c5a8ea60/Cards_Logo_Web_Umami_Bar.webp,,True,Restaurantes,Presencial en Valdivia,restaurante
falabella_fogon-greed,Banco Falabella,CMR Falabella,Fogon Greed,40.0,porcentaje,Hasta 40% Sin Tope,sabado,,,06-Ene-2026,31-Ago-2026,,,,,0,0,Sin Tope Revisa los locales del beneficio. Comprueba en la página oficial.,False,True,2026-08-20T13:37:19.495841,https://www.bancofalabella.cl/descuentos/detalle/fogon-greed,https://images.ctfassets.net/p6eyia4djstu/2ZY7RuUt23q9WyLCDTG8Zd/9a43e9833634201be2eb838e86af3dca/Cards_Fogo%C3%A2__%C3%83_n_Greed.webp,https://images.ctfassets.net/p6eyia4djstu/5PI9jmcG3jWIuwSlQO8pQ8/4d62578e13ea133e43f7b050ed7c80e5/Cards_Logo_Web_Fogo%C3%A2__%C3%83_n_Greed.webp,,True,Restaurantes,Presencial en Osorno,restaurante
falabella_greed-taproom,Banco Falabella,CMR Falabella,Greed Taproom,40.0,porcentaje,Hasta 40% Sin Tope,sabado,,,01-May-2026,31-Ago-2026,,,,,0,0,Sin Tope Revisa los locales del beneficio. Comprueba en la página oficial.,False,True,2026-08-20T13:37:19.495891,https://www.bancofalabella.cl/descuentos/detalle/greed-taproom,https://images.ctfassets.net/p6eyia4djstu/1GBlrI2xJnyKVfs52ibaga/3d2728dfbd1613531a159586eaeaecb7/Cards_Beneficios_Agosto_Card_OU_Greed.webp,https://images.ctfassets.net/p6eyia4djstu/1nxwNHO8icrMJfImSDGRVv/4018cf78387bb729a68042692211cbaa/Cards_Beneficios_Agosto_LOGO_Greed.webp,,True,Restaurantes,Presencial en Osorno,restaurante
falabella_panchita,Banco Falabella,CMR Falabella,Panchita,40.0,porcentaje,40% Sin Tope,"lunes, martes, miercoles, jueves, viernes",,,01-Nov-2025,31-Ago-2026,,,,,0,0,Sin Tope Revisa los locales del beneficio. Comprueba en la página oficial.,False,True,2026-08-20T13:37:19.495940,https://www.bancofalabella.cl/descuentos/detalle/panchita,https://images.ctfassets.net/p6eyia4djstu/43VULpiTLZ2fT3LO738VE/cd859638810f99244ddc4da5aef20124/Cards_Waldos_Petit.webp,https://images.ctfassets.net/p6eyia4djstu/4sG3pM8XVAm0SEFU8JwF5D/9ed57ee2f3df7d309c35ad52dcc0e23b/Cards_Logo_Web_Petit.webp,,True,Restaurantes,Presencial hasta las 17:00,restaurante
falabella_la-tabla-borderio,Banco Falabella,CMR Falabella,La Tabla Borderio,40.0,porcentaje,Hasta 40% Sin Tope,martes,,,01-Abr-2026,31-Ago-2026,,,,,0,0,Sin Tope Revisa los locales del beneficio. Comprueba en la página oficial.,False,True,2026-08-20T13:37:19.495996,https://www.bancofalabella.cl/descuentos/detalle/la-tabla-borderio,https://images.ctfassets.net/p6eyia4djstu/sNXRv9Ru8KUxdRrFqbvY4/a8c4c860214bbd8f4d8013bd869e10ca/la_tabla.png,https://images.ctfassets.net/p6eyia4djstu/2zx4CRxW5BYyAOVvoigEar/deb9e2feefd9c3db99aff0ee3b592fb5/Logos_Cards_Sitio_Beneficios_La_Tabla.png,,True,Restaurantes,Exclusivo presencial en BordeRío,restaurante
falabella_rocoto,Banco Falabella,CMR Falabella,Rocoto,40.0,porcentaje,Hasta 40% Sin Tope,sabado,,,01-Ene-2026,31-Ago-2026,,,,,0,0,Sin Tope Revisa los locales del beneficio. Comprueba en la página oficial.,False,True,2026-08-20T13:37:19.496042,https://www.bancofalabella.cl/descuentos/detalle/rocoto,https://images.ctfassets.net/p6eyia4djstu/2RYRcPidOjvB16nuw56L4E/8624c9ef52ca188abfbe7c225ed832b2/rocoto_Card_OU_CASA_ROCOTO.webp,https://images.ctfassets.net/p6eyia4djstu/7nDqP7hXy7nfaUYDgtuUyh/79282a04ee828740af1a810da45bf3c8/rocoto_LOGO_CASA_ROCOTO.webp,,True,Restaurantes,Exclusivo presencial,restaurante
falabella_chokolata-cafeteria,Banco Falabella,CMR Falabella,Chokolata Cafeteria,40.0,porcentaje,Hasta 40% Sin Tope,martes,,,01-Ago-2026,31-Ago-2026,,,,,0,0,Sin Tope Revisa los locales del beneficio. Comprueba en la página oficial.,False,True,2026-08-20T13:37:19.496106,https://www.bancofalabella.cl/descuentos/detalle/chokolata-cafeteria,https://images.ctfassets.net/p6eyia4djstu/2gyxiq77XaXt3JxmYJJEUG/ac2bd8e862cb83204c7d2d27345ce40d/Cards_Chokolata.webp,https://images.ctfassets.net/p6eyia4djstu/5sYqYLU3AszmViSIWgDfAz/a0725df9ed93f825e2ae21f608d29766/Cards_Logo_Web_Chokolata.webp,,True,Restaurantes,Presencial en Villarrica,restaurante
falabella_dominga-bistro-iquique,Banco Falabella,CMR Falabella,Dominga Bistro Iquique,40.0,porcentaje,Hasta 40% Sin Tope,martes,,,01-Ago-2026,31-Ago-2026,Tarapacá,,,,0,0,Sin Tope Revisa los locales del beneficio. Comprueba en la página oficial.,False,True,2026-08-20T13:37:19.496130,https://www.bancofalabella.cl/descuentos/detalle/dominga-bistro-iquique,https://images.ctfassets.net/p6eyia4djstu/7HqUpx635u348SE8VaFNfB/33b4a4dbf780ed88a89886fb177e89fb/Cards_DOMINGA_BISTRO_FOTO-13.webp,https://images.ctfassets.net/p6eyia4djstu/6aJ9fe1irxVWQDrHSL58kj/301bc0432b9881986a31bc14b13f574e/Cards_DOMINGA_BISTRO_LOGO_WEB-15.webp,,True,Restaurantes,Presencial en Iquique,restaurante
falabella_santo-aire-restobar,Banco Falabella,CMR Falabella,Santo Aire Restobar,40.0,porcentaje,Hasta 40% Sin Tope,jueves,,,01-Ago-2026,31-Ago-2026,,,,,0,0,Sin Tope Revisa los locales del beneficio. Comprueba en la página oficial.,False,True,2026-08-20T13:37:19.496182,https://www.bancofalabella.cl/descuentos/detalle/santo-aire-restobar,https://images.ctfassets.net/p6eyia4djstu/3jrUz5IoJh8psOriRTCcGV/7654c26461ca41d59add5dcd32cff105/Cards_Santo_Aire.webp,https://images.ctfassets.net/p6eyia4djstu/2RywLeVoMG3UH8JSxgWhuQ/511818976632a849f55659cf93b7e0a9/Cards_Logo_Web_Santo_Aire.webp,,True,Restaurantes,Presencial en Concepción,restaurante
falabella_sakura,Banco Falabella,CMR Falabella,Sakura,40.0,porcentaje,Hasta 40% Sin Tope,sabado,,,01-Ene-2026,31-Ago-2026,,,,,0,0,Sin Tope Revisa los locales del beneficio. Comprueba en la página oficial.,False,True,2026-08-20T13:37:19.496227,https://www.bancofalabella.cl/descuentos/detalle/sakura,https://images.ctfassets.net/p6eyia4djstu/3fcfqdu4kBzsDHXMOpi9v8/20aa3f351c0f93f6113a0bd9c5c0983d/Cards_ajuste_Sakura.webp,https://images.ctfassets.net/p6eyia4djstu/3JwOaEiG0RUF8IqyJGYgu9/cca0005bca2c0756632ef06a05fffae3/Logos_Cards_Sitio_Beneficios_Sakura.png,,True,Restaurantes,En rolls y hosomakis,restaurante
falabella_taberna-nose-puerto-varas,Banco Falabella,CMR Falabella,Taberna Nose Puerto Varas,40.0,porcentaje,Hasta 40% Sin Tope,viernes,,,01-Ago-2026,31-Ago-2026,Los Lagos,,,,0,0,Sin Tope Revisa los locales del beneficio. Comprueba en la página oficial.,False,True,2026-08-20T13:37:19.496278,https://www.bancofalabella.cl/descuentos/detalle/taberna-nose-puerto-varas,https://images.ctfassets.net/p6eyia4djstu/5QpMQSUv2tQjXSbF8Ayrrd/30531a30d4c576cf8e6c342958eaaba2/Taberna_nose_Card_OU_CASA_TABERNA_NOSEâ__Ã_.webp,https://images.ctfassets.net/p6eyia4djstu/4NVLGs7XeTJ5ig3WFyJNsZ/68bd12b2755d098b242896233e5ef678/Taberna_nose_LOGO_CASA_TABERNA_NOSEâ__Ã_.webp,,True,Restaurantes,Presencial en Puerto Varas,restaurante
falabella_waldos-bistro,Banco Falabella,CMR Falabella,Waldos Bistro,40.0,porcentaje,Hasta 40% Sin Tope,viernes,,,01-Mar-2026,31-Ago-2026,,,,,0,0,Sin Tope Revisa los locales del beneficio. Comprueba en la página oficial.,False,True,2026-08-20T13:37:19.496329,https://www.bancofalabella.cl/descuentos/detalle/waldos-bistro,https://images.ctfassets.net/p6eyia4djstu/630rhNbYYxuBDujcjaLBNl/f14ff46c4f7890cf5cf7d023f60205fc/Cards_Waldos_Bistro.webp,https://images.ctfassets.net/p6eyia4djstu/7rlPwaOiAKB9s1znr1tQvC/4a1e477afb5d28387c70796e675c4790/Cards_Logo_Web_Waldos_Bistro.webp,,True,Restaurantes,Presencial y online,restaurante
falabella_waldos,Banco Falabella,CMR Falabella,Waldos,40.0,porcentaje,Hasta 40% Sin Tope,viernes,,,01-Mar-2026,31-Ago-2026,,,,,0,0,Sin Tope Revisa los locales del beneficio. Comprueba en la página oficial.,False,True,2026-08-20T13:37:19.496376,https://www.bancofalabella.cl/descuentos/detalle/waldos,https://images.ctfassets.net/p6eyia4djstu/2JwGahKvi470ApHQTGYwLS/bbccbd82d05b47c27f5eb5f7bd68febc/Cards_Waldos.webp,https://images.ctfassets.net/p6eyia4djstu/2R98eYIz0EyzuTLFiatDiD/3943982472cc07856a771779dd8c2483/Cards_Logo_Web_Waldos.webp,,True,Restaurantes,Presencial,restaurante
falabella_club-de-restaurantes,Banco Falabella,CMR Falabella,Club De Restaurantes,20.0,porcentaje,Desde 20% Sin Tope,"lunes, martes, miercoles, jueves, viernes, sabado, domingo",,,09-Jul-2023,31-Dic-2026,,,,,0,0,Sin Tope Revisa los locales del beneficio. Comprueba en la página oficial.,False,True,2026-08-20T13:37:19.496433,https://www.bancofalabella.cl/descuentos/detalle/club-de-restaurantes,https://images.ctfassets.net/p6eyia4djstu/7zJkn2jBMQO33p0x5yRELy/b500c307575cc2bd38d3f43385ce4ff6/Club-de-Restaurantes.jpg,https://images.ctfassets.net/p6eyia4djstu/6TZ4JkAekcUzPRCSNejwo5/b173f562d3204f678899820c34d72f2b/Logos_Cards_Sitio_Beneficios_Club_Restaurantes.png,,True,Restaurantes,Exclusivo presencial,restaurante
falabella_social,Banco Falabella,CMR Falabella,Social,40.0,porcentaje,40% Sin Tope,viernes,,,01-Jul-2026,31-Ago-2026,,,,,0,0,Sin Tope Revisa los locales del beneficio. Comprueba en la página oficial.,False,True,2026-08-20T13:37:19.496480,https://www.bancofalabella.cl/descuentos/detalle/social,https://images.ctfassets.net/p6eyia4djstu/jobAq0BQpdqJcKk2yQ1Eb/0c594e0035325fa6c8132a1b9ac8134e/Social.png,https://images.ctfassets.net/p6eyia4djstu/4vicQ7ngm86C3HkDFc9vrh/dbb507ccf78ab0e6b7e4034268961e18/Logos_Cards_Sitio_Beneficios_Social.png,,True,Restaurantes,Exclusivo Tarjeta CMR Elite,restaurante
falabella_vina-viu-manent,Banco Falabella,CMR Falabella,Vina Viu Manent,40.0,porcentaje,Hasta 40% Sin Tope,viernes,,,01-Ago-2026,31-Ago-2026,,,,,0,0,Sin Tope Revisa los locales del beneficio. Comprueba en la página oficial.,False,True,2026-08-20T13:37:19.496534,https://www.bancofalabella.cl/descuentos/detalle/vina-viu-manent,https://images.ctfassets.net/p6eyia4djstu/3nrrVd1vPUnSVa1lT6dQUq/62d6691452c9546695e766d107f80aeb/Cards_Viu_Manent.webp,https://images.ctfassets.net/p6eyia4djstu/3ZrlfNqQ6Lm6PDlfqYobmS/d88c46e93cd51e0681a58cf31a337153/Cards_Logo_Web_ViuManent.webp,,True,Restaurantes,Exclusivo Presencial,restaurante
falabella_cuponera-gastronomica,Banco Falabella,CMR Falabella,Cuponera Gastronomica,40.0,porcentaje,Hasta 40% dcto Sin tope,"lunes, martes, miercoles, jueves, viernes, sabado, domingo",,,05-Jun-2026,31-Dic-2026,,,,,0,0,Sin tope Revisa los locales del beneficio. Comprueba en la página oficial.,False,True,2026-08-20T13:37:19.496590,https://www.bancofalabella.cl/descuentos/detalle/cuponera-gastronomica,https://images.ctfassets.net/p6eyia4djstu/2tRqa1UpBdX3DHY1yY4IHG/52b0bb29411a0d0c4307cb59edc75c4c/Cards_Cuponeras_Cuponera_Gastro.webp,https://images.ctfassets.net/p6eyia4djstu/EjenCRZB7NQQIcGvOlVNQ/bfac64d86f8fc10f68a73929bdf88ab7/Cards_Cuponeras_Logo_Web_Cuponera_Gastro.webp,,True,Restaurantes,Exclusivo con tus tarjetas,restaurante
falabella_tropicalia,Banco Falabella,CMR Falabella,Tropicalia,40.0,porcentaje,Hasta 40% Sin Tope,miercoles,,,01-Ago-2026,31-Ago-2026,,,,,0,0,Sin Tope Revisa los locales del beneficio. Comprueba en la página oficial.,False,True,2026-08-20T13:37:19.496641,https://www.bancofalabella.cl/descuentos/detalle/tropicalia,https://images.ctfassets.net/p6eyia4djstu/2LRXOCkpw13NdmpWUwmOCE/512a1778cec4f0d6348eb4774bf95c3f/Tropicalia.png,https://images.ctfassets.net/p6eyia4djstu/1i9YFu2WUk2UAWxUostMoq/d8b05d63ddb8431d7ff9b0089813a8c4/Tropicalia_Tropicalia.webp,,True,Restaurantes,Exclusivo presencial,restaurante
falabella_enigma,Banco Falabella,CMR Falabella,Enigma,40.0,porcentaje,Hasta 40% dcto,miercoles,,,01-Ago-2026,31-Ago-2026,,,,,0,0,Revisa los locales del beneficio. Comprueba en la página oficial.,False,True,2026-08-20T13:37:19.496685,https://www.bancofalabella.cl/descuentos/detalle/enigma,https://images.ctfassets.net/p6eyia4djstu/57iLXqd1YNe2acpzeKsJFE/7e2e856392b0ae02600128e85348e426/Cards_Beneficios_Agosto_Card_OU_Bar_Enigma.webp,https://images.ctfassets.net/p6eyia4djstu/4Y2jltIpfdidq0OKFJXxzC/e0668831bb9cc4f8b4d991a80d2bfa94/Cards_Beneficios_Agosto_LOGO_Bar_Enigma.webp,,True,Restaurantes,Exclusivo presencial,restaurante
falabella_demencia,Banco Falabella,CMR Falabella,Demencia,40.0,porcentaje,Hasta 40% Sin Tope,miercoles,,,01-Ago-2026,31-Ago-2026,,,,,0,0,Sin Tope Revisa los locales del beneficio. Comprueba en la página oficial.,False,True,2026-08-20T13:37:19.497004,https://www.bancofalabella.cl/descuentos/detalle/demencia,https://images.ctfassets.net/p6eyia4djstu/6HNknrJTmy8nZoEUlJKjR6/0aa91114af9c3c061c0e4c19a7dbced8/Cards_Febrero_Demencia.webp,https://images.ctfassets.net/p6eyia4djstu/4qVwa8GN3pYVrBrxH8Sxww/6f3a0a1908cbefe737f5da307d69148b/Cards_Febrero_LOGO_Demencia.webp,,True,Restaurantes,Exclusivo presencial,restaurante
falabella_local-burger,Banco Falabella,CMR Falabella,Local Burger,40.0,porcentaje,Hasta 40% Sin Tope,jueves,,,01-Ago-2026,31-Ago-2026,,,,,0,0,Sin Tope Revisa los locales del beneficio. Comprueba en la página oficial.,False,True,2026-08-20T13:37:19.497055,https://www.bancofalabella.cl/descuentos/detalle/local-burger,https://images.ctfassets.net/p6eyia4djstu/zC2yoQQ70txnwj7XHwOJG/2004582d206d6750728e38a7d20ca36d/Cards_2_Local.webp,https://images.ctfassets.net/p6eyia4djstu/1Ts2SIi8105IlLzOYBovhl/7c70aa58adbb64a3e81e3b2d7f50e0ed/Cards_2_LOGO_Web_Local.webp,,True,Restaurantes,Presencial y Online,restaurante
falabella_estacion-tropera,Banco Falabella,CMR Falabella,Estacion Tropera,40.0,porcentaje,Hasta 40% Sin tope,viernes,,,01-Ago-2026,31-Ago-2026,,,,,0,0,Sin tope Revisa los locales del beneficio. Comprueba en la página oficial.,False,True,2026-08-20T13:37:19.497120,https://www.bancofalabella.cl/descuentos/detalle/estacion-tropera,https://images.ctfassets.net/p6eyia4djstu/4KEjrrnqvqN73cDBBNzjs1/21bee93650dbdda8dd33b3d8ce038f77/Estacioâ__Ã_n_Tropera_Card_OU_Estacioâ__Ã_n_Tropera.webp,https://images.ctfassets.net/p6eyia4djstu/5gKFgONIoxIKOi8eetK3Hw/cb6065d3bcb5509105ddd67795385537/Estacioâ__Ã_n_Tropera_LOGO_Estacioâ__Ã_n_Tropera.webp,,True,Restaurantes,Exclusivo presencial,restaurante
falabella_doga-sushi,Banco Falabella,CMR Falabella,Doga Sushi,40.0,porcentaje,Hasta 40% Sin tope,sabado,,,01-Ago-2026,31-Ago-2026,,,,,0,0,Sin tope Revisa los locales del beneficio. Comprueba en la página oficial.,False,True,2026-08-20T13:37:19.497171,https://www.bancofalabella.cl/descuentos/detalle/doga-sushi,https://images.ctfassets.net/p6eyia4djstu/3VmYl3aUUHLjxBlQK2fgEx/ece3377b278335b47367a3347e18e0ec/Cards_Doga.webp,https://images.ctfassets.net/p6eyia4djstu/3eTK959OMae3vWq0Me89ry/24b1ea478af2991f9d5293800caaec72/Cards_Logo_Web_Doga.webp,,True,Restaurantes,Exclusivo presencial,restaurante
falabella_majestic,Banco Falabella,CMR Falabella,Majestic,40.0,porcentaje,Hasta 40% Sin Tope,"lunes, domingo",,,01-Ago-2025,31-Ago-2026,,,,,0,0,Sin Tope Revisa los locales del beneficio. Comprueba en la página oficial.,False,True,2026-08-20T13:37:19.497219,https://www.bancofalabella.cl/descuentos/detalle/majestic,https://images.ctfassets.net/p6eyia4djstu/7uq9pTuIMdSaAMqF3SMgfi/b39da9e148bfc2165f533235bb15bd9d/Nuevas_Cards_Beneficios_Junio_Imagen_Majestic.jpg,https://images.ctfassets.net/p6eyia4djstu/3Qwb45XtpZYvIpTCIaWvKb/48936d63079632c97239032336cae120/Logo_majestic.png,,True,Restaurantes,Exclusivo presencial,restaurante
falabella_mirador-gourmet,Banco Falabella,CMR Falabella,Mirador Gourmet,40.0,porcentaje,40% Sin Tope,martes,,,01-Ene-2026,31-Ago-2026,,,,,0,0,Sin Tope Revisa los locales del beneficio. Comprueba en la página oficial.,False,True,2026-08-20T13:37:19.497270,https://www.bancofalabella.cl/descuentos/detalle/mirador-gourmet,https://images.ctfassets.net/p6eyia4djstu/6hS2dyX5t4mPclYSAmPpu5/5e1aae014a7b87b4154881813f1726df/Mirador_Gourmet_Card_OU_Mirador_Gourmet.webp,https://images.ctfassets.net/p6eyia4djstu/1VYiqL14BmtfjZWEnOFcBY/5fb8942687545671ab9e52276fc7a24f/Mirador_Gourmet_LOGO_Mirador_Gourmet.webp,,True,Restaurantes,Presencial con CMR Elite,restaurante
falabella_yma,Banco Falabella,CMR Falabella,Yma,40.0,porcentaje,40% Sin Tope,miercoles,,,01-Ago-2026,31-Ago-2026,,,,,0,0,Sin Tope Revisa los locales del beneficio. Comprueba en la página oficial.,False,True,2026-08-20T13:37:19.497315,https://www.bancofalabella.cl/descuentos/detalle/yma,https://images.ctfassets.net/p6eyia4djstu/34nOFCwR8NThj6wr2hfaf8/32682eb2c0cf1f09ec223b91c75716d8/Cards_Febrero_YMA.webp,https://images.ctfassets.net/p6eyia4djstu/5ulVz2RmOAlnjJGYIx92r5/c270978865004cd3a40410decacfa367/Cards_Febrero_LOGO_YMA.webp,,True,Restaurantes,Exclusivo Tarjeta CMR Elite,restaurante
falabella_pescados-capitales,Banco Falabella,CMR Falabella,Pescados Capitales,40.0,porcentaje,40% Sin Tope,jueves,,,01-Ene-2026,31-Ago-2026,,,,,0,0,Sin Tope Revisa los locales del beneficio. Comprueba en la página oficial.,False,True,2026-08-20T13:37:19.497367,https://www.bancofalabella.cl/descuentos/detalle/pescados-capitales,https://images.ctfassets.net/p6eyia4djstu/1X56KcUwJ2DybJO59oWPL/a3559ce114b43aa4f3af76103d60fd7f/Cards_Beneficios_Agosto_Card_OU_PescadosCapitales.webp,https://images.ctfassets.net/p6eyia4djstu/3dLy7C57PrdD8fGIvEvqG/02c44219b06036423eefb52c2735569a/Cards_Beneficios_Agosto_LOGO_PescadosCapitales.webp,,True,Restaurantes,Presencial con CMR Elite,restaurante
falabella_cosenza,Banco Falabella,CMR Falabella,Cosenza,40.0,porcentaje,40% Sin tope,viernes,,,01-Mar-2026,31-Ago-2026,,,,,0,0,Sin tope Revisa los locales del beneficio. Comprueba en la página oficial.,False,True,2026-08-20T13:37:19.497415,https://www.bancofalabella.cl/descuentos/detalle/cosenza,https://images.ctfassets.net/p6eyia4djstu/2LnSPRYJsIEmulMIMFGl2S/341bc1b65e9fad08a331ffbe57e424a9/Cards_Beneficios_Agosto_Card_OU_Cosenza.webp,https://images.ctfassets.net/p6eyia4djstu/1YCS5rGvsbTTEKjenkdnY7/918067e2613d75064440ae7484bd1807/Logo_web_Cosenza.webp,,True,Restaurantes,Exclusivo presencial,restaurante
falabella_la-sociedad,Banco Falabella,CMR Falabella,La Sociedad,40.0,porcentaje,40% Sin tope,sabado,,,01-Ene-2026,31-Ago-2026,,,,,0,0,Sin tope Revisa los locales del beneficio. Comprueba en la página oficial.,False,True,2026-08-20T13:37:19.497465,https://www.bancofalabella.cl/descuentos/detalle/la-sociedad,https://images.ctfassets.net/p6eyia4djstu/5llrrPkq00a29sCd2uV9E1/6b10a4f560b70195d98bb6ebfc3bbf30/Cards_La_Sociedad.webp,https://images.ctfassets.net/p6eyia4djstu/5zIj3PGYhcpbRKUlEYRHI3/83e4ac292bc8b95ed840b7747dd9ef40/Cards_LOGO_La_Sociedad.webp,,True,Restaurantes,Exclusivo Tarjeta CMR Elite,restaurante
falabella_docetrece,Banco Falabella,CMR Falabella,Docetrece,40.0,porcentaje,Hasta 40% Sin Tope,miercoles,,,01-Abr-2026,31-Ago-2026,,,,,0,0,Sin Tope Revisa los locales del beneficio. Comprueba en la página oficial.,False,True,2026-08-20T13:37:19.497512,https://www.bancofalabella.cl/descuentos/detalle/docetrece,https://images.ctfassets.net/p6eyia4djstu/65oiobcjSqMK07xDygok0M/be19206827157b32bd10180436dc3228/Docetrece_Card_OU_Docetrece.webp,https://images.ctfassets.net/p6eyia4djstu/2npBWd8yoiTgb2XPMXCzFA/51813505543c6c69010900d06601ee13/Docetrece_LOGO_Docetrece.webp,,True,Restaurantes,Exclusivo presencial,restaurante
bci_6a5a4b1892c79e66552a64cb,BCI,Tarjetas de Crédito BCI,Marriott,50.0,porcentaje,50% dcto.,viernes,,,01-Ago-2026,01-Sep-2026,Metropolitana,,,,0,0,,False,True,2026-08-20T13:37:25.849915,https://www.bci.cl/beneficios/beneficios-bci/detalle/viernes-las-condes-desde-las-16.00-hrs-otl0ys8,https://www.bciplus.cl/storages/loyalty/campaigns-images/Marriott_552a64cb_15-32_1.png,,,True,,"50% de descuento con tope de $100.000 y una cortesía de regalo al momento de pagar en el comercio. Para hacer efectivo el descuento Bci, debes solicitarlo en el restaurante antes de realizar la comp",restaurante
bci_6a60ed5bcde7b1a6fc38f356,BCI,Tarjetas de Crédito BCI,Marriott,40.0,porcentaje,40% dcto.,jueves,,,01-Ago-2026,01-Sep-2026,Metropolitana,,,,0,0,,False,True,2026-08-20T13:37:25.849930,https://www.bci.cl/beneficios/beneficios-bci/detalle/ac-kitchen-hotel-santiago-cenco-costanera-x32q24n,https://www.bciplus.cl/storages/loyalty/campaigns-images/Marriott_fc38f356_20-49_1.png,,,True,,"40% de descuento con tope de $100.000 pagando con tus Tarjetas de Crédito Bci. Pagando con tu Tarjeta de Crédito Bci Mastercard Balck, Visa Signature y Visa Infinte tendrás una cortesía de regalo.",restaurante
bci_6a67c7a9ebae23fbe8523d35,BCI,Tarjetas de Crédito BCI,Güeros,40.0,porcentaje,40% dcto.,viernes,,,01-Ago-2026,01-Sep-2026,Metropolitana,,,,0,0,,False,True,2026-08-20T13:37:25.849943,https://www.bci.cl/beneficios/beneficios-bci/detalle/autentica-cocina-mexicana-para-disfrutar-30hr9m,https://www.bciplus.cl/storages/loyalty/campaigns-images/G%C3%BCeros_e8523d35_13-26_1.png,,,True,,"40% de descuento con tope de $40.000 al momento de pagar en el comercio. Para hacer efectivo el descuento Bci, debes solicitarlo en el restaurante antes de realizar la compra. Descuento no aplica s",restaurante
bci_698201bd3a6fc9a29490c682,BCI,Tarjetas de Crédito BCI,App McDonalds,40.0,porcentaje,40% dcto.,martes,,,01-Ene-2026,01-Ene-2027,,,,,0,0,,True,False,2026-08-20T13:37:25.850428,https://www.bci.cl/beneficios/beneficios-bci/detalle/todos-los-martes-en-tu-app-de-mcdonalds-nf4vg4m,https://www.bciplus.cl/storages/loyalty/campaigns-images/App-McDonalds_9490c682_20-51_1.png,,,True,,"40% de descuento sin tope todos los martes en la App McDonald’s, con una compra mínimas de $12.000, pagando con Tarjetas de Crédito Bci, MACHBANK y Lider Bci por la App de McDonald's, y 20% de descuen",restaurante
bci_6a68bfcc35eb45ec4a79dbb3,BCI,Tarjetas de Crédito BCI,Jeró Bistró,40.0,porcentaje,40% dcto.,viernes,,,01-Ago-2026,01-Sep-2026,Valparaíso,,,,0,0,,False,True,2026-08-20T13:37:25.850591,https://www.bci.cl/beneficios/beneficios-bci/detalle/viernes-maitencillo-mtrobuf,https://www.bciplus.cl/storages/loyalty/campaigns-images/Jer%C3%B3-Bistr%C3%B3_4a79dbb3_14-42_1.png,,,True,,"40% de descuento con tope de $40.000 pagando con tus Tarjetas de Crédito Bci. Pagando con tu Tarjeta de Crédito Bci Mastercard Balck, Visa Signature y Visa Infinte tendrás una cortesía de regalo.",restaurante
bci_6a68c11b35eb4563c179ddab,BCI,Tarjetas de Crédito BCI,Jeró Bistró,20.0,porcentaje,20% dcto.,viernes,,,01-Ago-2026,01-Sep-2026,Valparaíso,,,,0,0,,False,True,2026-08-20T13:37:25.850601,https://www.bci.cl/beneficios/beneficios-bci/detalle/viernes-maitencillo-ak204pl,https://www.bciplus.cl/storages/loyalty/campaigns-images/Jer%C3%B3-Bistr%C3%B3_c179ddab_14-47_1.png,,,True,,"20% de descuento con tope de $40.000 por cliente al día. Para hacer efectivo el descuento Bci, debes solicitarlo en el restaurante antes de realizar la compra. Descuento no aplica sobre el costo de",restaurante
bci_6a6cd4e14468647c941db02e,BCI,Tarjetas de Crédito BCI,Sushi & Burger Home,40.0,porcentaje,40% dcto.,jueves,,,01-Ago-2026,01-Sep-2026,Valparaíso,,,,0,0,,False,True,2026-08-20T13:37:25.850613,https://www.bci.cl/beneficios/beneficios-bci/detalle/el-mejor-mix-entre-sushi-y-hamburguesas-en-vina-del-mar-y-renaca-mls6vq8,https://www.bciplus.cl/storages/loyalty/campaigns-images/Sushi-%26-Burger-Home_941db02e_17-1_1.png,,,True,,"40% de descuento con tope de $40.000 al momento de pagar en el comercio. Para hacer efectivo el descuento Bci, debes solicitarlo en el restaurante antes de realizar la compra. Descuento no aplica s",restaurante
bci_69445110722f96194916e9db,BCI,Tarjetas de Crédito BCI,KFC,30.0,porcentaje,30% dcto.,lunes,,,01-Ene-2026,01-Ene-2027,,,,,0,0,,False,True,2026-08-20T13:37:25.850656,https://www.bci.cl/beneficios/beneficios-bci/detalle/todos-los-lunes-en-combo-chicken-share-alitas-us5tjzf,https://www.bciplus.cl/storages/loyalty/campaigns-images/KFC_4916e9db_16-16_1.png,,,True,,"Promoción valida todos los lunes en todas las tiendas KFC Chile hasta el 31 de diciembre 2026. Incluye 30% dcto en el producto Combo Chicken Share Mixto (4 Strips, 4 Alitas, 2 Papas y 2 Bebidas Regula",restaurante
bci_694551f5d530f94434159fc3,BCI,Tarjetas de Crédito BCI,Coya,40.0,porcentaje,40% dcto.,viernes,,,01-Ene-2026,01-Sep-2026,Arica y Parinacota,,,,0,0,,False,True,2026-08-20T13:37:25.850668,https://www.bci.cl/beneficios/beneficios-bci/detalle/arica-los-mejores-sabores-para-compartir-y-disfrutar-en-el-corazon-de-la-ciudad.-v4xysgr,https://www.bciplus.cl/storages/loyalty/campaigns-images/Coya_34159fc3_20-42_1.png,,,True,,"40% de descuento con tope de $40.000 al momento de pagar en el comercio. Para hacer efectivo el descuento Bci, debes solicitarlo en el restaurante antes de realizar la compra. Descuento no aplica s",restaurante
bci_694999709c3c6683151368ce,BCI,Tarjetas de Crédito BCI,China Wok,30.0,porcentaje,30% dcto.,miercoles,,,01-Ene-2026,01-Ene-2027,,,,,0,0,,False,False,2026-08-20T13:37:25.850680,https://www.bci.cl/beneficios/beneficios-bci/detalle/todos-los-miercoles-en-combo-wok-1-pollo-tereyaki-kr43pym,https://www.bciplus.cl/storages/loyalty/campaigns-images/China-Wok_151368ce_14-17_1.png,,,True,,"30% de dcto todos los miércoles en tu combo Wok 1: Pollo Teriyaki (incluye una guarnición y bebida), en locales ChinaWok presencial, pagando con tus tarjetas de Débito o Crédito Bci. Para hacer válid",restaurante
bci_694aaf0c9c3c666db214ae5b,BCI,Tarjetas de Crédito BCI,Wendys,30.0,porcentaje,30% dcto.,miercoles,,,01-Ene-2026,01-Ene-2027,,,,,0,0,,False,False,2026-08-20T13:37:25.850691,https://www.bci.cl/beneficios/beneficios-bci/detalle/todos-los-miercoles-en-combo-boconator-doble-zqw9icg,https://www.bciplus.cl/storages/loyalty/campaigns-images/Wendys_b214ae5b_17-44_1.png,,,True,,Obtén un 30% de dcto todos los miércoles en tu combo Baconator doble presencial en locales Wendys Chile. Descuento válido presentando esta promoción y pagando con tus Tarjetas de Débito o Crédito Bci,restaurante
bci_6952857da0af76205c48b17a,BCI,Tarjetas de Crédito BCI,Restaurante República  de Arica,20.0,porcentaje,20% dcto.,"lunes, jueves",,,01-Ene-2026,01-Sep-2026,Arica y Parinacota,,,,0,0,,False,True,2026-08-20T13:37:25.850704,https://www.bci.cl/beneficios/beneficios-bci/detalle/lunes-y-jueves-arica-xqpmh7,https://www.bciplus.cl/storages/loyalty/campaigns-images/Restaurante-Rep%C3%BAblic_5c48b17a_15-30_1.png,,,True,,"20% de descuento con tope de $40.000 por cliente al día. Para hacer efectivo el descuento Bci, debes solicitarlo en el restaurante antes de realizar la compra. Descuento no aplica sobre el costo de",restaurante
bci_69f79de73a6fc925b1230b38,BCI,Tarjetas de Crédito BCI,Pastamore,20.0,porcentaje,20% dcto.,martes,,,01-May-2026,01-Sep-2026,Metropolitana,,,,0,0,,False,True,2026-08-20T13:37:25.850758,https://www.bci.cl/beneficios/beneficios-bci/detalle/todos-los-martes-2vsvst,https://www.bciplus.cl/storages/loyalty/campaigns-images/Pastamore_b1230b38_19-25_1.png,,,True,,"20% de descuento con tope de $20.000 por cliente al día. Para hacer efectivo el descuento Bci, debes solicitarlo en el restaurante antes de realizar la compra. Descuento no aplica sobre el costo de",restaurante
bci_6a0228f37bb7b42b3054f3df,BCI,Tarjetas de Crédito BCI,La Hacienda Talca,40.0,porcentaje,40% dcto.,miercoles,,,11-May-2026,01-Sep-2026,Maule,,,,0,0,,False,True,2026-08-20T13:37:25.850768,https://www.bci.cl/beneficios/beneficios-bci/detalle/aprovecha-los-miercoles-en-talca-86fi23u,https://www.bciplus.cl/storages/loyalty/campaigns-images/La-Hacienda-Talca_3054f3df_14-53_1.png,,,True,,"40% de descuento con tope de $40.000 al momento de pagar en el comercio. Para hacer efectivo el descuento Bci, debes solicitarlo en el restaurante antes de realizar la compra. Descuento no aplica s",restaurante
bci_6a0e11b1f98b88e8bb8d5c10,BCI,Tarjetas de Crédito BCI,Danubio Azul,40.0,porcentaje,40% dcto.,miercoles,,,01-Jun-2026,01-Sep-2026,Metropolitana,,,,0,0,,False,True,2026-08-20T13:37:25.850779,https://www.bci.cl/beneficios/beneficios-bci/detalle/miercoles-las-condes-0e21ts,https://www.bciplus.cl/storages/loyalty/campaigns-images/Danubio-Azul_bb8d5c10_20-49_1.png,,,True,,"40% de descuento con tope de $40.000 al momento de pagar en el comercio. Para hacer efectivo el descuento Bci, debes solicitarlo en el restaurante antes de realizar la compra. Descuento no aplica s",restaurante
bci_6a105ecbe450bfcbd36e2d86,BCI,Tarjetas de Crédito BCI,La Hacienda de Machalí,40.0,porcentaje,40% dcto.,viernes,,,01-Jun-2026,01-Sep-2026,,,,,0,0,,False,True,2026-08-20T13:37:25.850791,https://www.bci.cl/beneficios/beneficios-bci/detalle/disfruta-los-viernes-a0kuqia,https://www.bciplus.cl/storages/loyalty/campaigns-images/La-Hacienda-de-Macha_d36e2d86_16-24_1.png,,,True,,"Para compra presencial se aplicará el 40% de descuento al momento de pagar en el comercio con un tope máximo de $40.000 por cliente. Para hacer efectivo el descuento Bci, debes solicitarlo en el rest",restaurante
bci_6a17094c2653eb1bbac3f1ef,BCI,Tarjetas de Crédito BCI,Pasta Pizza,30.0,porcentaje,30% dcto.,miercoles,,,01-Jun-2026,01-Sep-2026,,,,,0,0,,False,True,2026-08-20T13:37:25.850805,https://www.bci.cl/beneficios/beneficios-bci/detalle/disfruta-todos-los-miercoles-en-san-antonio-y-santo-domingo-n3yhp4,https://www.bciplus.cl/storages/loyalty/campaigns-images/Pasta-Pizza_bac3f1ef_16-9_1.png,,,True,,"Para compra presencial se aplicará el 30% de descuento al momento de pagar en el comercio con tope de $30.000. Para hacer efectivo el descuento Bci, debes solicitarlo en el restaurante antes de reali",restaurante
bci_6a3ae1715c7dc66a4043050d,BCI,Tarjetas de Crédito BCI,Hikari Sushi,20.0,porcentaje,20% dcto.,viernes,,,01-Jul-2026,01-Sep-2026,Antofagasta,,,,0,0,,False,False,2026-08-20T13:37:25.850881,https://www.bci.cl/beneficios/beneficios-bci/detalle/viernes-de-sushi-en-calama-72gakt,https://www.bciplus.cl/storages/loyalty/campaigns-images/Hikari-Sushi_4043050d_19-47_1.png,,,True,,"20% de descuento con tope de $20.000 por cliente al día. Para hacer efectivo el descuento Bci, debes solicitarlo en el restaurante antes de realizar la compra. Descuento no aplica sobre el costo de",restaurante
bci_6a3d9f988f19b168b7b82eda,BCI,Tarjetas de Crédito BCI,Blind Bar,20.0,porcentaje,20% dcto.,"martes, miercoles",,,01-Jul-2026,01-Sep-2026,Antofagasta,,,,0,0,,False,True,2026-08-20T13:37:25.850905,https://www.bci.cl/beneficios/beneficios-bci/detalle/aprovecha-los-martes-y-miercoles-en-calama-vtspos,https://www.bciplus.cl/storages/loyalty/campaigns-images/Blind-Bar_b7b82eda_21-37_1.png,,,True,,"20% de descuento con tope de $20.000 por cliente al día. Para hacer efectivo el descuento Bci, debes solicitarlo en el restaurante antes de realizar la compra. Descuento no aplica sobre el costo de",restaurante
bci_6a3da69711257bab72777e2f,BCI,Tarjetas de Crédito BCI,Casa Reñaca,20.0,porcentaje,20% dcto.,"martes, miercoles",,,01-Jul-2026,01-Sep-2026,,,,,0,0,,False,True,2026-08-20T13:37:25.850920,https://www.bci.cl/beneficios/beneficios-bci/detalle/todos-los-martes-y-miercoles-en-renaca-fsa039p,https://www.bciplus.cl/storages/loyalty/campaigns-images/Casa-Re%C3%B1aca_72777e2f_19-20_1.png,,,True,,"20% de descuento sin tope al momento de pagar en el comercio. Para hacer efectivo el descuento Bci, debes solicitarlo en el restaurante antes de realizar la compra. Descuento no aplica sobre el cos",restaurante
bci_6a3dab3febae230b4d3323ba,BCI,Tarjetas de Crédito BCI,China 365,20.0,porcentaje,20% dcto.,"lunes, miercoles, jueves, viernes",,,01-Jul-2026,31-Ago-2026,Metropolitana,,,,0,0,,False,True,2026-08-20T13:37:25.850936,https://www.bci.cl/beneficios/beneficios-bci/detalle/lunes-miercoles-jueves-y-viernes-6uyqhar,https://www.bciplus.cl/storages/loyalty/campaigns-images/China-365_4d3323ba_22-27_1.png,,,True,,"20% de descuento sin tope al momento de pagar en el comercio. Para hacer efectivo el descuento Bci, debes solicitarlo en el restaurante antes de realizar la compra. Descuento no aplica sobre el cos",restaurante
bci_6a3e981febae23998333ba6d,BCI,Tarjetas de Crédito BCI,Danubio Azul,20.0,porcentaje,20% dcto.,"lunes, martes, miercoles",,,01-Jul-2026,01-Sep-2026,Metropolitana,,,,0,0,,False,True,2026-08-20T13:37:25.850966,https://www.bci.cl/beneficios/beneficios-bci/detalle/una-experiencia-oriental-en-las-condes-0mk5lde,https://www.bciplus.cl/storages/loyalty/campaigns-images/Danubio-Azul_8333ba6d_20-48_1.png,,,True,,"20% de descuento con tope de $40.000 por cliente al día. Para hacer efectivo el descuento Bci, debes solicitarlo en el restaurante antes de realizar la compra. Descuento no aplica sobre el costo de",restaurante
bci_6a43d2998f19b14a2cbc21a5,BCI,Tarjetas de Crédito BCI,Punto País,20.0,porcentaje,20% dcto.,"martes, miercoles",,,01-Jul-2026,01-Sep-2026,Metropolitana,,,,0,0,,False,True,2026-08-20T13:37:25.851050,https://www.bci.cl/beneficios/beneficios-bci/detalle/disfruta-de-la-mejor-comida-en-nunoa-4u5hyp,https://www.bciplus.cl/storages/loyalty/campaigns-images/Punto-Pa%C3%ADs_2cbc21a5_16-13_1.png,,,True,,"20% de descuento con tope de $100.000 por cliente al día. Para hacer efectivo el descuento Bci, debes solicitarlo en el restaurante antes de realizar la compra. Descuento no aplica sobre el costo de",restaurante
bci_6a43e523f895a550169af3b5,BCI,Tarjetas de Crédito BCI,Qnto restaurante,20.0,porcentaje,20% dcto.,miercoles,,,01-Jul-2026,01-Sep-2026,Biobío,,,,0,0,,False,True,2026-08-20T13:37:25.851077,https://www.bci.cl/beneficios/beneficios-bci/detalle/miercoles-concepcion-rs1qwfe,https://www.bciplus.cl/storages/loyalty/campaigns-images/Qnto-restaurante_169af3b5_15-35_1.png,,,True,,"20% de descuento con tope de $20.000 por cliente al día. Para hacer efectivo el descuento Bci, debes solicitarlo en el restaurante antes de realizar la compra. Descuento no aplica sobre el costo de",restaurante
bci_6a43f47935eb4547e55e2af6,BCI,Tarjetas de Crédito BCI,Restaurante La Fuente Peruana,20.0,porcentaje,20% dcto.,miercoles,,,01-Jul-2026,01-Sep-2026,Tarapacá,,,,0,0,,False,True,2026-08-20T13:37:25.851105,https://www.bci.cl/beneficios/beneficios-bci/detalle/miercoles-iquique-rziahz,https://www.bciplus.cl/storages/loyalty/campaigns-images/Restaurante-La-Fuent_e55e2af6_14-22_1.png,,,True,,"20% de descuento sin tope al momento de pagar en el comercio. Para hacer efectivo el descuento Bci, debes solicitarlo en el restaurante antes de realizar la compra. Descuento no aplica sobre el cos",restaurante
bci_6a43f57d1243b5051bb502d6,BCI,Tarjetas de Crédito BCI,Rogusta,20.0,porcentaje,20% dcto.,jueves,,,01-Jul-2026,01-Sep-2026,,,,,0,0,,False,True,2026-08-20T13:37:25.851117,https://www.bci.cl/beneficios/beneficios-bci/detalle/disfruta-los-jueves-en-valdivia-kbsx64h,https://www.bciplus.cl/storages/loyalty/campaigns-images/Rogusta_1bb502d6_16-57_1.png,,,True,,"20% de descuento sin tope al momento de pagar en el comercio. Para hacer efectivo el descuento Bci, debes solicitarlo en el restaurante antes de realizar la compra. Descuento no aplica sobre el cos",restaurante
bci_6a440f1e92c79ea9081879d1,BCI,Tarjetas de Crédito BCI,Sanguchería Gorilas,20.0,porcentaje,20% dcto.,"lunes, martes",,,01-Jul-2026,01-Sep-2026,Metropolitana,,,,0,0,,False,True,2026-08-20T13:37:25.851131,https://www.bci.cl/beneficios/beneficios-bci/detalle/disfruta-los-lunes-y-los-martes-ncif6oh,https://www.bciplus.cl/storages/loyalty/campaigns-images/Sangucher%C3%ADa-Gorilas_081879d1_15-22_1.png,,,True,,"20% de descuento con tope de $30.000 por cliente al día. Para hacer efectivo el descuento Bci, debes solicitarlo en el restaurante antes de realizar la compra. Descuento no aplica sobre el costo de",restaurante
bci_6a4413b011257b4f157fe7bb,BCI,Tarjetas de Crédito BCI,Starburger,20.0,porcentaje,20% dcto.,todos,,,01-Jul-2026,01-Sep-2026,,,,,0,0,,False,False,2026-08-20T13:37:25.851146,https://www.bci.cl/beneficios/beneficios-bci/detalle/todos-los-dias-para-disfrutar-85s0l4,https://www.bciplus.cl/storages/loyalty/campaigns-images/Starburger_157fe7bb_20-51_1.png,,,True,,"20% de descuento con tope de $20.000 por cliente al día. Para hacer efectivo el descuento Bci, debes solicitarlo en el restaurante antes de realizar la compra. Descuento no aplica sobre el costo de",restaurante
bci_6a5a4c651243b55a60da08cb,BCI,Tarjetas de Crédito BCI,Amalfi Trattoria Bar,40.0,porcentaje,40% dcto.,miercoles,,,01-Ago-2026,01-Sep-2026,Arica y Parinacota,,,,0,0,,False,True,2026-08-20T13:37:27.018785,https://www.bci.cl/beneficios/beneficios-bci/detalle/miercoles-arica-gzp7w89,https://www.bciplus.cl/storages/loyalty/campaigns-images/Amalfi-Trattoria-Bar_60da08cb_15-38_1.png,,,True,,"40% de descuento con tope de $40.000 al momento de pagar en el comercio. Para hacer efectivo el descuento Bci, debes solicitarlo en el restaurante antes de realizar la compra. Descuento no aplica s",restaurante
bci_6a5a4d791243b5ba9bda0ae8,BCI,Tarjetas de Crédito BCI,Ambbar Restobar,40.0,porcentaje,40% dcto.,viernes,,,01-Ago-2026,01-Sep-2026,Antofagasta,,,,0,0,,False,True,2026-08-20T13:37:27.018796,https://www.bci.cl/beneficios/beneficios-bci/detalle/viernes-antofagasta-u67bnbs,https://www.bciplus.cl/storages/loyalty/campaigns-images/Ambbar-Restobar_9bda0ae8_15-42_1.png,,,True,,"40% de descuento con tope de $40.000 al momento de pagar en el comercio. Para hacer efectivo el descuento Bci, debes solicitarlo en el restaurante antes de realizar la compra. Descuento no aplica s",restaurante
bci_6a5a5e3711257bd364a538e7,BCI,Tarjetas de Crédito BCI,Augusta Bar,40.0,porcentaje,40% dcto.,jueves,,,01-Ago-2026,01-Sep-2026,Biobío,,,,0,0,,False,True,2026-08-20T13:37:27.018823,https://www.bci.cl/beneficios/beneficios-bci/detalle/jueves-concepcion-xlihnym,https://www.bciplus.cl/storages/loyalty/campaigns-images/Augusta-Bar_64a538e7_16-54_1.png,,,True,,"40% de descuento con tope de $40.000 al momento de pagar en el comercio. Para hacer efectivo el descuento Bci, debes solicitarlo en el restaurante antes de realizar la compra. Descuento no aplica s",restaurante
bci_6a5a5faa446864868811bfa8,BCI,Tarjetas de Crédito BCI,Amura,40.0,porcentaje,40% dcto.,miercoles,,,01-Ago-2026,01-Sep-2026,Coquimbo,,,,0,0,,False,True,2026-08-20T13:37:27.018835,https://www.bci.cl/beneficios/beneficios-bci/detalle/disfruta-los-miercoles-en-la-serena-1mu6orq,https://www.bciplus.cl/storages/loyalty/campaigns-images/Amura_8811bfa8_17-0_1.png,,,True,,"40% de descuento con tope de $40.000 al momento de pagar en el comercio. Para hacer efectivo el descuento Bci, debes solicitarlo en el restaurante antes de realizar la compra. Descuento no aplica s",restaurante
bci_6a5a60c8cde7b1e65e353124,BCI,Tarjetas de Crédito BCI,Barrica 94,40.0,porcentaje,40% dcto.,viernes,,,01-Ago-2026,01-Sep-2026,Metropolitana,,,,0,0,,False,True,2026-08-20T13:37:27.018846,https://www.bci.cl/beneficios/beneficios-bci/detalle/viernes-en-vivo-los-trapenses-mfls11g,https://www.bciplus.cl/storages/loyalty/campaigns-images/Barrica-94_5e353124_17-5_1.png,,,True,,"40% de descuento con tope de $40.000 y una cortesía de regalo al momento de pagar en el comercio. Para hacer efectivo el descuento Bci, debes solicitarlo en el restaurante antes de realizar la compr",restaurante
bci_6a5a6c2b1243b5e85eda47e0,BCI,Tarjetas de Crédito BCI,Marriott,50.0,porcentaje,50% dcto.,sabado,,,01-Ago-2026,01-Sep-2026,Metropolitana,,,,0,0,,False,True,2026-08-20T13:37:27.018857,https://www.bci.cl/beneficios/beneficios-bci/detalle/cafe-med-sabado-las-condes-desde-las-13.00-hasta-las-16.00-hrs-2b61eqo,https://www.bciplus.cl/storages/loyalty/campaigns-images/Marriott_5eda47e0_17-53_1.png,,,True,,"50% de descuento con tope de $100.000 al momento de pagar en el comercio. Para hacer efectivo el descuento Bci, debes solicitarlo en el restaurante antes de realizar la compra. Descuento no aplica",restaurante
bci_6a5a839b446864088a11e495,BCI,Tarjetas de Crédito BCI,Bocas del Mar,40.0,porcentaje,40% dcto.,viernes,,,01-Ago-2026,01-Sep-2026,O'Higgins,,,,0,0,,False,True,2026-08-20T13:37:27.018883,https://www.bci.cl/beneficios/beneficios-bci/detalle/para-disfrutar-tu-escapada-en-pichilemu-5fhzh1,https://www.bciplus.cl/storages/loyalty/campaigns-images/Bocas-del-Mar_8a11e495_19-33_1.png,,,True,,"40% de descuento con tope de $40.000 al momento de pagar en el comercio. Para hacer efectivo el descuento Bci, debes solicitarlo en el restaurante antes de realizar la compra. Descuento no aplica s",restaurante
bci_6a5a852d1243b563cbda7a6d,BCI,Tarjetas de Crédito BCI,Cambalache,40.0,porcentaje,40% dcto.,jueves,,,01-Ago-2026,01-Sep-2026,Los Lagos,,,,0,0,,False,True,2026-08-20T13:37:27.018893,https://www.bci.cl/beneficios/beneficios-bci/detalle/para-disfrutar-en-puerto-varas-r4jl7w7,https://www.bciplus.cl/storages/loyalty/campaigns-images/Cambalache_cbda7a6d_19-40_1.png,,,True,,"40% de descuento con tope de $40.000 al momento de pagar en el comercio. Para hacer efectivo el descuento Bci, debes solicitarlo en el restaurante antes de realizar la compra. Descuento no aplica s",restaurante
bci_6a5e4550f895a596cbc40f96,BCI,Tarjetas de Crédito BCI,Cuerovaca,40.0,porcentaje,40% dcto.,viernes,,,01-Ago-2026,01-Sep-2026,Metropolitana,,,,0,0,,False,True,2026-08-20T13:37:27.018929,https://www.bci.cl/beneficios/beneficios-bci/detalle/viernes-vitacura-vcbh2s,https://www.bciplus.cl/storages/loyalty/campaigns-images/Cuerovaca_cbc40f96_15-57_1.png,,,True,,"40% de descuento con tope de $40.000 al momento de pagar en el comercio. Para hacer efectivo el descuento Bci, debes solicitarlo en el restaurante antes de realizar la compra. Descuento no aplica s",restaurante
bci_6a5e4979cde7b1f22e372df0,BCI,Tarjetas de Crédito BCI,Danés,40.0,porcentaje,40% dcto.,lunes,,,01-Ago-2026,01-Sep-2026,Metropolitana,,,,0,0,,False,True,2026-08-20T13:37:27.018939,https://www.bci.cl/beneficios/beneficios-bci/detalle/variedad-de-sabores-en-las-condes-jpj9xzn,https://www.bciplus.cl/storages/loyalty/campaigns-images/Dan%C3%A9s_2e372df0_16-14_1.png,,,True,,"40% de descuento con tope de $40.000 al momento de pagar en el comercio. Para hacer efectivo el descuento Bci, debes solicitarlo en el restaurante antes de realizar la compra. Descuento no aplica s",restaurante
bci_6a5e4e96f895a59847c41fec,BCI,Tarjetas de Crédito BCI,De Barrio,40.0,porcentaje,40% dcto.,"lunes, martes, miercoles, jueves",,,01-Ago-2026,01-Sep-2026,Metropolitana,,,,0,0,,False,True,2026-08-20T13:37:27.018952,https://www.bci.cl/beneficios/beneficios-bci/detalle/en-barrio-italia-90b5ws9,https://www.bciplus.cl/storages/loyalty/campaigns-images/De-Barrio_47c41fec_16-36_1.png,,,True,,"40% de descuento con tope de $40.000 al momento de pagar en el comercio. Para hacer efectivo el descuento Bci, debes solicitarlo en el restaurante antes de realizar la compra. Descuento no aplica s",restaurante
bci_6a5e51505cc81c9bbe96fd05,BCI,Tarjetas de Crédito BCI,Dominga Bistró,40.0,porcentaje,40% dcto.,jueves,,,01-Ago-2026,01-Sep-2026,Tarapacá,,,,0,0,,False,True,2026-08-20T13:37:27.018964,https://www.bci.cl/beneficios/beneficios-bci/detalle/iquique-7vpw6wt,https://www.bciplus.cl/storages/loyalty/campaigns-images/Dominga-Bistr%C3%B3_be96fd05_16-48_1.png,,,True,,"40% de descuento con tope de $40.000 pagando con tus Tarjetas de Crédito Bci. Pagando con tu Tarjeta de Crédito Bci Mastercard Balck, Visa Signature y Visa Infinte tendrás una cortesía de regalo.",restaurante
bci_6a5e584febae230d0a4c2e29,BCI,Tarjetas de Crédito BCI,Dominga Bistró,40.0,porcentaje,40% dcto.,lunes,,,01-Ago-2026,01-Sep-2026,Araucanía,,,,0,0,,False,True,2026-08-20T13:37:27.018976,https://www.bci.cl/beneficios/beneficios-bci/detalle/pucon-tfusegg,https://www.bciplus.cl/storages/loyalty/campaigns-images/Dominga-Bistr%C3%B3_0a4c2e29_17-18_1.png,,,True,,"40% de descuento con tope de $40.000 al momento de pagar en el comercio. Para hacer efectivo el descuento Bci, debes solicitarlo en el restaurante antes de realizar la compra. Descuento no aplica s",restaurante
bci_6a5e592fcde7b10798373dfc,BCI,Tarjetas de Crédito BCI,Dominga Bistró,40.0,porcentaje,40% dcto.,lunes,,,01-Ago-2026,01-Sep-2026,Los Ríos,,,,0,0,,False,True,2026-08-20T13:37:27.018988,https://www.bci.cl/beneficios/beneficios-bci/detalle/valdivia-73pse8t,https://www.bciplus.cl/storages/loyalty/campaigns-images/Dominga-Bistr%C3%B3_98373dfc_17-21_1.png,,,True,,"40% de descuento con tope de $40.000 al momento de pagar en el comercio. Para hacer efectivo el descuento Bci, debes solicitarlo en el restaurante antes de realizar la compra. Descuento no aplica s",restaurante
bci_6a5e59d44468642da613cf24,BCI,Tarjetas de Crédito BCI,Don Emelio,40.0,porcentaje,40% dcto.,viernes,,,01-Ago-2026,01-Sep-2026,Valparaíso,,,,0,0,,False,True,2026-08-20T13:37:27.018999,https://www.bci.cl/beneficios/beneficios-bci/detalle/cocina-de-temporada-en-vina-del-mar-lcj20ds,https://www.bciplus.cl/storages/loyalty/campaigns-images/Don-Emelio_a613cf24_17-24_1.png,,,True,,"40% de descuento con tope de $40.000 al momento de pagar en el comercio. Para hacer efectivo el descuento Bci, debes solicitarlo en el restaurante antes de realizar la compra. Descuento no aplica s",restaurante
bci_6a5e5f1992c79e2aaf2c9a66,BCI,Tarjetas de Crédito BCI,Don Pedro,40.0,porcentaje,40% dcto.,viernes,,,01-Ago-2026,01-Sep-2026,Araucanía,,,,0,0,,False,True,2026-08-20T13:37:27.019010,https://www.bci.cl/beneficios/beneficios-bci/detalle/temuco-bg4gmih,https://www.bciplus.cl/storages/loyalty/campaigns-images/Don-Pedro_af2c9a66_17-47_1.png,,,True,,"40% de descuento con tope de $40.000 al momento de pagar en el comercio. Para hacer efectivo el descuento Bci, debes solicitarlo en el restaurante antes de realizar la compra. Descuento no aplica s",restaurante
bci_6a5e601572e1fb5b8d516662,BCI,Tarjetas de Crédito BCI,Durán Bar de Carnes,40.0,porcentaje,40% dcto.,sabado,,,01-Ago-2026,01-Sep-2026,Biobío,,,,0,0,,False,True,2026-08-20T13:37:27.019021,https://www.bci.cl/beneficios/beneficios-bci/detalle/las-mejores-carnes-en-concepcion-x6e3eyr,https://www.bciplus.cl/storages/loyalty/campaigns-images/Dur%C3%A1n-Bar-de-Carnes_8d516662_17-51_1.png,,,True,,"40% de descuento con tope de $40.000 al momento de pagar en el comercio. Para hacer efectivo el descuento Bci, debes solicitarlo en el restaurante antes de realizar la compra. Descuento no aplica s",restaurante
bci_6a6118ea4468640da515c703,BCI,Tarjetas de Crédito BCI,Atípico,40.0,porcentaje,40% dcto.,martes,,,01-Ago-2026,01-Sep-2026,,,,,0,0,,False,True,2026-08-20T13:37:27.019083,https://www.bci.cl/beneficios/beneficios-bci/detalle/disfruta-los-martes-en-puerto-varas-itra49g,https://www.bciplus.cl/storages/loyalty/campaigns-images/At%C3%ADpico_a515c703_19-24_1.png,,,True,,"40% de descuento con tope de $40.000 al momento de pagar en el comercio. Para hacer efectivo el descuento Bci, debes solicitarlo en el restaurante antes de realizar la compra. Descuento no aplica s",restaurante
bci_6a626dea35eb45854d7614c9,BCI,Tarjetas de Crédito BCI,ConserBar,20.0,porcentaje,20% dcto.,jueves,,,01-Ago-2026,01-Sep-2026,Metropolitana,,,,0,0,,False,True,2026-08-20T13:37:27.019132,https://www.bci.cl/beneficios/beneficios-bci/detalle/los-jueves-en-barrio-italia-xva90kq,https://www.bciplus.cl/storages/loyalty/campaigns-images/ConserBar_4d7614c9_19-39_1.png,,,True,,"20% de descuento con tope de $20.000 por cliente al día. Para hacer efectivo el descuento Bci, debes solicitarlo en el restaurante antes de realizar la compra. Descuento no aplica sobre el costo de",restaurante
bci_6a62748235eb45ccee761eef,BCI,Tarjetas de Crédito BCI,Fuegos de Raidho,40.0,porcentaje,40% dcto.,jueves,,,01-Ago-2026,01-Sep-2026,Maule,,,,0,0,,False,True,2026-08-20T13:37:27.019166,https://www.bci.cl/beneficios/beneficios-bci/detalle/jueves-para-disfrutar-en-talca-4blnzsi,https://www.bciplus.cl/storages/loyalty/campaigns-images/Fuegos-de-Raidho_ee761eef_20-7_1.png,,,True,,"40% de descuento con tope de $40.000 al momento de pagar en el comercio. Para hacer efectivo el descuento Bci, debes solicitarlo en el restaurante antes de realizar la compra. Descuento no aplica s",restaurante
bci_6a62791bf895a5be12c99ee1,BCI,Tarjetas de Crédito BCI,Gaetano,40.0,porcentaje,40% dcto.,jueves,,,01-Ago-2026,01-Sep-2026,Maule,,,,0,0,,False,True,2026-08-20T13:37:27.019176,https://www.bci.cl/beneficios/beneficios-bci/detalle/disfruta-los-jueves-en-talca-ng2n7qa,https://www.bciplus.cl/storages/loyalty/campaigns-images/Gaetano_12c99ee1_20-27_1.png,,,True,,"40% de descuento con tope de $40.000 al momento de pagar en el comercio. Para hacer efectivo el descuento Bci, debes solicitarlo en el restaurante antes de realizar la compra. Descuento no aplica s",restaurante
bci_6a67bff592c79e7a7832cccf,BCI,Tarjetas de Crédito BCI,Gracielo,40.0,porcentaje,40% dcto.,martes,,,01-Ago-2026,01-Sep-2026,Metropolitana,,,,0,0,,False,True,2026-08-20T13:37:27.019196,https://www.bci.cl/beneficios/beneficios-bci/detalle/perfecto-para-disfrutar-en-providencia-l1vrcp,https://www.bciplus.cl/storages/loyalty/campaigns-images/Gracielo_7832cccf_20-30_1.png,,,True,,"40% de descuento con tope de $40.000 al momento de pagar en el comercio. Para hacer efectivo el descuento Bci, debes solicitarlo en el restaurante antes de realizar la compra. Descuento no aplica s",restaurante
bci_6a68b15e8f19b147b8d75bb5,BCI,Tarjetas de Crédito BCI,Hijo del Inca,40.0,porcentaje,40% dcto.,jueves,,,01-Ago-2026,01-Sep-2026,Metropolitana,,,,0,0,,False,True,2026-08-20T13:37:27.019219,https://www.bci.cl/beneficios/beneficios-bci/detalle/jueves-en-la-reina-y-providencia-3dkodv,https://www.bciplus.cl/storages/loyalty/campaigns-images/Hijo-del-Inca_b8d75bb5_13-40_1.png,,,True,,"Aplica para Tarjetas Mastercard Business y Visa Business. 40% de descuento con tope de $40.000 al momento de pagar en el comercio. Para hacer efectivo el descuento Bci, debes solicitarlo en el rest",restaurante
bci_6a68b29c8f19b1fa37d75ca9,BCI,Tarjetas de Crédito BCI,Impasto Restobar,40.0,porcentaje,40% dcto.,"miercoles, viernes",,,01-Ago-2026,01-Sep-2026,Metropolitana,,,,0,0,,False,True,2026-08-20T13:37:27.019230,https://www.bci.cl/beneficios/beneficios-bci/detalle/miercoles-y-viernes-en-providencia-sl3au9a,https://www.bciplus.cl/storages/loyalty/campaigns-images/Impasto-Restobar_37d75ca9_13-46_1.png,,,True,,"Aplica para Tarjetas Mastercard Business y Visa Business. 40% de descuento con tope de $40.000 al momento de pagar en el comercio. Para hacer efectivo el descuento Bci, debes solicitarlo en el rest",restaurante
bci_6a68d12debae2324a852c36e,BCI,Tarjetas de Crédito BCI,Kanpai,40.0,porcentaje,40% dcto.,martes,,,01-Ago-2026,01-Sep-2026,O'Higgins,,,,0,0,,False,True,2026-08-20T13:37:27.019264,https://www.bci.cl/beneficios/beneficios-bci/detalle/martes-pichilemu-fy8dit,https://www.bciplus.cl/storages/loyalty/campaigns-images/Kanpai_a852c36e_15-56_1.png,,,True,,"40% de descuento con tope de $40.000 al momento de pagar en el comercio. Para hacer efectivo el descuento Bci, debes solicitarlo en el restaurante antes de realizar la compra. Descuento no aplica s",restaurante
bci_6a6a10f411257b2738b773b0,BCI,Tarjetas de Crédito BCI,Kató Tasty Caos,40.0,porcentaje,40% dcto.,viernes,,,01-Ago-2026,01-Sep-2026,Metropolitana,,,,0,0,,False,True,2026-08-20T13:37:27.019275,https://www.bci.cl/beneficios/beneficios-bci/detalle/disfruta-de-este-beneficio-los-viernes-en-isidora-goyenechea-77wc2jk,https://www.bciplus.cl/storages/loyalty/campaigns-images/Kat%C3%B3-Tasty-Caos_38b773b0_14-40_1.png,,,True,,"40% de descuento con tope de $40.000 al momento de pagar en el comercio. Para hacer efectivo el descuento Bci, debes solicitarlo en el restaurante antes de realizar la compra. Descuento no aplica s",restaurante
bci_6a6a5799f895a5dfe0d33a2d,BCI,Tarjetas de Crédito BCI,La Mulata,40.0,porcentaje,40% dcto.,jueves,,,01-Ago-2026,01-Sep-2026,Tarapacá,,,,0,0,,False,True,2026-08-20T13:37:27.019285,https://www.bci.cl/beneficios/beneficios-bci/detalle/la-mejor-cocina-fusion-peruana-en-iquique-z9gzp3u,https://www.bciplus.cl/storages/loyalty/campaigns-images/La-Mulata_e0d33a2d_19-42_1.png,,,True,,"40% de descuento con tope de $40.000 al momento de pagar en el comercio. Para hacer efectivo el descuento Bci, debes solicitarlo en el restaurante antes de realizar la compra. Descuento no aplica s",restaurante
bci_6a6a67628f19b175b4d89f62,BCI,Tarjetas de Crédito BCI,La Parrilla del Guaton Jerez,40.0,porcentaje,40% dcto.,viernes,,,01-Ago-2026,01-Sep-2026,Metropolitana,,,,0,0,,False,True,2026-08-20T13:37:27.019297,https://www.bci.cl/beneficios/beneficios-bci/detalle/vive-una-experiencia-en-parrilladas-en-vitacura-1oxsboq,https://www.bciplus.cl/storages/loyalty/campaigns-images/La-Parrilla-del-Guat_b4d89f62_20-49_1.png,,,True,,"40% de descuento con tope de $40.000 al momento de pagar en el comercio. Para hacer efectivo el descuento Bci, debes solicitarlo en el restaurante antes de realizar la compra. Descuento no aplica s",restaurante
bci_6a6ba0bc8f19b111cfd9c464,BCI,Tarjetas de Crédito BCI,La Santoría,40.0,porcentaje,40% dcto.,"lunes, martes, domingo",,,01-Ago-2026,01-Sep-2026,Metropolitana,,,,0,0,,False,True,2026-08-20T13:37:27.019321,https://www.bci.cl/beneficios/beneficios-bci/detalle/restaurante-de-comida-italiana-en-providencia-mzi45gr,https://www.bciplus.cl/storages/loyalty/campaigns-images/La-Santor%C3%ADa_cfd9c464_19-6_1.png,,,True,,"Aplica para Tarjetas Mastercard Business y Visa Business. 40% de descuento con tope de $40.000 al momento de pagar en el comercio. Para hacer efectivo el descuento Bci, debes solicitarlo en el rest",restaurante
bci_6a6ba356f895a5af86d53a8f,BCI,Tarjetas de Crédito BCI,La Vermutería del Pobre Vermut,40.0,porcentaje,40% dcto.,jueves,,,01-Ago-2026,01-Sep-2026,,,,,0,0,,False,True,2026-08-20T13:37:27.019335,https://www.bci.cl/beneficios/beneficios-bci/detalle/disfruta-de-este-beneficio-los-jueves-11kj3c,https://www.bciplus.cl/storages/loyalty/campaigns-images/La-Vermuter%C3%ADa-del-Po_86d53a8f_19-17_1.png,,,True,,"40% de descuento con tope de $40.000 al momento de pagar en el comercio. Para hacer efectivo el descuento Bci, debes solicitarlo en el restaurante antes de realizar la compra. Descuento no aplica s",restaurante
bci_6a6ba4b4cde7b1aafd402f68,BCI,Tarjetas de Crédito BCI,Las Tranqueras,40.0,porcentaje,40% dcto.,miercoles,,,01-Ago-2026,01-Sep-2026,Araucanía,,,,0,0,,False,True,2026-08-20T13:37:27.019346,https://www.bci.cl/beneficios/beneficios-bci/detalle/carnes-para-disfrutar-en-temuco-ue5qshp,https://www.bciplus.cl/storages/loyalty/campaigns-images/Las-Tranqueras_fd402f68_19-23_1.png,,,True,,"40% de descuento con tope de $40.000 pagando con tus Tarjetas de Crédito Bci. Para hacer efectivo el descuento Bci, debes solicitarlo en el restaurante antes de realizar la compra. Descuento no apl",restaurante
bci_6a6bbde592c79e8a9535999e,BCI,Tarjetas de Crédito BCI,Lebol,20.0,porcentaje,20% dcto.,viernes,,,01-Ago-2026,01-Sep-2026,Biobío,,,,0,0,,False,False,2026-08-20T13:37:27.019357,https://www.bci.cl/beneficios/beneficios-bci/detalle/viernes-concepcion-10k1w7,https://www.bciplus.cl/storages/loyalty/campaigns-images/Lebol_9535999e_21-11_1.png,,,True,,"20% de descuento con tope de $20.000 por cliente al día. Para hacer efectivo el descuento Bci, debes solicitarlo en el restaurante antes de realizar la compra. Descuento no aplica sobre el costo de",restaurante
bci_6a6bc04444686441e81ce838,BCI,Tarjetas de Crédito BCI,Mansion Rolls,40.0,porcentaje,40% dcto.,jueves,,,01-Ago-2026,01-Sep-2026,,,,,0,0,,False,False,2026-08-20T13:37:27.019369,https://www.bci.cl/beneficios/beneficios-bci/detalle/disfruta-tus-beneficios-los-jueves-1h6zg8d,https://www.bciplus.cl/storages/loyalty/campaigns-images/Mansion-Rolls_e81ce838_21-21_1.png,,,True,,"40% de descuento con tope de $40.000 al momento de pagar en el comercio. Para hacer efectivo el descuento Bci, debes solicitarlo en el restaurante antes de realizar la compra. Descuento no aplica s",restaurante
bci_6a6ca38192c79e9c2a362935,BCI,Tarjetas de Crédito BCI,Oporto salvaje,40.0,porcentaje,40% dcto.,sabado,,,01-Ago-2026,01-Sep-2026,Metropolitana,,,,0,0,,False,True,2026-08-20T13:37:27.019415,https://www.bci.cl/beneficios/beneficios-bci/detalle/disfruta-todos-los-sabados-en-isidora-goyenechea-zqjlz5x,https://www.bciplus.cl/storages/loyalty/campaigns-images/Oporto-salvaje_2a362935_13-30_1.png,,,True,,"40% de descuento con tope de $40.000 al momento de pagar en el comercio. Para hacer efectivo el descuento Bci, debes solicitarlo en el restaurante antes de realizar la compra. Descuento no aplica s",restaurante
bci_6a6cae98cde7b1366d40e10e,BCI,Tarjetas de Crédito BCI,Parrilla el Galpón,40.0,porcentaje,40% dcto.,viernes,,,01-Ago-2026,01-Sep-2026,,,,,0,0,,False,True,2026-08-20T13:37:27.019449,https://www.bci.cl/beneficios/beneficios-bci/detalle/viernes-en-osorno-7a6w2gc,https://www.bciplus.cl/storages/loyalty/campaigns-images/Parrilla-el-Galp%C3%B3n_6d40e10e_14-18_1.png,,,True,,"40% de descuento con tope de $40.000 al momento de pagar en el comercio. Para hacer efectivo el descuento Bci, debes solicitarlo en el restaurante antes de realizar la compra. Descuento no aplica s",restaurante
bci_6a6cb2168f19b13e65da90f4,BCI,Tarjetas de Crédito BCI,Piegari,40.0,porcentaje,40% dcto.,viernes,,,01-Ago-2026,01-Sep-2026,Metropolitana,,,,0,0,,False,True,2026-08-20T13:37:27.019460,https://www.bci.cl/beneficios/beneficios-bci/detalle/disfruta-todos-los-viernes-en-vitacura-ii9k5zg,https://www.bciplus.cl/storages/loyalty/campaigns-images/Piegari_65da90f4_14-32_1.png,,,True,,"40% de descuento con tope de $40.000 al momento de pagar en el comercio. Para hacer efectivo el descuento Bci, debes solicitarlo en el restaurante antes de realizar la compra. Descuento no aplica s",restaurante
bci_6a6cb5f85cc81c598ba97a70,BCI,Tarjetas de Crédito BCI,Raidho,40.0,porcentaje,40% dcto.,domingo,,,01-Ago-2026,01-Sep-2026,Maule,,,,0,0,,False,True,2026-08-20T13:37:27.019482,https://www.bci.cl/beneficios/beneficios-bci/detalle/disfruta-los-domingos-en-talca-7qm77ls,https://www.bciplus.cl/storages/loyalty/campaigns-images/Raidho_8ba97a70_14-49_1.png,,,True,,"40% de descuento con tope de $40.000 al momento de pagar en el comercio. Para hacer efectivo el descuento Bci, debes solicitarlo en el restaurante antes de realizar la compra. Descuento no aplica s",restaurante
bci_6a6cb860cde7b15d7140ee63,BCI,Tarjetas de Crédito BCI,Restaurant Travesía,20.0,porcentaje,20% dcto.,miercoles,,,01-Ago-2026,01-Sep-2026,Valparaíso,,,,0,0,,False,True,2026-08-20T13:37:27.019494,https://www.bci.cl/beneficios/beneficios-bci/detalle/disfruta-los-miercoles-en-vina-del-mar-bxb009j,https://www.bciplus.cl/storages/loyalty/campaigns-images/Restaurant-Traves%C3%ADa_7140ee63_14-59_1.png,,,True,,"20% de descuento sin tope al momento de pagar en el comercio. Para hacer efectivo el descuento Bci, debes solicitarlo en el restaurante antes de realizar la compra. Descuento no aplica sobre el cos",restaurante
bci_6a6cbc5892c79e00893641f2,BCI,Tarjetas de Crédito BCI,Rossie La Loca,40.0,porcentaje,40% dcto.,miercoles,,,01-Ago-2026,01-Sep-2026,Metropolitana,,,,0,0,,False,True,2026-08-20T13:37:27.019531,https://www.bci.cl/beneficios/beneficios-bci/detalle/la-diversion-de-las-tapas-espanolas.-8v7kuhs,https://www.bciplus.cl/storages/loyalty/campaigns-images/Rossie-La-Loca_893641f2_15-16_1.png,,,True,,"40% de descuento con tope de $40.000 al momento de pagar en el comercio. Para hacer efectivo el descuento Bci, debes solicitarlo en el restaurante antes de realizar la compra. Descuento no aplica s",restaurante
bci_6a6cbed8446864f58f1d95a3,BCI,Tarjetas de Crédito BCI,Secretos del Mar,40.0,porcentaje,40% dcto.,miercoles,,,01-Ago-2026,01-Sep-2026,Antofagasta,,,,0,0,,False,True,2026-08-20T13:37:27.019556,https://www.bci.cl/beneficios/beneficios-bci/detalle/disfruta-los-miercoles-en-antofagasta-zufqxo,https://www.bciplus.cl/storages/loyalty/campaigns-images/Secretos-del-Mar_8f1d95a3_15-27_1.png,,,True,,"40% de descuento con tope de $40.000 al momento de pagar en el comercio. Para hacer efectivo el descuento Bci, debes solicitarlo en el restaurante antes de realizar la compra. Descuento no aplica s",restaurante
bci_6a6cc95b5cc81cd826a9a651,BCI,Tarjetas de Crédito BCI,Bar sociedad 0306,20.0,porcentaje,20% dcto.,lunes,,,01-Ago-2026,01-Sep-2026,,,,,0,0,,False,True,2026-08-20T13:37:27.019591,https://www.bci.cl/beneficios/beneficios-bci/detalle/disfruta-de-este-beneficio-los-lunes-yrhpqp8,https://www.bciplus.cl/storages/loyalty/campaigns-images/Bar-sociedad-0306_26a9a651_16-12_1.png,,,True,,"20% de descuento con tope de $20.000 por cliente al día. Para hacer efectivo el descuento Bci, debes solicitarlo en el restaurante antes de realizar la compra. Descuento no aplica sobre el costo de",restaurante
bci_6a6cd6a735eb45c3be7d5003,BCI,Tarjetas de Crédito BCI,Sushi Home,40.0,porcentaje,40% dcto.,viernes,,,01-Ago-2026,01-Sep-2026,,,,,0,0,,False,True,2026-08-20T13:37:27.019603,https://www.bci.cl/beneficios/beneficios-bci/detalle/perfecto-para-salir-con-amigos-en-renaca-d2nt6kp,https://www.bciplus.cl/storages/loyalty/campaigns-images/Sushi-Home_be7d5003_17-8_1.png,,,True,,"40% de descuento con tope de $40.000 al momento de pagar en el comercio. Para hacer efectivo el descuento Bci, debes solicitarlo en el restaurante antes de realizar la compra. Descuento no aplica s",restaurante
bci_6a6cda0f496c4b530357e61f,BCI,Tarjetas de Crédito BCI,Tigre Bravo,40.0,porcentaje,40% dcto.,lunes,,,01-Ago-2026,01-Sep-2026,Metropolitana,,,,0,0,,False,True,2026-08-20T13:37:27.019627,https://www.bci.cl/beneficios/beneficios-bci/detalle/descubre-este-espacio-gastronomico-en-maipu-qjrzfu,https://www.bciplus.cl/storages/loyalty/campaigns-images/Tigre-Bravo_0357e61f_17-23_1.png,,,True,,"40% de descuento con tope de $40.000 al momento de pagar en el comercio. Para hacer efectivo el descuento Bci, debes solicitarlo en el restaurante antes de realizar la compra. Descuento no aplica s",restaurante
bci_6a6cdc3544686422031dbb0e,BCI,Tarjetas de Crédito BCI,Tololo Café Cerro Grande,30.0,porcentaje,30% dcto.,sabado,,,01-Ago-2026,01-Sep-2026,Coquimbo,,,,0,0,,False,True,2026-08-20T13:37:27.019663,https://www.bci.cl/beneficios/beneficios-bci/detalle/sabado-la-serena-4ba3al,https://www.bciplus.cl/storages/loyalty/campaigns-images/Tololo-Caf%C3%A9-Cerro-Gr_031dbb0e_17-32_1.png,,,True,,"30% de descuento con tope de $30.000 al momento de pagar en el comercio. Para hacer efectivo el descuento Bci, debes solicitarlo en el restaurante antes de realizar la compra. Descuento no aplica s",restaurante
bci_6a6cdd8392c79edf76366c12,BCI,Tarjetas de Crédito BCI,Toro Bayo,40.0,porcentaje,40% dcto.,viernes,,,01-Ago-2026,01-Sep-2026,Maule,,,,0,0,,False,True,2026-08-20T13:37:27.019674,https://www.bci.cl/beneficios/beneficios-bci/detalle/una-carta-destacada-en-talca-m5lv0nb,https://www.bciplus.cl/storages/loyalty/campaigns-images/Toro-Bayo_76366c12_17-38_1.png,,,True,,"40% de descuento con tope de $40.000 al momento de pagar en el comercio. Para hacer efectivo el descuento Bci, debes solicitarlo en el restaurante antes de realizar la compra. Descuento no aplica s",restaurante
bci_6a6cecf1cde7b1004a4130b4,BCI,Tarjetas de Crédito BCI,Verde Sazón,40.0,porcentaje,40% dcto.,miercoles,,,01-Ago-2026,01-Sep-2026,Metropolitana,,,,0,0,,False,True,2026-08-20T13:37:27.019711,https://www.bci.cl/beneficios/beneficios-bci/detalle/para-disfrutar-con-amigos-en-providencia-x6c6w6,https://www.bciplus.cl/storages/loyalty/campaigns-images/Verde-Saz%C3%B3n_4a4130b4_18-44_1.png,,,True,,"40% de descuento con tope de $40.000 al momento de pagar en el comercio. Para hacer efectivo el descuento Bci, debes solicitarlo en el restaurante antes de realizar la compra. Descuento no aplica s",restaurante
bci_6a6cf33292c79e15dc36896f,BCI,Tarjetas de Crédito BCI,Wayna,40.0,porcentaje,40% dcto.,viernes,,,01-Ago-2026,01-Sep-2026,Metropolitana,,,,0,0,,False,True,2026-08-20T13:37:27.019745,https://www.bci.cl/beneficios/beneficios-bci/detalle/jueves-en-la-florida-omeuy2,https://www.bciplus.cl/storages/loyalty/campaigns-images/Wayna_dc36896f_19-10_1.png,,,True,,"40% de descuento con tope de $40.000 al momento de pagar en el comercio. Para hacer efectivo el descuento Bci, debes solicitarlo en el restaurante antes de realizar la compra. Descuento no aplica s",restaurante
bci_6a70af9d4468640c79219059,BCI,Tarjetas de Crédito BCI,Kechua,40.0,porcentaje,40% dcto.,viernes,,,01-Ago-2026,01-Sep-2026,Metropolitana,,,,0,0,,False,True,2026-08-20T13:37:27.019778,https://www.bci.cl/beneficios/beneficios-bci/detalle/viernes-en-vitacura-providencia-y-nunoa-c6wq4pq,https://www.bciplus.cl/storages/loyalty/campaigns-images/Kechua_79219059_15-13_1.png,,,True,,"40% de descuento con tope de $40.000 al momento de pagar en el comercio. Para hacer efectivo el descuento Bci, debes solicitarlo en el restaurante antes de realizar la compra. Descuento no aplica s",restaurante
bci_6a738a8372e1fb72c670012f,BCI,Tarjetas de Crédito BCI,La Cocina de Javier,50.0,porcentaje,50% dcto.,jueves,,,01-Ago-2026,01-Sep-2026,Metropolitana,,,,0,0,,False,True,2026-08-20T13:37:27.019835,https://www.bci.cl/beneficios/beneficios-bci/detalle/jueves-vitacura-pa8lwp9,https://www.bciplus.cl/storages/loyalty/campaigns-images/La-Cocina-de-Javier_c670012f_19-9_1.png,,,True,,"50% de descuento con tope de $100.000 al momento de pagar en el comercio. Para hacer efectivo el descuento Bci, debes solicitarlo en el restaurante antes de realizar la compra. Descuento no aplica s",restaurante
bci_69c57b245dfc4be935314437,BCI,Tarjetas de Crédito BCI,Burgerholic,20.0,porcentaje,20% dcto.,sabado,,,01-Abr-2026,01-Sep-2026,Metropolitana,,,,0,0,,False,False,2026-08-20T13:37:28.158361,https://www.bci.cl/beneficios/beneficios-bci/detalle/sabado-lo-barnechea-k6qa9h,https://www.bciplus.cl/storages/loyalty/campaigns-images/Burgerholic_35314437_21-33_1.png,,,True,,"20% de descuento con tope de $20.000 por cliente al día. Para hacer efectivo el descuento Bci, debes solicitarlo en el restaurante antes de realizar la compra. Descuento no aplica sobre el costo de",restaurante
bci_69fcc4e7e083bdd7c7a2f0c5,BCI,Tarjetas de Crédito BCI,Masamá,40.0,porcentaje,40% dcto.,martes,,,01-May-2026,01-Sep-2026,Valparaíso,,,,0,0,,False,True,2026-08-20T13:37:28.158508,https://www.bci.cl/beneficios/beneficios-bci/detalle/todos-los-martes-para-disfrutar-en-vina-del-mar-q0miwx9,https://www.bciplus.cl/storages/loyalty/campaigns-images/Masam%C3%A1_c7a2f0c5_17-49_1.png,,,True,,"40% de descuento con tope de $40.000 al momento de pagar en el comercio. Para hacer efectivo el descuento Bci, debes solicitarlo en el restaurante antes de realizar la compra. Descuento no aplica s",restaurante
bci_6a16f8c794eb312809e0e043,BCI,Tarjetas de Crédito BCI,Enkai Asian Food,20.0,porcentaje,20% dcto.,"jueves, sabado",,,01-Jun-2026,01-Sep-2026,Antofagasta,,,,0,0,,False,False,2026-08-20T13:37:28.158740,https://www.bci.cl/beneficios/beneficios-bci/detalle/disfruta-los-jueves-y-sabados-en-antofagasta-pcm133,https://www.bciplus.cl/storages/loyalty/campaigns-images/Enkai-Asian-Food_09e0e043_19-35_1.png,,,True,,"20% de descuento con tope de $20.000 por cliente al día. Para hacer efectivo el descuento Bci, debes solicitarlo en el restaurante antes de realizar la compra. Descuento no aplica sobre el costo de",restaurante
bci_6a170716e450bfcee5747bad,BCI,Tarjetas de Crédito BCI,Loca Pasta,30.0,porcentaje,30% dcto.,lunes,,,01-Jun-2026,31-Ago-2026,Metropolitana,,,,0,0,,False,True,2026-08-20T13:37:28.158765,https://www.bci.cl/beneficios/beneficios-bci/detalle/para-disfrutar-todos-los-lunes-en-providencia-y-vitacura-oxuv3p,https://www.bciplus.cl/storages/loyalty/campaigns-images/Loca-Pasta_e5747bad_15-32_1.png,,,True,,"Para compra presencial y online se aplicará el 30% de descuento al momento de pagar sin tope, por compras sobre $10.000. Para hacer efectivo el descuento Bci, debes solicitarlo en el restaurante ant",restaurante
bci_6a1723c994eb3105e5e12373,BCI,Tarjetas de Crédito BCI,Emporio Schwencke,20.0,porcentaje,20% dcto.,"lunes, martes, miercoles, jueves, viernes",,,01-Jun-2026,01-Sep-2026,Metropolitana,,,,0,0,,False,True,2026-08-20T13:37:28.158792,https://www.bci.cl/beneficios/beneficios-bci/detalle/disfruta-de-lunes-a-viernes-rm8g8nh,https://www.bciplus.cl/storages/loyalty/campaigns-images/Emporio-Schwencke_e5e12373_19-34_1.png,,,True,,"20% de descuento sin tope al momento de pagar en el comercio. Para hacer efectivo el descuento Bci, debes solicitarlo en el restaurante antes de realizar la compra. Descuento no aplica sobre el cos",restaurante
bci_6a17268f2653eb3c27c41fd5,BCI,Tarjetas de Crédito BCI,Bestias Burger,20.0,porcentaje,20% dcto.,miercoles,,,01-Jun-2026,01-Sep-2026,,,,,0,0,,False,True,2026-08-20T13:37:28.158808,https://www.bci.cl/beneficios/beneficios-bci/detalle/aprovecha-este-increible-descuento-en-delivery-fwc1e9g,https://www.bciplus.cl/storages/loyalty/campaigns-images/Bestias-Burger_27c41fd5_18-11_1.png,,,True,,"20% de descuento sobre el total de la compra para delivery, sin tope. Exclusivo pagando con tus Tarjetas de Débito o Crédito Bci. Para hacer efectivo el beneficio, debes ingresar los 6 primeros dígit",restaurante
bci_6a1877257bb7b4e1c76e317c,BCI,Tarjetas de Crédito BCI,¡The Loft!,0.0,otro,Disfruta de tu Botella de cortesía,domingo,,,01-Jun-2026,01-Sep-2026,Metropolitana,,,,0,0,,False,True,2026-08-20T13:37:28.158820,https://www.bci.cl/beneficios/beneficios-bci/detalle/disfruta-este-beneficio-exclusivo-para-ti-los-domingos-de-junio-33cov8d,https://www.bciplus.cl/storages/loyalty/campaigns-images/%C2%A1The-Loft-tiene-una_c76e317c_19-9_1.png,,,True,,"Disfruta de tu Botella de cortesía en The loft pagando con tus Tajrteas de Crédito Mastercard Black, Visa Signature y Visa Infinite. Esta campaña es válida desde el 1 de junio hasta el 31 de Julio de",restaurante
bci_6a3a972c4a21d7453d14a1fb,BCI,Tarjetas de Crédito BCI,De Lechón a Salmón,40.0,porcentaje,40% dcto.,lunes,,,01-Jul-2026,01-Sep-2026,Araucanía,,,,0,0,,False,True,2026-08-20T13:37:28.158906,https://www.bci.cl/beneficios/beneficios-bci/detalle/disfruta-los-lunes-en-temuco-jrgv61w,https://www.bciplus.cl/storages/loyalty/campaigns-images/De-Lech%C3%B3n-a-Salm%C3%B3n_3d14a1fb_19-32_1.png,,,True,,"40% de descuento con tope de $40.000 al momento de pagar en el comercio. Para hacer efectivo el descuento Bci, debes solicitarlo en el restaurante antes de realizar la compra. Descuento no aplica s",restaurante
bci_6a3da7644468649f30fb09d7,BCI,Tarjetas de Crédito BCI,Casa Vitalis,20.0,porcentaje,20% dcto.,miercoles,,,01-Ago-2026,01-Sep-2026,,,,,0,0,,False,True,2026-08-20T13:37:28.158931,https://www.bci.cl/beneficios/beneficios-bci/detalle/miercoles-para-disfrutar-con-amigos-um3jwdg,https://www.bciplus.cl/storages/loyalty/campaigns-images/Casa-Vitalis_30fb09d7_18-48_1.png,,,True,,"20% de descuento con tope de $20.000 por cliente al día. Para hacer efectivo el descuento Bci, debes solicitarlo en el restaurante antes de realizar la compra. Descuento no aplica sobre el costo de",restaurante
bci_6a4414e4ebae230cf9378740,BCI,Tarjetas de Crédito BCI,Sublimeat,20.0,porcentaje,20% dcto.,"martes, miercoles",,,01-Jul-2026,01-Sep-2026,Antofagasta,,,,0,0,,False,True,2026-08-20T13:37:28.158967,https://www.bci.cl/beneficios/beneficios-bci/detalle/aprovecha-los-martes-y-miercoles-en-calama-o2ihbdzj,https://www.bciplus.cl/storages/loyalty/campaigns-images/Sublimeat_f9378740_17-1_1.png,,,True,,"20% de descuento con tope de $20.000 por cliente al día. Para hacer efectivo el descuento Bci, debes solicitarlo en el restaurante antes de realizar la compra. Descuento no aplica sobre el costo de",restaurante
bci_6a5f98a55cc81c80bd986f4b,BCI,Tarjetas de Crédito BCI,Fino Chalán,40.0,porcentaje,40% dcto.,jueves,,,01-Ago-2026,01-Sep-2026,Araucanía,,,,0,0,,False,True,2026-08-20T13:37:28.159129,https://www.bci.cl/beneficios/beneficios-bci/detalle/todos-los-jueves-en-temuco-e916rie,https://www.bciplus.cl/storages/loyalty/campaigns-images/Fino-Chal%C3%A1n_bd986f4b_16-4_1.png,,,True,,"40% de descuento con tope de $40.000 al momento de pagar en el comercio. Para hacer efectivo el descuento Bci, debes solicitarlo en el restaurante antes de realizar la compra. Descuento no aplica s",restaurante
bci_6a62716f35eb457bb6761ae8,BCI,Tarjetas de Crédito BCI,Don Teo,40.0,porcentaje,40% dcto.,miercoles,,,01-Ago-2026,01-Sep-2026,O'Higgins,,,,0,0,,False,True,2026-08-20T13:37:28.159141,https://www.bci.cl/beneficios/beneficios-bci/detalle/disfruta-los-miercoles-en-machali-tenk3ed,https://www.bciplus.cl/storages/loyalty/campaigns-images/Don-Teo_b6761ae8_19-54_1.png,,,True,,"40% de descuento con tope de $40.000 al momento de pagar en el comercio. Para hacer efectivo el descuento Bci, debes solicitarlo en el restaurante antes de realizar la compra. Descuento no aplica s",restaurante
bci_6a68be3892c79e46ef333e4a,BCI,Tarjetas de Crédito BCI,Inti Phajsi Restaurante,40.0,porcentaje,40% dcto.,miercoles,,,01-Ago-2026,01-Sep-2026,Tarapacá,,,,0,0,,False,True,2026-08-20T13:37:28.159151,https://www.bci.cl/beneficios/beneficios-bci/detalle/disfruta-de-este-beneficio-en-iquique-diolx5t,https://www.bciplus.cl/storages/loyalty/campaigns-images/Inti-Phajsi-Restaura_ef333e4a_14-35_1.png,,,True,,"40% de descuento con tope de $40.000 al momento de pagar en el comercio. Para hacer efectivo el descuento Bci, debes solicitarlo en el restaurante antes de realizar la compra. Descuento no aplica s",restaurante
bci_6a6ba412496c4b6bb556057e,BCI,Tarjetas de Crédito BCI,La Vinoteca,40.0,porcentaje,40% dcto.,miercoles,,,01-Ago-2026,01-Sep-2026,Metropolitana,,,,0,0,,False,True,2026-08-20T13:37:28.159174,https://www.bci.cl/beneficios/beneficios-bci/detalle/vitacura-providencia-lo-barnechea-vina-del-mar-ketyfc,https://www.bciplus.cl/storages/loyalty/campaigns-images/La-Vinoteca_b556057e_19-20_1.png,,,True,,"40% de descuento con tope de $40.000 y una cortesía de regalo al momento de pagar en el comercio. Para hacer efectivo el descuento Bci, debes solicitarlo en el restaurante antes de realizar la compr",restaurante
bci_6a6cf235cde7b101b541379b,BCI,Tarjetas de Crédito BCI,Viviana Casa de Té,30.0,porcentaje,30% dcto.,martes,,,01-Ago-2026,01-Sep-2026,,,,,0,0,,False,True,2026-08-20T13:37:28.159252,https://www.bci.cl/beneficios/beneficios-bci/detalle/aprovecha-este-beneficio-en-puerto-varas-zxvpa8e,https://www.bciplus.cl/storages/loyalty/campaigns-images/Viviana-Casa-de-T%C3%A9_b541379b_19-6_1.png,,,True,,"30% de descuento con tope de $30.000 al momento de pagar en el comercio. Para hacer efectivo el descuento Bci, debes solicitarlo en el restaurante antes de realizar la compra. Descuento no aplica s",restaurante
bci_6a6a33978f19b142b0d869ef,BCI,Tarjetas de Crédito BCI,La Dicha,40.0,porcentaje,40% dcto.,viernes,,,01-Ago-2026,01-Sep-2026,Metropolitana,,,,0,0,,False,True,2026-08-20T13:37:29.197101,https://www.bci.cl/beneficios/beneficios-bci/detalle/los-viernes-en-la-galeria-cv-hb4la5h,https://www.bciplus.cl/storages/loyalty/campaigns-images/La-Dicha_b0d869ef_17-8_1.png,,,True,,"40% de descuento con tope de $100.000 al momento de pagar en el comercio. Para hacer efectivo el descuento Bci, debes solicitarlo en el restaurante antes de realizar la compra. Descuento no aplica",restaurante
itau_restaurante_casablanca_terrado_suites_antofagasta_tarjetalegend,Banco Itaú,Tarjeta Legend,Restaurante Casablanca Terrado Suites Antofagasta,40.0,porcentaje,40% dcto.,lunes,,,,,Antofagasta,,,,0,0,,False,True,2026-08-20T13:37:30.778129,https://itaubeneficios.cl/lunes-gourmet/restaurante-casablanca-terrado-suite-antofagasta/,https://itaubeneficios.cl/wp-content/uploads/2026/07/1200x500-13.jpg,https://itaubeneficios.cl/wp-content/uploads/2022/08/thumbnail_logo_terrados.jpg,"Antofagasta, II Región",True,,Ruta Gourmet Itaú - Lunes Gourmet,restaurante
itau_casaluz_restaurant_tarjetalegend,Banco Itaú,Tarjeta Legend,Casaluz Restaurant,40.0,porcentaje,40% dcto.,lunes,,,,,Metropolitana,,Providencia,,0,0,,False,True,2026-08-20T13:37:30.778532,https://itaubeneficios.cl/lunes-gourmet/casaluz-restaurant/,https://itaubeneficios.cl/wp-content/uploads/2024/07/itau-banner-casaluz.jpg,https://itaubeneficios.cl/wp-content/uploads/2024/11/logo_casaluz.jpg,"Providencia, RM",True,,Ruta Gourmet Itaú - Lunes Gourmet,restaurante
itau_restaurante_al_pesto_tarjetalegend,Banco Itaú,Tarjeta Legend,Restaurante Al pesto,40.0,porcentaje,40% dcto.,lunes,,,,,Metropolitana,,Colina,,0,0,,False,True,2026-08-20T13:37:30.778876,https://itaubeneficios.cl/lunes-gourmet/restaurante-al-pesto/,https://itaubeneficios.cl/wp-content/uploads/2026/07/imagen-2.jpg,https://itaubeneficios.cl/wp-content/uploads/2026/07/imagen-1.jpg,"Colina, RM",True,,Ruta Gourmet Itaú - Lunes Gourmet,restaurante
itau_florencia_gastrobar_tarjetablack,Banco Itaú,Tarjeta Black,Florencia Gastrobar,40.0,porcentaje,40% dcto.,lunes,,,,,Tarapacá,,,,0,0,,False,True,2026-08-20T13:37:30.779217,https://itaubeneficios.cl/lunes-gourmet/florencia-gastrobar/,https://itaubeneficios.cl/wp-content/uploads/2024/03/itau-banner-florencia.jpg,https://itaubeneficios.cl/wp-content/uploads/2024/03/itau-logo-florencia.jpg,"Iquique, I Región",True,,Ruta Gourmet Itaú - Lunes Gourmet,restaurante
itau_kiara_nikkei_tarjetalegend,Banco Itaú,Tarjeta Legend,Kiara Nikkei,40.0,porcentaje,40% dcto.,lunes,,,,,Metropolitana,,Lo Barnechea,,0,0,,False,True,2026-08-20T13:37:30.779542,https://itaubeneficios.cl/lunes-gourmet/kiara-nikkei/,https://itaubeneficios.cl/wp-content/uploads/2023/02/web-nueva-itau-banner-kiara.jpg,https://itaubeneficios.cl/wp-content/uploads/2023/02/web-nueva-itau-logo-kiara.jpg,"Lo Barnechea, RM",True,,Ruta Gourmet Itaú - Lunes Gourmet,restaurante
itau_pad_thai_tarjetalegend,Banco Itaú,Tarjeta Legend,Pad Thai,40.0,porcentaje,40% dcto.,lunes,,,,,Metropolitana,,Providencia,,0,0,,False,True,2026-08-20T13:37:30.779860,https://itaubeneficios.cl/lunes-gourmet/pad-thai/,https://itaubeneficios.cl/wp-content/uploads/2026/07/1200x500-15.jpg,https://itaubeneficios.cl/wp-content/uploads/2026/07/padthai.png,"Providencia, RM",True,,Ruta Gourmet Itaú - Lunes Gourmet,restaurante
itau_the_loft_tarjetaita,Banco Itaú,Tarjeta Itaú,THE LOFT,0.0,otro,Beneficio exclusivo,lunes,,,,,Metropolitana,,Las Condes,,0,0,,False,True,2026-08-20T13:37:30.780315,https://itaubeneficios.cl/lunes-gourmet/the-loft/,https://itaubeneficios.cl/wp-content/uploads/2026/06/1200x500-17.jpg,https://itaubeneficios.cl/wp-content/uploads/2026/06/logo-17.jpg,"Las Condes, RM",True,,Ruta Gourmet Itaú - Lunes Gourmet,restaurante
itau_riccione_tarjetalegend,Banco Itaú,Tarjeta Legend,Riccione,40.0,porcentaje,40% dcto.,martes,,,,,Araucanía,,,,0,0,,False,True,2026-08-20T13:37:30.780653,https://itaubeneficios.cl/martes-gourmet/riccione/,https://itaubeneficios.cl/wp-content/uploads/2026/06/1200x500-19.jpg,https://itaubeneficios.cl/wp-content/uploads/2026/06/logo-19.jpg,"Temuco, IX Región",True,,Ruta Gourmet Itaú - Martes Gourmet,restaurante
itau_guachita_culebra_tarjetablack,Banco Itaú,Tarjeta Black,Guachita Culebra,40.0,porcentaje,40% dcto.,martes,,,,,Metropolitana,,Providencia,,0,0,,False,True,2026-08-20T13:37:30.780979,https://itaubeneficios.cl/martes-gourmet/guachita-culebra/,https://itaubeneficios.cl/wp-content/uploads/2026/02/barra-guachita-culebra-e1772247941528.jpg,https://itaubeneficios.cl/wp-content/uploads/2026/02/LOGO_GUACHITA_CULEBRA-color-2.png,"Providencia, RM",True,,Ruta Gourmet Itaú - Martes Gourmet,restaurante
itau_carmine_cucina_italiana___casacostanera_tarjetalegend,Banco Itaú,Tarjeta Legend,Carmine Cucina Italiana – CasaCostanera,40.0,porcentaje,40% dcto.,martes,,,,,Metropolitana,,Vitacura,,0,0,,False,True,2026-08-20T13:37:30.781318,https://itaubeneficios.cl/martes-gourmet/carmine-cucina-italiana-casacostanera/,https://itaubeneficios.cl/wp-content/uploads/2026/07/1200x500-8.jpg,https://itaubeneficios.cl/wp-content/uploads/2026/07/logo-7.jpg,"Vitacura, RM",True,,Ruta Gourmet Itaú - Martes Gourmet,restaurante
itau_gaetano_talca_tarjetalegend,Banco Itaú,Tarjeta Legend,Gaetano Talca,40.0,porcentaje,40% dcto.,martes,,,,,Maule,,,,0,0,,False,True,2026-08-20T13:37:30.781636,https://itaubeneficios.cl/martes-gourmet/gaetano-talca/,https://itaubeneficios.cl/wp-content/uploads/2026/07/1200x500-23.jpg,https://itaubeneficios.cl/wp-content/uploads/2026/07/logo-19.jpg,"Talca, VII Región",True,,Ruta Gourmet Itaú - Martes Gourmet,restaurante
itau_appa_tarjetalegend,Banco Itaú,Tarjeta Legend,APPA,40.0,porcentaje,40% dcto.,martes,,,,,Metropolitana,,Vitacura,,0,0,,False,True,2026-08-20T13:37:30.781956,https://itaubeneficios.cl/martes-gourmet/appa/,https://itaubeneficios.cl/wp-content/uploads/2026/07/1200x500-14.jpg,https://itaubeneficios.cl/wp-content/uploads/2026/07/logo-12.jpg,"Vitacura, RM",True,,Ruta Gourmet Itaú - Martes Gourmet,restaurante
itau_isla_cochoa_tarjetalegend,Banco Itaú,Tarjeta Legend,ISLA COCHOA,40.0,porcentaje,40% dcto.,martes,,,,,Valparaíso,,,,0,0,,False,True,2026-08-20T13:37:30.782288,https://itaubeneficios.cl/martes-gourmet/isla-cochoa/,https://itaubeneficios.cl/wp-content/uploads/2026/07/1200x500-24.jpg,https://itaubeneficios.cl/wp-content/uploads/2026/07/logo-20.jpg,"Viña del Mar, V Región",True,,Ruta Gourmet Itaú - Martes Gourmet,restaurante
itau_tanaka_tarjetalegend,Banco Itaú,Tarjeta Legend,Tanaka,40.0,porcentaje,40% dcto.,martes,,,,,Metropolitana,,,,0,0,,False,True,2026-08-20T13:37:30.782603,https://itaubeneficios.cl/martes-gourmet/tanaka/,https://itaubeneficios.cl/wp-content/uploads/2024/09/itau-banner-tanaka.jpg,https://itaubeneficios.cl/wp-content/uploads/2024/09/itau-logo-tanaka.jpg,RM,True,,Ruta Gourmet Itaú - Martes Gourmet,restaurante
itau_bar_bundor_tarjetablack,Banco Itaú,Tarjeta Black,Bar Bundor,40.0,porcentaje,40% dcto.,martes,,,,,Valparaíso,,,,0,0,,False,True,2026-08-20T13:37:30.782917,https://itaubeneficios.cl/martes-gourmet/bar-bundor-2/,https://itaubeneficios.cl/wp-content/uploads/2025/07/1200x500-1.jpg,https://itaubeneficios.cl/wp-content/uploads/2025/07/logo-1.jpg,"Valdivia, XIV Región",True,,Ruta Gourmet Itaú - Martes Gourmet,restaurante
itau_la_dicha_tarjetalegend,Banco Itaú,Tarjeta Legend,La Dicha,40.0,porcentaje,40% dcto.,martes,,,,,Metropolitana,,Vitacura,,0,0,,False,True,2026-08-20T13:37:30.783243,https://itaubeneficios.cl/martes-gourmet/la-dicha/,https://itaubeneficios.cl/wp-content/uploads/2023/01/web-nueva-itau-banner-la-dicha.jpg,https://itaubeneficios.cl/wp-content/uploads/2023/01/web-nueva-itau-logo-la-dicha.jpg,"Vitacura, RM",True,,Ruta Gourmet Itaú - Martes Gourmet,restaurante
itau_la_redonda_pizzer_a_tarjetablack,Banco Itaú,Tarjeta Black,La Redonda Pizzería,40.0,porcentaje,40% dcto.,martes,,,,,Biobío,,,,0,0,,False,True,2026-08-20T13:37:30.783564,https://itaubeneficios.cl/martes-gourmet/la-redonda-pizzeria/,https://itaubeneficios.cl/wp-content/uploads/2026/07/banner-itau.jpg,https://itaubeneficios.cl/wp-content/uploads/2026/06/logo-2.jpg,"Talca, VIII Región",True,,Ruta Gourmet Itaú - Martes Gourmet,restaurante
itau_capogrossi_tarjetalegend,Banco Itaú,Tarjeta Legend,Capogrossi,40.0,porcentaje,40% dcto.,miercoles,,,,,Metropolitana,,Santiago,,0,0,,False,True,2026-08-20T13:37:30.783883,https://itaubeneficios.cl/miercoles-gourmet/capogrossi/,https://itaubeneficios.cl/wp-content/uploads/2024/05/banner-security-capogrossi.jpg,https://itaubeneficios.cl/wp-content/uploads/2024/05/logo_security_capogrossi.jpg,"Santiago, RM",True,,Ruta Gourmet Itaú - Miércoles Gourmet,restaurante
itau_gracielo_tarjetalegend,Banco Itaú,Tarjeta Legend,Gracielo,40.0,porcentaje,40% dcto.,miercoles,,,,,Metropolitana,,Providencia,,0,0,,False,True,2026-08-20T13:37:30.784219,https://itaubeneficios.cl/miercoles-gourmet/gracielo/,https://itaubeneficios.cl/wp-content/uploads/2026/06/Foto-Gracielo1.jpeg,https://itaubeneficios.cl/wp-content/uploads/2026/06/LOGO-GRACIELO.jpeg,"Providencia, RM",True,,Ruta Gourmet Itaú - Miércoles Gourmet,restaurante
itau_raffaella_tarjetablack,Banco Itaú,Tarjeta Black,Raffaella,40.0,porcentaje,40% dcto.,miercoles,,,,,Metropolitana,,Las Condes,,0,0,,False,True,2026-08-20T13:37:30.784534,https://itaubeneficios.cl/miercoles-gourmet/raffaella/,https://itaubeneficios.cl/wp-content/uploads/2026/06/DSC8379-mod.jpg,https://itaubeneficios.cl/wp-content/uploads/2026/06/logo-18.jpg,"Las Condes, RM",True,,Ruta Gourmet Itaú - Miércoles Gourmet,restaurante
itau_madriguera_gastrobar_concepci_n_tarjetalegend,Banco Itaú,Tarjeta Legend,Madriguera Gastrobar Concepción,40.0,porcentaje,40% dcto.,miercoles,,,,,Biobío,,,,0,0,,False,True,2026-08-20T13:37:30.784854,https://itaubeneficios.cl/miercoles-gourmet/madriguera-gastrobar-concepcion-2/,https://itaubeneficios.cl/wp-content/uploads/2022/04/web-nueva-itau-banner-madriguera.jpg,https://itaubeneficios.cl/wp-content/uploads/2022/04/logo-madriguera.jpg,"Concepción, VIII Región",True,,Ruta Gourmet Itaú - Miércoles Gourmet,restaurante
itau_la_campi_a_cocina_francesa_tarjetalegend,Banco Itaú,Tarjeta Legend,La Campiña Cocina Francesa,40.0,porcentaje,40% dcto.,miercoles,,,,,Metropolitana,,Lo Barnechea,,0,0,,False,True,2026-08-20T13:37:30.785187,https://itaubeneficios.cl/miercoles-gourmet/la-campina-cocina-francesa/,https://itaubeneficios.cl/wp-content/uploads/2026/04/1200x500.jpg,https://itaubeneficios.cl/wp-content/uploads/2026/04/logo.jpg,"Lo Barnechea, RM",True,,Ruta Gourmet Itaú - Miércoles Gourmet,restaurante
itau_sicily_pizzeria_tarjetablack,Banco Itaú,Tarjeta Black,Sicily Pizzeria,40.0,porcentaje,40% dcto.,miercoles,,,,,Metropolitana,,Vitacura,,0,0,,False,True,2026-08-20T13:37:30.785506,https://itaubeneficios.cl/miercoles-gourmet/sicily-pizzeria/,https://itaubeneficios.cl/wp-content/uploads/2026/07/1200x500-25.jpg,https://itaubeneficios.cl/wp-content/uploads/2026/07/logo-21.jpg,"Vitacura, RM",True,,Ruta Gourmet Itaú - Miércoles Gourmet,restaurante
itau_restaurant_estaci_n_505_tarjetalegend,Banco Itaú,Tarjeta Legend,Restaurant Estación 505,40.0,porcentaje,40% dcto.,jueves,,,,,Los Lagos,,,,0,0,,False,True,2026-08-20T13:37:30.785820,https://itaubeneficios.cl/jueves-gourmet/restaurant-estacion-505/,https://itaubeneficios.cl/wp-content/uploads/2026/04/foto_2_1200x800-2.jpg,https://itaubeneficios.cl/wp-content/uploads/2026/03/logo_parkinn-Radisson-y-estacion-505.jpg,"Puerto Varas, X Región",True,,Ruta Gourmet Itaú - Jueves Gourmet,restaurante
itau_restaurant_balandra_tarjetalegend,Banco Itaú,Tarjeta Legend,Restaurant Balandra,40.0,porcentaje,40% dcto.,jueves,,,,,Los Lagos,,,,0,0,,False,True,2026-08-20T13:37:30.786149,https://itaubeneficios.cl/jueves-gourmet/restaurant-balandra/,https://itaubeneficios.cl/wp-content/uploads/2026/04/foto_5_1200x800.jpg,https://itaubeneficios.cl/wp-content/uploads/2026/03/logo_balandra.jpg,"Puerto Varas, X Región",True,,Ruta Gourmet Itaú - Jueves Gourmet,restaurante
itau_cuerovaca_tarjetalegend,Banco Itaú,Tarjeta Legend,Cuerovaca,40.0,porcentaje,40% dcto.,jueves,,,,,Metropolitana,,Vitacura,,0,0,,False,True,2026-08-20T13:37:30.786463,https://itaubeneficios.cl/jueves-gourmet/cuerovaca/,https://itaubeneficios.cl/wp-content/uploads/2022/04/1200x500.jpg,https://itaubeneficios.cl/wp-content/uploads/2022/04/logo-1.jpg,"Vitacura, RM",True,,Ruta Gourmet Itaú - Jueves Gourmet,restaurante
itau_chat_noir_tarjetalegend,Banco Itaú,Tarjeta Legend,CHAT NOIR,40.0,porcentaje,40% dcto.,jueves,,,,,Metropolitana,,Lo Barnechea,,0,0,,False,True,2026-08-20T13:37:30.786776,https://itaubeneficios.cl/jueves-gourmet/chat-noir/,https://itaubeneficios.cl/wp-content/uploads/2026/07/1200x500_chatnoi.jpg,https://itaubeneficios.cl/wp-content/uploads/2026/07/logo-15.jpg,"Lo Barnechea, RM",True,,Ruta Gourmet Itaú - Jueves Gourmet,restaurante
itau_caoba_bar_tarjetablack,Banco Itaú,Tarjeta Black,Caoba Bar,40.0,porcentaje,40% dcto.,jueves,,,,,Metropolitana,,Vitacura,,0,0,,False,True,2026-08-20T13:37:30.787098,https://itaubeneficios.cl/jueves-gourmet/caoba-bar-2/,https://itaubeneficios.cl/wp-content/uploads/2024/12/Caoba-bar1200x400.png,https://itaubeneficios.cl/wp-content/uploads/2024/12/Logo-300x300-2.png,"Vitacura, RM",True,,Ruta Gourmet Itaú - Jueves Gourmet,restaurante
itau__mandine_bistr__et_vins_tarjetalegend,Banco Itaú,Tarjeta Legend,Ámandine Bistró et Vins,40.0,porcentaje,40% dcto.,viernes,,,,,Metropolitana,,Las Condes,,0,0,,False,True,2026-08-20T13:37:30.787414,https://itaubeneficios.cl/viernes-gourmet/amandine-bistro-et-vins-2/,https://itaubeneficios.cl/wp-content/uploads/2026/07/1200x500-20.jpg,https://itaubeneficios.cl/wp-content/uploads/2026/07/logo-17.jpg,"Las Condes, RM",True,,Ruta Gourmet Itaú - Viernes Gourmet,restaurante
itau_zulu_bar_tarjetalegend,Banco Itaú,Tarjeta Legend,ZULU bar,40.0,porcentaje,40% dcto.,viernes,,,,,Metropolitana,,Vitacura,,0,0,,False,True,2026-08-20T13:37:30.787725,https://itaubeneficios.cl/viernes-gourmet/zulu-bar-3/,https://itaubeneficios.cl/wp-content/uploads/2025/07/1200x400.jpg,https://itaubeneficios.cl/wp-content/uploads/2025/07/ZULUBAR.jpg,"Vitacura, RM",True,,Ruta Gourmet Itaú - Viernes Gourmet,restaurante
itau_rossie_la_loca_tarjetalegend,Banco Itaú,Tarjeta Legend,Rossie la loca,40.0,porcentaje,40% dcto.,viernes,,,,,Metropolitana,,,,0,0,,False,True,2026-08-20T13:37:30.788038,https://itaubeneficios.cl/viernes-gourmet/rossie-la-loca/,https://itaubeneficios.cl/wp-content/uploads/2025/06/1200x500-7.jpg,https://itaubeneficios.cl/wp-content/uploads/2025/06/logo-7.jpg,RM,True,,Ruta Gourmet Itaú - Viernes Gourmet,restaurante
itau_do_sushi_tarjetalegend,Banco Itaú,Tarjeta Legend,Do Sushi,40.0,porcentaje,40% dcto.,viernes,,,,,Metropolitana,,Providencia,,0,0,,False,True,2026-08-20T13:37:30.788364,https://itaubeneficios.cl/viernes-gourmet/do-sushi/,https://itaubeneficios.cl/wp-content/uploads/2026/07/1200x500-16.jpg,https://itaubeneficios.cl/wp-content/uploads/2026/07/logo-13.jpg,"Providencia, RM",True,,Ruta Gourmet Itaú - Viernes Gourmet,restaurante
itau_hotel_costa_real_tarjetalegend,Banco Itaú,Tarjeta Legend,Hotel Costa Real,40.0,porcentaje,40% dcto.,viernes,,,,,Coquimbo,,,,0,0,,False,True,2026-08-20T13:37:30.788677,https://itaubeneficios.cl/viernes-gourmet/hotel-costa-real/,https://itaubeneficios.cl/wp-content/uploads/2022/04/web-nueva-itau-banner-hotel-costa-real.jpg,https://itaubeneficios.cl/wp-content/uploads/2022/04/web-nueva-itau-logo-hotel-costa-real.jpg,"La Serena, IV Región",True,,Ruta Gourmet Itaú - Viernes Gourmet,restaurante
itau_la_vinoteca_tarjetalegend,Banco Itaú,Tarjeta Legend,La Vinoteca,40.0,porcentaje,40% dcto.,sabado,,,,,Metropolitana,,,,0,0,,False,True,2026-08-20T13:37:30.789000,https://itaubeneficios.cl/sabado-gourmet/vinoteca/,https://itaubeneficios.cl/wp-content/uploads/2025/02/1200x400-10.jpg,https://itaubeneficios.cl/wp-content/uploads/2025/02/logo-6.jpg,RM y Regiones,True,,Ruta Gourmet Itaú - Sábado Gourmet,restaurante
scotiabank_549,Scotiabank,Tarjetas Scotiabank,Casa Las Cujas - Santiago,50.0,porcentaje,50% Dcto.,lunes,,,,,Metropolitana,,Vitacura,,0,0,"Promoci n v lida todos los lunes hasta el 31 de agosto de 2026. Promoci n consiste en un 50% de descuento con tope de $50.000 por cliente titular en el Restaurante Casa Las Cujas, ubicado en...",False,True,2026-08-20T13:37:32.300221,https://www.scotiarewards.cl/scclubfront/categoria/platosycomida/rutagourmet,https://www.scotiarewards.cl/scclubfront/resource/banner/casa las cujas - santiago1777914811.jpg,,"Alonso de Córdova 2467, Vitacura",True,,,restaurante
scotiabank_638,Scotiabank,Tarjetas Scotiabank,The Loft,50.0,porcentaje,50% Dcto.,lunes,,,,,Metropolitana,,Las Condes,,0,0,"Promoci n v lida todos los lunes hasta el 31 de agosto de 2026. Promoci n consiste en un 50% de descuento con tope de $50.000 por cliente titular en el Restaurante The Loft, ubicado en Mercado...",False,True,2026-08-20T13:37:32.300259,https://www.scotiarewards.cl/scclubfront/categoria/platosycomida/rutagourmet,https://www.scotiarewards.cl/scclubfront/resource/banner/the loft1777914812.jpg,,"Mercado Urbano Tobalaba (MUT), piso 5, Las Condes",True,,,restaurante
scotiabank_671,Scotiabank,Tarjetas Scotiabank,Piegari,50.0,porcentaje,50% Dcto.,lunes,,,,,Metropolitana,,Vitacura,,0,0,"Promoci n v lida todos los lunes hasta el 31 de agosto de 2026. Promoci n consiste en un 50% de descuento con tope de $50.000 por cliente titular en el Restaurante Piegari, ubicado en Av. Nueva...",False,True,2026-08-20T13:37:32.300281,https://www.scotiarewards.cl/scclubfront/categoria/platosycomida/rutagourmet,https://www.scotiarewards.cl/scclubfront/resource/images/PIEGARI1782769532.jpg,,Av. Nueva Costanera 4092,True,,,restaurante
scotiabank_672,Scotiabank,Tarjetas Scotiabank,Brunapoli - Los Trapenses,50.0,porcentaje,50% Dcto.,lunes,,,,,Metropolitana,,Las Condes,,0,0,"Promoci n v lida todos los lunes hasta el 31 de agosto de 2026. Promoci n consiste en un 50% de descuento con tope de $50.000 por cliente titular en el Restaurante Brunapoli - Los Trapenses,...",False,True,2026-08-20T13:37:32.300300,https://www.scotiarewards.cl/scclubfront/categoria/platosycomida/rutagourmet,https://www.scotiarewards.cl/scclubfront/resource/images/BRUNAPOLI1782770252.jpg,,"Camino El Alba 11969, Las Condes",True,,,restaurante
scotiabank_673,Scotiabank,Tarjetas Scotiabank,Brunapoli - Los Dominicos,50.0,porcentaje,50% Dcto.,lunes,,,,,Metropolitana,,Lo Barnechea,,0,0,"Promoci n v lida todos los lunes hasta el 31 de agosto de 2026. Promoci n consiste en un 50% de descuento con tope de $50.000 por cliente titular en el Restaurante Brunapoli - Los Dominicos,...",False,True,2026-08-20T13:37:32.300317,https://www.scotiarewards.cl/scclubfront/categoria/platosycomida/rutagourmet,https://www.scotiarewards.cl/scclubfront/resource/images/BRUNAPOLI1782770847.jpg,,"Av. José Alcalde Délano 10545, Lo Barnechea",True,,,restaurante
scotiabank_674,Scotiabank,Tarjetas Scotiabank,Brunapoli - Vitacura,50.0,porcentaje,50% Dcto.,lunes,,,,,Metropolitana,,Vitacura,,0,0,"Promoci n v lida todos los lunes hasta el 31 de agosto de 2026. Promoci n consiste en un 50% de descuento con tope de $50.000 por cliente titular en el Restaurante Brunapoli - Vitacura, ubicado en...",False,True,2026-08-20T13:37:32.300334,https://www.scotiarewards.cl/scclubfront/categoria/platosycomida/rutagourmet,https://www.scotiarewards.cl/scclubfront/resource/images/BRUNAPOLI1782771182.jpg,,"Av. Nueva Costanera 3961, Vitacura",True,,,restaurante
scotiabank_359,Scotiabank,Tarjetas Scotiabank,Pomeriggio,50.0,porcentaje,50% Dcto.,lunes,,,,,Metropolitana,,Vitacura,,0,0,"Promoci n v lida todos los lunes hasta el 31 de agosto de 2026. Promoci n consiste en un 50% de descuento con tope de $50.000 por cliente titular en el Restaurante Pomeriggio, ubicado en Av. Nueva...",False,True,2026-08-20T13:37:32.300355,https://www.scotiarewards.cl/scclubfront/categoria/platosycomida/rutagourmet,https://www.scotiarewards.cl/scclubfront/resource/images/Pomeriggio1745882379.jpg,,Av. Nueva Costanera 3900 - Casacostanera,True,,,restaurante
scotiabank_675,Scotiabank,Tarjetas Scotiabank,Dagan,50.0,porcentaje,50% Dcto.,martes,,,,,Metropolitana,,Vitacura,,0,0,"Promoci n v lida todos los martes hasta el 31 de agosto de 2026. Promoci n consiste en un 50% de descuento con tope de $50.000 por cliente titular en el Restaurante Dagan, ubicado en Nueva...",False,True,2026-08-20T13:37:32.300383,https://www.scotiarewards.cl/scclubfront/categoria/platosycomida/rutagourmet,https://www.scotiarewards.cl/scclubfront/resource/images/DAGAN1782776973.jpg,,"Nueva Costanera 3750, Vitacura",True,,,restaurante
scotiabank_689,Scotiabank,Tarjetas Scotiabank,Lola Bar,50.0,porcentaje,50% Dcto.,martes,,,,,Metropolitana,,Providencia,,0,0,"Promoci n v lida todos los martes hasta el 31 de agosto de 2026. Promoci n consiste en un 50% de descuento con tope de $50.000 por cliente titular en el Restaurante Lola Bar, ubicado en Av....",False,True,2026-08-20T13:37:32.300408,https://www.scotiarewards.cl/scclubfront/categoria/platosycomida/rutagourmet,https://www.scotiarewards.cl/scclubfront/resource/images/LOLABAR1785534248.jpg,,"Av. Francisco Bilbao 1315, Providencia",True,,,restaurante
scotiabank_676,Scotiabank,Tarjetas Scotiabank,La Cabrera - Vitacura,50.0,porcentaje,50% Dcto.,martes,,,,,Metropolitana,,Vitacura,,0,0,"Promoci n v lida todos los martes hasta el 31 de agosto de 2026. Promoci n consiste en un 50% de descuento con tope de $50.000 por cliente titular en el Restaurante La Cabrera - Vitacura, ubicado...",False,True,2026-08-20T13:37:32.300426,https://www.scotiarewards.cl/scclubfront/categoria/platosycomida/rutagourmet,https://www.scotiarewards.cl/scclubfront/resource/images/LACABRERA1782777432.jpg,,"Alonso de Córdova 4263, Vitacura",True,,,restaurante
scotiabank_677,Scotiabank,Tarjetas Scotiabank,La Cabrera - Las Condes,50.0,porcentaje,50% Dcto.,martes,,,,,Metropolitana,,Las Condes,,0,0,"Promoci n v lida todos los martes hasta el 31 de agosto de 2026. Promoci n consiste en un 50% de descuento con tope de $50.000 por cliente titular en el Restaurante La Cabrera - Las Condes,...",False,True,2026-08-20T13:37:32.300441,https://www.scotiarewards.cl/scclubfront/categoria/platosycomida/rutagourmet,https://www.scotiarewards.cl/scclubfront/resource/images/LACABRERA1782779721.jpg,,"Isidora Goyenechea 3275, Las Condes",True,,,restaurante
scotiabank_2,Scotiabank,Tarjetas Scotiabank,Cuerovaca,50.0,porcentaje,50% Dcto.,martes,,,,,Metropolitana,,Vitacura,,0,0,"Promoci n v lida todos los martes hasta el 31 de agosto de 2026. Promoci n consiste en un 50% de descuento con tope de $50.000 por cliente titular en el Restaurante Cuerovaca, ubicado en Paseo...",False,True,2026-08-20T13:37:32.300459,https://www.scotiarewards.cl/scclubfront/categoria/platosycomida/rutagourmet,https://www.scotiarewards.cl/scclubfront/resource/banner/cuerovaca1777914816.jpg,,"Paseo Peatonal El Mañío 1659, Vitacura",True,,,restaurante
scotiabank_439,Scotiabank,Tarjetas Scotiabank,YMA,50.0,porcentaje,50% Dcto.,martes,,,,,Metropolitana,,Vitacura,,0,0,"Promoci n v lida todos los martes hasta el 31 de agosto de 2026. Promoci n consiste en un 50% de descuento con tope de $50.000 por cliente titular en el Restaurante YMA, ubicado en Av. Nueva...",False,True,2026-08-20T13:37:32.300475,https://www.scotiarewards.cl/scclubfront/categoria/platosycomida/rutagourmet,https://www.scotiarewards.cl/scclubfront/resource/banner/yma1777914818.jpg,,"Av. Nueva Costanera 3900 - Casacostanera, Vitacura",True,,,restaurante
scotiabank_419,Scotiabank,Tarjetas Scotiabank,De Pura Madre,50.0,porcentaje,50% Dcto.,miercoles,,,,,Metropolitana,,Vitacura,,0,0,"Promoci n v lida todos los mi rcoles hasta el 31 de agosto de 2026. Promoci n consiste en un 50% de descuento con tope de $50.000 por cliente titular en el Restaurante De Pura Madre, ubicado en...",False,True,2026-08-20T13:37:32.300492,https://www.scotiarewards.cl/scclubfront/categoria/platosycomida/rutagourmet,https://www.scotiarewards.cl/scclubfront/resource/banner/de pura madre1777914819.jpg,,"Av. Nueva Costanera 3900 - Casacostanera, Vitacura",True,,,restaurante
scotiabank_300,Scotiabank,Tarjetas Scotiabank,Caoba Bar,50.0,porcentaje,50% Dcto.,miercoles,,,,,Metropolitana,,Vitacura,,0,0,"Promoci n v lida todos los mi rcoles hasta el 31 de agosto de 2026. Promoci n consiste en un 50% de descuento con tope de $50.000 por cliente titular en el Restaurante Caoba Bar, ubicado en Alonso...",False,True,2026-08-20T13:37:32.300509,https://www.scotiarewards.cl/scclubfront/categoria/platosycomida/rutagourmet,https://www.scotiarewards.cl/scclubfront/resource/banner/caoba bar1777914820.jpg,,"Alonso de Córdova 4156, Vitacura",True,,,restaurante
scotiabank_678,Scotiabank,Tarjetas Scotiabank,Galpón Italia,50.0,porcentaje,50% Dcto.,miercoles,,,,,Metropolitana,,Providencia,,0,0,"Promoci n v lida todos los mi rcoles hasta el 31 de agosto de 2026. Promoci n consiste en un 50% de descuento con tope de $50.000 por cliente titular en el Restaurante Galp n Italia, ubicado en...",False,True,2026-08-20T13:37:32.300525,https://www.scotiarewards.cl/scclubfront/categoria/platosycomida/rutagourmet,https://www.scotiarewards.cl/scclubfront/resource/images/GALPONITALIA1782780634.jpg,,"Av. Italia 1175, Providencia",True,,,restaurante
scotiabank_679,Scotiabank,Tarjetas Scotiabank,Jeronimo,50.0,porcentaje,50% Dcto.,miercoles,,,,,Metropolitana,,Vitacura,,0,0,"Promoci n v lida todos los mi rcoles hasta el 31 de agosto de 2026. Promoci n consiste en un 50% de descuento con tope de $50.000 por cliente titular en el Restaurante Jeronimo, ubicado en Alonso...",False,True,2026-08-20T13:37:32.300540,https://www.scotiarewards.cl/scclubfront/categoria/platosycomida/rutagourmet,https://www.scotiarewards.cl/scclubfront/resource/images/JERONIMO1782780876.jpg,,"Alonso de Córdova 4355, Vitacura",True,,,restaurante
scotiabank_583,Scotiabank,Tarjetas Scotiabank,MIT Burger - Casacostanera,50.0,porcentaje,50% Dcto.,jueves,,,,,Metropolitana,,Vitacura,,0,0,"Promoci n v lida todos los jueves hasta el 31 de agosto de 2026. Promoci n consiste en un 50% de descuento con tope de $50.000 por cliente titular en el Restaurante Mit Burger, ubicado en Av....",False,True,2026-08-20T13:37:32.300559,https://www.scotiarewards.cl/scclubfront/categoria/platosycomida/rutagourmet,https://www.scotiarewards.cl/scclubfront/resource/banner/mit burger - casacostanera1777914822.jpg,,"Av. Nueva Costanera 3900, Casacostanera,Vitacura",True,,,restaurante
scotiabank_680,Scotiabank,Tarjetas Scotiabank,DO Sushi,50.0,porcentaje,50% Dcto.,jueves,,,,,Metropolitana,,Providencia,,0,0,"Promoci n v lida todos los jueves hasta el 31 de agosto de 2026. Promoci n consiste en un 50% de descuento con tope de $50.000 por cliente titular en el Restaurante Do Sushi, ubicado en Av. Suecia...",False,True,2026-08-20T13:37:32.300574,https://www.scotiarewards.cl/scclubfront/categoria/platosycomida/rutagourmet,https://www.scotiarewards.cl/scclubfront/resource/images/DOSUSHI1782781157.jpg,,"Av. Suecia 0155, Providencia",True,,,restaurante
scotiabank_467,Scotiabank,Tarjetas Scotiabank,Don Carlos,50.0,porcentaje,50% Dcto.,jueves,,,,,Metropolitana,,Las Condes,,0,0,"Promoci n v lida todos los jueves hasta el 31 de agosto de 2026. Promoci n consiste en un 50% de descuento con tope de $50.000 por cliente titular en el Restaurante Don Carlos, ubicado en Isidora...",False,True,2026-08-20T13:37:32.300589,https://www.scotiarewards.cl/scclubfront/categoria/platosycomida/rutagourmet,https://www.scotiarewards.cl/scclubfront/resource/banner/don carlos1777914824.jpg,,"Isidora Goyenechea 2895, Las Condes",True,,,restaurante
scotiabank_681,Scotiabank,Tarjetas Scotiabank,Kato,50.0,porcentaje,50% Dcto.,jueves,,,,,Metropolitana,,Las Condes,,0,0,"Promoci n v lida todos los jueves hasta el 31 de agosto de 2026. Promoci n consiste en un 50% de descuento con tope de $50.000 por cliente titular en el Restaurante Kato, ubicado en Isidora...",False,True,2026-08-20T13:37:32.300606,https://www.scotiarewards.cl/scclubfront/categoria/platosycomida/rutagourmet,https://www.scotiarewards.cl/scclubfront/resource/images/KATO1782784406.jpg,,"Isidora Goyenechea 3275, Las Condes",True,,,restaurante
scotiabank_660,Scotiabank,Tarjetas Scotiabank,Jardín Secreto,50.0,porcentaje,50% Dcto.,viernes,,,,,Metropolitana,,Vitacura,,0,0,"Promoci n v lida todos los viernes hasta el 31 de agosto de 2026. Promoci n consiste en un 50% de descuento con tope de $50.000 por cliente titular en el Restaurante Jard n Secreto, ubicado en...",False,True,2026-08-20T13:37:32.300622,https://www.scotiarewards.cl/scclubfront/categoria/platosycomida/rutagourmet,https://www.scotiarewards.cl/scclubfront/resource/images/JARDINSECRETO1778085445.jpg,,"Alonso de Córdova 2417, Vitacura",True,,,restaurante
scotiabank_423,Scotiabank,Tarjetas Scotiabank,Pasta e Basta,50.0,porcentaje,50% Dcto.,viernes,,,,,Metropolitana,,Las Condes,,0,0,"Promoci n v lida todos los viernes hasta el 31 de agosto de 2026. Promoci n consiste en un 50% de descuento con tope de $50.000 por cliente titular en el Restaurante Pasta e Basta, ubicado en...",False,True,2026-08-20T13:37:32.300639,https://www.scotiarewards.cl/scclubfront/categoria/platosycomida/rutagourmet,https://www.scotiarewards.cl/scclubfront/resource/images/PastaBasta1745881428.jpg,,"Isidora Goyenechea 2850, Las Condes",True,,,restaurante
scotiabank_642,Scotiabank,Tarjetas Scotiabank,Enebro,50.0,porcentaje,50% Dcto.,sabado,,,,,Metropolitana,,Las Condes,,0,0,"Promoci n v lida todos los s bados hasta el 31 de agosto de 2026. Promoci n consiste en un 50% de descuento con tope de $50.000 por cliente titular en el Restaurante Enebro, ubicado en Ebro2828,...",False,True,2026-08-20T13:37:32.300655,https://www.scotiarewards.cl/scclubfront/categoria/platosycomida/rutagourmet,https://www.scotiarewards.cl/scclubfront/resource/banner/enebro1777914829.jpg,,"Ebro 2828, Las Condes",True,,,restaurante
scotiabank_643,Scotiabank,Tarjetas Scotiabank,Ré,50.0,porcentaje,50% Dcto.,sabado,,,,,Metropolitana,,Las Condes,,0,0,"Promoci n v lida todos los s bados hasta el 31 de agosto de 2026. Promoci n consiste en un 50% de descuento con tope de $50.000 por cliente titular en el Restaurante R , ubicado en Manquehue Nte....",False,True,2026-08-20T13:37:32.300671,https://www.scotiarewards.cl/scclubfront/categoria/platosycomida/rutagourmet,https://www.scotiarewards.cl/scclubfront/resource/banner/ré1777914830.jpg,,"Manquehue Nte 656, Las Condes",True,,,restaurante
scotiabank_595,Scotiabank,Tarjetas Scotiabank,Pizzeria Popular,50.0,porcentaje,50% Dcto.,sabado,,,,,Metropolitana,,Vitacura,,0,0,"Promoci n v lida todos los s bados de agosto de 2026. Promoci n consiste en un 50% de descuento con tope de $50.000 por cliente titular en el Restaurante Pizzer a Popular, ubicado en Alonso de...",False,True,2026-08-20T13:37:32.300687,https://www.scotiarewards.cl/scclubfront/categoria/platosycomida/rutagourmet,https://www.scotiarewards.cl/scclubfront/resource/images/PizzeriaPopular1764594621.jpg,,"Alonso de Cordova #4236, Vitacura",True,,,restaurante
scotiabank_690,Scotiabank,Tarjetas Scotiabank,Route 66,50.0,porcentaje,50% Dcto.,sabado,,,,,Metropolitana,,Las Condes,,0,0,"Promoci n v lida todos los s bados hasta el 31 de agosto de 2026. Promoci n consiste en un 50% de descuento con tope de $50.000 por cliente titular en el Restaurante Route 66, ubicado en Isidora...",False,True,2026-08-20T13:37:32.300703,https://www.scotiarewards.cl/scclubfront/categoria/platosycomida/rutagourmet,https://www.scotiarewards.cl/scclubfront/resource/images/ROUTE661785534809.jpg,,"Isidora Goyenechea 2960, Las Condes.",True,,,restaurante
scotiabank_682,Scotiabank,Tarjetas Scotiabank,La Biferia,50.0,porcentaje,50% Dcto.,sabado,,,,,Metropolitana,,Providencia,,0,0,"Promoci n v lida todos los s bados hasta el 31 de agosto de 2026. Promoci n consiste en un 50% de descuento con tope de $50.000 por cliente titular en el Restaurante La Biferia, ubicado en Pedro...",False,True,2026-08-20T13:37:32.300717,https://www.scotiarewards.cl/scclubfront/categoria/platosycomida/rutagourmet,https://www.scotiarewards.cl/scclubfront/resource/images/LABIFERIA1782787584.jpg,,"Pedro de Valdivia 065, Providencia",True,,,restaurante
scotiabank_646,Scotiabank,Tarjetas Scotiabank,Gozo - Vitacura,50.0,porcentaje,50% Dcto.,domingo,,,,,Metropolitana,,Vitacura,,0,0,"Promoci n v lida todos los domingos hasta el 31 de agosto de 2026. Promoci n consiste en un 50% de descuento con tope de $50.000 por cliente titular en el Restaurante Gozo, ubicado en Alonso de C...",False,True,2026-08-20T13:37:32.300735,https://www.scotiarewards.cl/scclubfront/categoria/platosycomida/rutagourmet,https://www.scotiarewards.cl/scclubfront/resource/banner/gozo 1777914834.jpg,,"Alonso de Córdova 4355, Vitacura",True,,,restaurante
scotiabank_664,Scotiabank,Tarjetas Scotiabank,Gozo - Las Condes,50.0,porcentaje,50% Dcto,domingo,,,,,Metropolitana,,Las Condes,,0,0,"Promoci n v lida todos los domingos hasta el 31 de agosto de 2026. Promoci n consiste en un 50% de descuento con tope de $50.000 por cliente titular en el Restaurante Gozo, ubicado en Av. Las...",False,True,2026-08-20T13:37:32.300750,https://www.scotiarewards.cl/scclubfront/categoria/platosycomida/rutagourmet,https://www.scotiarewards.cl/scclubfront/resource/images/Gozo 1778078982.jpg,,Av. Las Condes 9681,True,,,restaurante
scotiabank_683,Scotiabank,Tarjetas Scotiabank,Cascade,50.0,porcentaje,50% Dcto.,domingo,,,,,Metropolitana,,Vitacura,,0,0,"Promoci n v lida todos los domingos hasta el 31 de agosto de 2026. Promoci n consiste en un 50% de descuento con tope de $50.000 por cliente titular en el Restaurante Cascade, ubicado en Costanera...",False,True,2026-08-20T13:37:32.300765,https://www.scotiarewards.cl/scclubfront/categoria/platosycomida/rutagourmet,https://www.scotiarewards.cl/scclubfront/resource/images/CASCADE1782788260.jpg,,"Costanera Sur S.J.E. de Balaguer 6400, Vitacura",True,,,restaurante
scotiabank_691,Scotiabank,Tarjetas Scotiabank,Kiara,50.0,porcentaje,50% Dcto.,domingo,,,,,Metropolitana,,Lo Barnechea,,0,0,"Promoci n v lida todos los domingos hasta el 31 de agosto de 2026. Promoci n consiste en un 50% de descuento con tope de $50.000 por cliente titular en el Restaurante Kiara, ubicado en El Rodeo...",False,True,2026-08-20T13:37:32.300781,https://www.scotiarewards.cl/scclubfront/categoria/platosycomida/rutagourmet,https://www.scotiarewards.cl/scclubfront/resource/images/KIARA1785535216.jpg,,"El Rodeo 13332, Lo Barnechea",True,,,restaurante
scotiabank_385,Scotiabank,Tarjetas Scotiabank,Catae Restaurante,20.0,porcentaje,20% Dcto.,todos,,,,,Metropolitana,,Vitacura,,0,0,"Promoci n v lida hasta el 31 de agosto de 2026: Consiste en 20% de descuento en restaurantes seleccionados, con Tope de $50.000 por cliente titular. V lido pagando con Tarjeta de D bito o Cr dito...",False,True,2026-08-20T13:37:32.300796,https://www.scotiarewards.cl/scclubfront/categoria/platosycomida/rutagourmet,https://www.scotiarewards.cl/scclubfront/resource/images/Catae1745882556.jpg,,"Avenida Kennedy 4700, Renaissance Santiago Hotel, Vitacura",True,,,restaurante
scotiabank_386,Scotiabank,Tarjetas Scotiabank,Shinsei Nikkei Cuisine,20.0,porcentaje,20% Dcto.,todos,,,,,Metropolitana,,Vitacura,,0,0,"Promoci n v lida hasta el 31 de agosto de 2026: Consiste en 20% de descuento en restaurantes seleccionados, con Tope de $50.000 por cliente titular. V lido pagando con Tarjeta de D bito o Cr dito...",False,True,2026-08-20T13:37:32.300810,https://www.scotiarewards.cl/scclubfront/categoria/platosycomida/rutagourmet,https://www.scotiarewards.cl/scclubfront/resource/images/Descuento-sushi-shinsei-nikkei-cuisine (1)1718831273.webp,,"Avenida Kennedy 4700, Renaissance Santiago Hotel, Vitacura",True,,,restaurante
scotiabank_356,Scotiabank,Tarjetas Scotiabank,Kechua - Ñuñoa,20.0,porcentaje,20% Dcto.,todos,,,,,Metropolitana,,Ñuñoa,,0,0,"Promoci n v lida hasta el 31 de agosto de 2026: Consiste en 20% de descuento en restaurantes seleccionados, con Tope de $50.000 por cliente titular. V lido pagando con Tarjeta de D bito o Cr dito...",False,True,2026-08-20T13:37:32.300824,https://www.scotiarewards.cl/scclubfront/categoria/platosycomida/rutagourmet,https://www.scotiarewards.cl/scclubfront/resource/images/Kechua (1)1764781606.jpg,,"Alcaldesa Balbina Vera 3561, Local 102, Ñuñoa",True,,,restaurante
scotiabank_665,Scotiabank,Tarjetas Scotiabank,Kechua - Borde Río,20.0,porcentaje,20% Dcto.,todos,,,,,Metropolitana,,Vitacura,,0,0,"Promoci n v lida hasta el 31 de agosto de 2026: Consiste en 20% de descuento en restaurantes seleccionados, con Tope de $50.000 por cliente titular. V lido pagando con Tarjeta de D bito o Cr dito...",False,True,2026-08-20T13:37:32.300838,https://www.scotiarewards.cl/scclubfront/categoria/platosycomida/rutagourmet,https://www.scotiarewards.cl/scclubfront/resource/images/Kechua1778079900.jpg,,"Costanera Sur S.J.E. de Balaguer 6400, Vitacura",True,,,restaurante
scotiabank_666,Scotiabank,Tarjetas Scotiabank,Kechua - Terrazas San Cristóbal,20.0,porcentaje,20% Dcto.,todos,,,,,Metropolitana,,Providencia,,0,0,"Promoci n v lida hasta el 31 de agosto de 2026: Consiste en 20% de descuento en restaurantes seleccionados, con Tope de $50.000 por cliente titular. V lido pagando con Tarjeta de D bito o Cr dito...",False,True,2026-08-20T13:37:32.300852,https://www.scotiarewards.cl/scclubfront/categoria/platosycomida/rutagourmet,https://www.scotiarewards.cl/scclubfront/resource/images/Kechua1778080334.jpg,,"Constitución 241 local O (Terrazas San Cristobal), Providencia",True,,,restaurante
scotiabank_692,Scotiabank,Tarjetas Scotiabank,Pizzeria Popular de 16:00 a 23:00 hrs.,20.0,porcentaje,20% Dcto.,"lunes, jueves",,,,,Metropolitana,,Vitacura,,0,0,"Promoci n v lida de lunes a jueves hasta el 31 de agosto de 2026: Consiste en 20% de descuento en restaurantes adheridos a la promoci n, con tope de $50.000 por cliente titular. V lido pagando con...",False,True,2026-08-20T13:37:32.300867,https://www.scotiarewards.cl/scclubfront/categoria/platosycomida/rutagourmet,https://www.scotiarewards.cl/scclubfront/resource/images/PizzeriaPopular1785938058.jpg,," Alonso de Cordova 4236, Vitacura",True,,,restaurante
scotiabank_388,Scotiabank,Tarjetas Scotiabank,Sabor y Aroma,20.0,porcentaje,20% Dcto.,"lunes, viernes",,,,,Metropolitana,,Lo Barnechea,,0,0,"Promoci n v lida hasta el 31 de agosto de 2026: Consiste en 20% de descuento en restaurantes seleccionados, con Tope de $50.000 por cliente titular. V lido pagando con Tarjeta de D bito o Cr dito...",False,True,2026-08-20T13:37:32.300886,https://www.scotiarewards.cl/scclubfront/categoria/platosycomida/rutagourmet,https://www.scotiarewards.cl/scclubfront/resource/images/SaborAroma (1)1767354153.jpg,,"Av. Raúl Labbé 12559, Lo Barnechea.",True,,,restaurante
scotiabank_669,Scotiabank,Tarjetas Scotiabank,Fiamma desde las 19:00 hrs.,20.0,porcentaje,20% Dcto.,todos,,,,,Metropolitana,,Lo Barnechea,,0,0,"Promoci n v lida hasta el 31 de agosto de 2026: Consiste en 20% de descuento en restaurantes seleccionados, con Tope de $50.000 por cliente titular. V lido pagando con Tarjeta de D bito o Cr dito...",False,True,2026-08-20T13:37:32.300901,https://www.scotiarewards.cl/scclubfront/categoria/platosycomida/rutagourmet,https://www.scotiarewards.cl/scclubfront/resource/images/FIAMMA (1)1780092876.jpg,,"Av la dehesa 1445, Lo Barnechea",True,,,restaurante
scotiabank_670,Scotiabank,Tarjetas Scotiabank,Giulietta desde las 19:00 hrs.,20.0,porcentaje,20% Dcto.,"lunes, jueves",,,,,Metropolitana,,La Florida,,0,0,"Promoci n v lida hasta el 31 de agosto de 2026: Consiste en 20% de descuento en restaurantes seleccionados, con Tope de $50.000 por cliente titular. V lido pagando con Tarjeta de D bito o Cr dito...",False,True,2026-08-20T13:37:32.300916,https://www.scotiarewards.cl/scclubfront/categoria/platosycomida/rutagourmet,https://www.scotiarewards.cl/scclubfront/resource/images/GIULIETTA (1)1780093099.jpg,,"Av. Vicuña Mackenna 7110, La Florida",True,,,restaurante
scotiabank_596,Scotiabank,Tarjetas Scotiabank,Xolos Barra Mexicana desde las 18:00 hrs.,20.0,porcentaje,20% Dcto.,"lunes, viernes",,,,,Metropolitana,,Las Condes,,0,0,"Promoci n v lida hasta el 31 de agosto de 2026: Consiste en 20% de descuento en restaurantes seleccionados, con Tope de $50.000 por cliente titular. V lido pagando con Tarjeta de D bito o Cr dito...",False,True,2026-08-20T13:37:32.300932,https://www.scotiarewards.cl/scclubfront/categoria/platosycomida/rutagourmet,https://www.scotiarewards.cl/scclubfront/resource/images/Xolos1767349793.jpg,,"Alonso de Córdova 5320, Local 14, Las Condes",True,,,restaurante
scotiabank_501,Scotiabank,Tarjetas Scotiabank,Soho Thai - Las Condes,20.0,porcentaje,20% Dcto.,viernes,,,,,Metropolitana,,Las Condes,,0,0,"Promoci n v lida hasta el 31 de agosto de 2026: Consiste en 20% de descuento en restaurantes seleccionados, con Tope de $50.000 por cliente titular. V lido pagando con Tarjeta de D bito o Cr dito...",False,True,2026-08-20T13:37:32.300947,https://www.scotiarewards.cl/scclubfront/categoria/platosycomida/rutagourmet,https://www.scotiarewards.cl/scclubfront/resource/images/SohoThai1745883427.jpg,,"Av. Las Condes 9373, Las condes",True,,,restaurante
scotiabank_667,Scotiabank,Tarjetas Scotiabank,Soho Thai - Santiago Centro,20.0,porcentaje,20% Dcto.,viernes,,,,,Metropolitana,,Santiago,,0,0,"Promoci n v lida hasta el 31 de agosto de 2026: Consiste en 20% de descuento en restaurantes seleccionados, con Tope de $50.000 por cliente titular. V lido pagando con Tarjeta de D bito o Cr dito...",False,True,2026-08-20T13:37:32.300970,https://www.scotiarewards.cl/scclubfront/categoria/platosycomida/rutagourmet,https://www.scotiarewards.cl/scclubfront/resource/images/SohoThai1778086683.jpg,,"Carmen 93, Santiago",True,,,restaurante
scotiabank_648,Scotiabank,Tarjetas Scotiabank,La Pasta De La Nonna - San Pedro de la Paz,50.0,porcentaje,50% Dcto.,lunes,,,,,Biobío,,,,0,0,"Promoci n v lida todos los lunes hasta el 31 de agosto de 2026. Promoci n consiste en un 50% de descuento con tope de $50.000 por cliente titular en el Restaurante La Pasta de la Nonna, ubicado en...",False,True,2026-08-20T13:37:32.300991,https://www.scotiarewards.cl/scclubfront/categoria/platosycomida/rutagourmet,https://www.scotiarewards.cl/scclubfront/resource/banner/la pasta de la nonna - san pedro de la paz1777903032.jpg,,"Pedro Aguirre Cerda 350 Local 13, San Pedro de la Paz",True,,,restaurante
scotiabank_649,Scotiabank,Tarjetas Scotiabank,La Pasta De La Nonna - Concepción,50.0,porcentaje,50% Dcto.,lunes,,,,,Biobío,,,,0,0,"Promoci n v lida todos los lunes hasta el 31 de agosto de 2026. Promoci n consiste en un 50% de descuento con tope de $50.000 por cliente titular en el Restaurante La Pasta de la Nonna, ubicado en...",False,True,2026-08-20T13:37:32.301008,https://www.scotiarewards.cl/scclubfront/categoria/platosycomida/rutagourmet,https://www.scotiarewards.cl/scclubfront/resource/banner/la pasta de la nonna - concepción1777903033.jpg,,"Caupolicán 255, Concepción",True,,,restaurante
scotiabank_661,Scotiabank,Tarjetas Scotiabank,DC Araucanía,50.0,porcentaje,50% Dcto.,martes,,,,,Araucanía,,,,0,0,"Promoci n v lida todos los martes hasta el 31 de agosto de 2026. Promoci n consiste en un 50% de descuento con tope de $50.000 por cliente titular en el Restaurante DC Araucan a, ubicado en...",False,True,2026-08-20T13:37:32.301025,https://www.scotiarewards.cl/scclubfront/categoria/platosycomida/rutagourmet,https://www.scotiarewards.cl/scclubfront/resource/images/Don Camarón1777918331.jpg,,"Rudecindo Ortega 01650, Temuco",True,,,restaurante
scotiabank_587,Scotiabank,Tarjetas Scotiabank,Parrilla El Galpón,50.0,porcentaje,50% Dcto.,martes,,,,,Los Lagos,,,,0,0,"Promoci n v lida todos los martes hasta el 31 de agosto de 2026. Promoci n consiste en un 50% de descuento con tope de $50.000 por cliente titular en el Restaurante Parrilla El Galp n, ubicado en...",False,True,2026-08-20T13:37:32.301042,https://www.scotiarewards.cl/scclubfront/categoria/platosycomida/rutagourmet,https://www.scotiarewards.cl/scclubfront/resource/banner/parrilla el galpón1777903034.jpg,,"Cochrane 816, Osorno",True,,,restaurante
scotiabank_626,Scotiabank,Tarjetas Scotiabank,Tololo Beef,50.0,porcentaje,50% Dcto.,martes,,,,,Coquimbo,,,,0,0,"Promoci n v lida todos los martes hasta el 31 de agosto de 2026. Promoci n consiste en un 50% de descuento con tope de $50.000 por cliente titular en el Restaurante Tololo Beef, ubicado en Av....",False,True,2026-08-20T13:37:32.301061,https://www.scotiarewards.cl/scclubfront/categoria/platosycomida/rutagourmet,https://www.scotiarewards.cl/scclubfront/resource/banner/tololo beef1777903038.jpg,,"Av. Costanera 5425, La Serena",True,,,restaurante
scotiabank_560,Scotiabank,Tarjetas Scotiabank,MonBlé,50.0,porcentaje,50% Dcto.,martes,,,,,Valparaíso,,,,0,0,"Promoci n v lida todos los martes hasta el 31 de agosto de 2026. Promoci n consiste en un 50% de descuento con tope de $50.000 por cliente titular en el Restaurante MonBl , ubicado en Merced 822,...",False,True,2026-08-20T13:37:32.301091,https://www.scotiarewards.cl/scclubfront/categoria/platosycomida/rutagourmet,https://www.scotiarewards.cl/scclubfront/resource/banner/monblé1777903039.jpg,,"Merced 822, San Felipe",True,,,restaurante
scotiabank_663,Scotiabank,Tarjetas Scotiabank,Vista Mare,50.0,porcentaje,50% Dcto.,miercoles,,,,,Tarapacá,,,,0,0,"Promoci n v lida todos los mi rcoles hasta el 31 de agosto de 2026. Promoci n consiste en un 50% de descuento con tope de $50.000 por cliente titular en el Restaurante Vista Mare, ubicado en...",False,True,2026-08-20T13:37:32.301111,https://www.scotiarewards.cl/scclubfront/categoria/platosycomida/rutagourmet,https://www.scotiarewards.cl/scclubfront/resource/images/VISTAMARE1778078238.jpg,,"Amunategui 1990, Iquique",True,,,restaurante
scotiabank_684,Scotiabank,Tarjetas Scotiabank,Barroco,50.0,porcentaje,50% Dcto.,miercoles,,,,,Biobío,,,,0,0,"Promoci n v lida todos los mi rcoles hasta el 31 de agosto de 2026. Promoci n consiste en un 50% de descuento con tope de $50.000 por cliente titular en el Restaurante Barroco, ubicado en Luis...",False,True,2026-08-20T13:37:32.301127,https://www.scotiarewards.cl/scclubfront/categoria/platosycomida/rutagourmet,https://www.scotiarewards.cl/scclubfront/resource/images/BARROCO1782791292.jpg,,"Luis Acevedo 200, San Pedro de la Paz",True,,,restaurante
scotiabank_668,Scotiabank,Tarjetas Scotiabank,Restaurant LG,50.0,porcentaje,50% Dcto.,miercoles,,,,,Biobío,,,,0,0,"Promoci n v lida todos los mi rcoles hasta el 31 de agosto de 2026. Promoci n consiste en un 50% de descuento con tope de $50.000 por cliente titular en el Restaurant LG, ubicado en Mariano...",False,True,2026-08-20T13:37:32.301145,https://www.scotiarewards.cl/scclubfront/categoria/platosycomida/rutagourmet,https://www.scotiarewards.cl/scclubfront/resource/images/RESTAURANTELG (1)1783377041.jpg,,"Mariano Latorre 65, Laraquete, Arauco",True,,,restaurante
scotiabank_685,Scotiabank,Tarjetas Scotiabank,La Redonda,50.0,porcentaje,50% Dcto.,miercoles,,,,,Maule,,,,0,0,"Promoci n v lida todos los mi rcoles hasta el 31 de agosto de 2026. Promoci n consiste en un 50% de descuento con tope de $50.000 por cliente titular en el Restaurante La Redonda , ubicado en 7...",False,True,2026-08-20T13:37:32.301160,https://www.scotiarewards.cl/scclubfront/categoria/platosycomida/rutagourmet,https://www.scotiarewards.cl/scclubfront/resource/images/LAREDONDA1783545555.jpg,,"7 Oriente 1440 (entre 3 y 4 Norte), Talca",True,,,restaurante
scotiabank_627,Scotiabank,Tarjetas Scotiabank,Tololo Beach,50.0,porcentaje,50% Dcto.,miercoles,,,,,Coquimbo,,,,0,0,"Promoci n v lida todos los mi rcoles hasta el 31 de agosto de 2026. Promoci n consiste en un 50% de descuento con tope de $50.000 por cliente titular en el Restaurante Tololo Beach, ubicado en Av....",False,True,2026-08-20T13:37:32.301180,https://www.scotiarewards.cl/scclubfront/categoria/platosycomida/rutagourmet,https://www.scotiarewards.cl/scclubfront/resource/banner/tololo beach1777903041.jpg,,"Av. del Mar 5200, La Serena",True,,,restaurante
scotiabank_459,Scotiabank,Tarjetas Scotiabank,Kanpai,50.0,porcentaje,50% Dcto.,jueves,,,,,O'Higgins,,,,0,0,"Promoci n v lida todos los jueves hasta el 31 de agosto de 2026. Promoci n consiste en un 50% de descuento con tope de $50.000 por cliente titular en el Restaurante Kanpai, ubicado en Eugenio D az...",False,True,2026-08-20T13:37:32.301196,https://www.scotiarewards.cl/scclubfront/categoria/platosycomida/rutagourmet,https://www.scotiarewards.cl/scclubfront/resource/banner/kanpai1777903042.jpg,,"Eugenio Díaz Lira 139, Pichilemu",True,,,restaurante
scotiabank_652,Scotiabank,Tarjetas Scotiabank,San Marco,50.0,porcentaje,50% Dcto.,jueves,,,,,Valparaíso,,,,0,0,"Promoci n v lida todos los jueves hasta el 31 de agosto de 2026. Promoci n consiste en un 50% de descuento con tope de $50.000 por cliente titular en el Restaurante San Marco, ubicado en San Mart...",False,True,2026-08-20T13:37:32.301212,https://www.scotiarewards.cl/scclubfront/categoria/platosycomida/rutagourmet,https://www.scotiarewards.cl/scclubfront/resource/images/SANMARCO (1)1783377013.jpg,,"San Martín 597, Viña del Mar",True,,,restaurante
scotiabank_688,Scotiabank,Tarjetas Scotiabank,La Hacienda,50.0,porcentaje,50% Dcto.,jueves,,,,,Maule,,,,0,0,"Promoci n v lida todos los jueves hasta el 31 de agosto de 2026. Promoci n consiste en un 50% de descuento con tope de $50.000 por cliente titular en el Restaurante La Hacienda , ubicado en Av....",False,True,2026-08-20T13:37:32.301227,https://www.scotiarewards.cl/scclubfront/categoria/platosycomida/rutagourmet,https://www.scotiarewards.cl/scclubfront/resource/images/LAHACIENDA1782792903.jpg,," Av. Pehuenche Norte 1143, Talca",True,,,restaurante
scotiabank_654,Scotiabank,Tarjetas Scotiabank,Novu - Curicó,50.0,porcentaje,50% Dcto.,jueves,,,,,Maule,,,,0,0,"Promoci n v lida todos los jueves hasta el 31 de agosto de 2026. Promoci n consiste en un 50% de descuento con tope de $50.000 por cliente titular en el Restaurante Novu, ubicado en Carrera 301,...",False,True,2026-08-20T13:37:32.301246,https://www.scotiarewards.cl/scclubfront/categoria/platosycomida/rutagourmet,https://www.scotiarewards.cl/scclubfront/resource/banner/novu - curicó1777903046.jpg,,"Carrera 301, Plaza San Francisco, Curicó",True,,,restaurante
scotiabank_655,Scotiabank,Tarjetas Scotiabank,Novu - Santa Cruz,50.0,porcentaje,50% Dcto.,jueves,,,,,O'Higgins,,,,0,0,"Promoci n v lida todos los jueves hasta el 31 de agosto de 2026. Promoci n consiste en un 50% de descuento con tope de $50.000 por cliente titular en el Restaurante Novu, ubicado en D az Besoain...",False,True,2026-08-20T13:37:32.301262,https://www.scotiarewards.cl/scclubfront/categoria/platosycomida/rutagourmet,https://www.scotiarewards.cl/scclubfront/resource/banner/novu - santa cruz1777903047.jpg,,"Díaz Besoain 176, Santa Cruz",True,,,restaurante
scotiabank_582,Scotiabank,Tarjetas Scotiabank,Boreal Bar,50.0,porcentaje,50% Dcto.,jueves,,,,,O'Higgins,,,,0,0,"Promoci n v lida todos los jueves hasta el 31 de agosto de 2026. Promoci n consiste en un 50% de descuento con tope de $50.000 por cliente titular en el Restaurante Boreal Bar, ubicado en Av....",False,True,2026-08-20T13:37:32.301277,https://www.scotiarewards.cl/scclubfront/categoria/platosycomida/rutagourmet,https://www.scotiarewards.cl/scclubfront/resource/banner/boreal bar1777903048.jpg,,"Av. Miguel Ramírez 715, Rancagua",True,,,restaurante
scotiabank_656,Scotiabank,Tarjetas Scotiabank,Puerto Caliche,50.0,porcentaje,50% Dcto.,viernes,,,,,Antofagasta,,,,0,0,"Promoci n v lida todos los viernes hasta el 31 de agosto de 2026. Promoci n consiste en un 50% de descuento con tope de $50.000 por cliente titular en el Restaurante Puerto Caliche, ubicado en Av....",False,True,2026-08-20T13:37:32.301295,https://www.scotiarewards.cl/scclubfront/categoria/platosycomida/rutagourmet,https://www.scotiarewards.cl/scclubfront/resource/banner/puerto caliche1777903050.jpg,,"Av. República de Croacia 0809, Antofagasta",True,,,restaurante
scotiabank_565,Scotiabank,Tarjetas Scotiabank,Los Volcanes,50.0,porcentaje,50% Dcto.,sabado,,,,,Los Lagos,,,,0,0,"Promoci n v lida todos los s bados hasta el 31 de agosto de 2026. Promoci n consiste en un 50% de descuento con tope de $50.000 por cliente titular en el Restaurante Los Volcanes, ubicado en...",False,True,2026-08-20T13:37:32.301311,https://www.scotiarewards.cl/scclubfront/categoria/platosycomida/rutagourmet,https://www.scotiarewards.cl/scclubfront/resource/banner/los volcanes1777903051.jpg,,"Imperial 633, Puerto Varas",True,,,restaurante
santander_casa-mar-sushi,Santander,Tarjetas Santander,Casa Mar Sushi,0.0,otro,Beneficio exclusivo,todos,,,,,,,,,0,0,,False,True,2026-08-20T13:37:33.226369,https://banco.santander.cl/beneficios/promociones/casa-mar-sushi,https://banco.santander.cl/uploads/000/061/163/55dbe2a8-03b9-4a5e-b710-6c5a07b4e428/C460x309/Casamar-sushi.png,,,True,,"Recuerda que:Exclusivo con tus Tarjetas de Crédito y Débito Santander.Válido en local.Av. Blanca Estela 1927, ConcónNo acumulable con otras promociones.Descuento máximo por pedido de $40.000",restaurante
santander_pedidosya-market,Santander,Tarjetas Santander,PedidosYa Market,0.0,otro,Beneficio exclusivo,todos,,,,,,,,,0,0,,False,True,2026-08-20T13:37:33.841819,https://banco.santander.cl/beneficios/promociones/pedidosya-market,https://banco.santander.cl/uploads/000/060/387/ad59da44-7588-43c6-b4e4-5c87a88b61ce/C460x309/Untitled_design_46_.png,,,True,,PedidosYa Market es tu mejor opción.Recuerda que: Exclusivo con tus Tarjetas Crédito y Débito Santander.Válido online.Cupón de descuento: STNDER0826No acumulable con otros descuentos o promociones.Un,restaurante
santander_ari-nikkei,Santander,Tarjetas Santander,Ari Nikkei,0.0,otro,Beneficio exclusivo,todos,,,,,,,,,0,0,,False,True,2026-08-20T13:37:33.843548,https://banco.santander.cl/beneficios/promociones/ari-nikkei,https://banco.santander.cl/uploads/000/049/270/e415d00c-1fd9-4cb7-b284-179823d03c0a/C460x309/Logo_AriNikkei-6.png,,,True,,Nuevo concepto de sushiRecuerda que:Exclusivo pagando con tus Tarjetas de Crédito Santander.Válido para consumo en local.Tope de descuento de $40.000.No acumulable a otras promociones.,restaurante
santander_el-dorado,Santander,Tarjetas Santander,El Dorado,0.0,otro,Beneficio exclusivo,todos,,,,,,,,,0,0,,False,True,2026-08-20T13:37:34.366546,https://banco.santander.cl/beneficios/promociones/el-dorado,https://banco.santander.cl/uploads/000/061/152/35d92093-b1f7-4108-8d1e-a67cab004c4d/C460x309/logo_1_.png,,,True,,"Desayunos, Brunch, restaurante y barRecuerda que:Exclusivo pagando con tus Tarjetas de Crédito WorldMember Limited Santander LATAM Pass.Válido para consumo en local.Barros 348, ConcepciónTope de descu",restaurante
santander_rubaiyat,Santander,Tarjetas Santander,Rubaiyat,0.0,otro,Beneficio exclusivo,todos,,,,,,,,,0,0,,False,True,2026-08-20T13:37:34.366759,https://banco.santander.cl/beneficios/promociones/rubaiyat,https://banco.santander.cl/uploads/000/060/896/0757f68c-8c8b-4e0c-ac06-6b4286d25863/C460x309/Extras_LOGO_RUBA_500X800_4.png,,,True,,Celebra los 10 años de Rubaiyat Chile con un exclusivo menú de degustación junto al chef Diego Rojas. Recuerda que:Exclusivo pagando online con tus Tarjetas de Crédito The Platinum Card American Expre,restaurante
santander_sabores-de-machu-pichu,Santander,Tarjetas Santander,Sabores de Machu Pichu,0.0,otro,Beneficio exclusivo,todos,,,,,,,,,0,0,,False,True,2026-08-20T13:37:34.627643,https://banco.santander.cl/beneficios/promociones/sabores-de-machu-pichu,https://banco.santander.cl/uploads/000/061/161/5333d6a1-f718-4a84-b270-ac5fd5b4498d/C460x309/Machu-Picchu1.png,,,True,,"Recuerda que:Exclusivo con tus Tarjetas de Crédito Santander.Válido en local.Los acacios 85, San Pedro de la PazNo acumulable con otras promociones.Descuento máximo por pedido de $40.000",restaurante
santander_ruta-41,Santander,Tarjetas Santander,Ruta 41,0.0,otro,Beneficio exclusivo,todos,,,,,,,,,0,0,,False,True,2026-08-20T13:37:35.129078,https://banco.santander.cl/beneficios/promociones/ruta-41,https://banco.santander.cl/uploads/000/059/161/eccbb70a-84c3-44fd-870c-ce9e07599a37/C460x309/7A5FCEB5-572D-47A8-A279-C0EF0000A7B5.jpeg,,,True,,"Ruta 41Recuerda que:Exclusivo con tus Tarjetas de Crédito Santander.Válido en local, delivery web y retiro en local.Av Vitacura 3708, Vitacura.No acumulable con otras promociones.Descuento máximo por",restaurante
santander_demencia-2,Santander,Tarjetas Santander,Demencia,0.0,otro,Beneficio exclusivo,todos,,,,,,,,,0,0,,False,True,2026-08-20T13:37:35.129294,https://banco.santander.cl/beneficios/promociones/demencia-2,https://banco.santander.cl/uploads/000/048/381/948b6365-ce9c-4675-8dad-534bfbdad615/C460x309/Logo_Demencia.png,,,True,,"Decoración circense y alta gastronomía, coctelería de autor y shows en vivo.Recuerda que:Exclusivo pagando con tus Tarjetas de Crédito WorldMember Limited Santander LATAM Pass.Válido para consumo en l",restaurante
santander_miscelaneo,Santander,Tarjetas Santander,Miscelaneo,0.0,otro,Beneficio exclusivo,todos,,,,,,,,,0,0,,False,True,2026-08-20T13:37:35.129500,https://banco.santander.cl/beneficios/promociones/miscelaneo,https://banco.santander.cl/uploads/000/058/793/11a14344-2c1e-4047-aeac-7ad9b94fdacc/C460x309/Copia_de_Untitled_design_4_.png,,,True,,"Comida para compartirRecuerda que:Exclusivo con tus Tarjetas de Crédito SantanderVálido para consumo en local.Santa María 5870, Vitacura.Tope de descuento de $40.000.No acumulable a otras promociones.",restaurante
santander_bar-la-virgen,Santander,Tarjetas Santander,Bar La Virgen,40.0,porcentaje,40% dcto.,todos,,,,,,,,,0,0,,False,True,2026-08-20T13:37:35.129926,https://banco.santander.cl/beneficios/promociones/bar-la-virgen,https://banco.santander.cl/uploads/000/061/146/e6dc44f8-7833-40e6-a3b2-7e80fd93dcb9/C460x309/800x800.png,,,True,,"Bar en Santiago, Viña del Mar, PichilemuRecuerda que:Exclusivo con tus Tarjetas de Crédito Santander.Válido en local.40% dcto. los sábados en Santiago. 40% dcto. los miércoles en regiones.No acumulabl",restaurante
santander_kevin-bacon,Santander,Tarjetas Santander,Kevin Bacon,0.0,otro,Beneficio exclusivo,todos,,,,,,,,,0,0,,False,True,2026-08-20T13:37:35.130785,https://banco.santander.cl/beneficios/promociones/kevin-bacon,https://banco.santander.cl/uploads/000/058/779/25c1fb66-3649-4d76-8ba0-4a8442b71cfb/C460x309/KevinBacon1.png,,,True,,"Kevin BaconRecuerda que:Exclusivo con tus Tarjetas de Crédito Santander.Válido en local, delivery web y retiro en local.Av. Pdte. Kennedy 5601, piso 4 terraza, Las Condes.No acumulable con otras promo",restaurante
santander_jeronimo,Santander,Tarjetas Santander,Jeronimo,0.0,otro,Beneficio exclusivo,todos,,,,,,,,,0,0,,False,True,2026-08-20T13:37:35.130987,https://banco.santander.cl/beneficios/promociones/jeronimo,https://banco.santander.cl/uploads/000/058/781/1c4b80a2-ea3b-404b-8a73-a2982f9a4471/C460x309/Untitled_design_1_.png,,,True,,"Cocina del mundoRecuerda que:Exclusivo con tus Tarjetas de Crédito WorldMember Limited Santander LATAM Pass.Válido para consumo en local.Alonso de Córdova 4355, Vitacura.Tope de descuento de $100.000.",restaurante
santander_caoba-bar-2,Santander,Tarjetas Santander,Caoba Bar,0.0,otro,Beneficio exclusivo,todos,,,,,,,,,0,0,,False,True,2026-08-20T13:37:35.392652,https://banco.santander.cl/beneficios/promociones/caoba-bar-2,https://banco.santander.cl/uploads/000/046/987/fedc6a64-90c7-4a11-9361-664ef4c626d9/C460x309/Logo_CaobaBar.jpg,,,True,,"¡Disfruta de un increíble bar!Recuerda que:Exclusivo con tus Tarjetas de Crédito SantanderVálido para consumo en local.Alonso de Córdova 4156, Vitacura.No acumulable a otras promociones.Pide tu descue",restaurante
santander_gaetano,Santander,Tarjetas Santander,Gaetano,0.0,otro,Beneficio exclusivo,todos,,,,,,,,,0,0,,False,True,2026-08-20T13:37:35.393569,https://banco.santander.cl/beneficios/promociones/gaetano,https://banco.santander.cl/uploads/000/060/648/0b35be19-2330-4d1c-b475-b00bde6160ad/C460x309/GAETANO_LOGO-01_14_.png,,,True,,Restaurante de inspiración italianaRecuerda que:Exclusivo con tus Tarjetas de Crédito Santander.Válido presencial.No acumulable a otras promociones.Descuento máximo por pedido de $40.000.Avenida Pehue,restaurante
santander_chilis,Santander,Tarjetas Santander,Chilis,0.0,otro,Beneficio exclusivo,todos,,,,,,,,,0,0,,False,True,2026-08-20T13:37:35.393994,https://banco.santander.cl/beneficios/promociones/chilis,https://banco.santander.cl/uploads/000/061/210/dbe069fb-65e9-4810-a805-4fd96ee00aa8/C460x309/Logo_Chilis.jpg,,,True,,"Entregar lo mejor en comida tex-mex, como en ningún otro lugar directo en tu hogar!Recuerda que:Exclusivo con tus Tarjetas de Crédito Santander.Válido en local, delivery web y retiro en local.Av. Ital",restaurante
santander_pizzeria-capri,Santander,Tarjetas Santander,Pizzería Capri,0.0,otro,Beneficio exclusivo,todos,,,,,,,,,0,0,,False,True,2026-08-20T13:37:35.394211,https://banco.santander.cl/beneficios/promociones/pizzeria-capri,https://banco.santander.cl/uploads/000/057/827/db644f41-7709-4eba-9c45-8b05fc9cb2d0/C460x309/Logo_Capri_Pizzeria.png,,,True,,"Disfruta de la comida italiana como pizzas, pastas y másRecuerda que:Exclusivo con tus Tarjetas de Crédito Santander.Válido en local y online con retiro en tienda.Avenida El Rodeo 13.052, Lo Barnechea",restaurante
santander_rolls-sushi-nikkei,Santander,Tarjetas Santander,Rolls Sushi Nikkei,0.0,otro,Beneficio exclusivo,todos,,,,,,,,,0,0,,False,True,2026-08-20T13:37:35.394840,https://banco.santander.cl/beneficios/promociones/rolls-sushi-nikkei,https://banco.santander.cl/uploads/000/060/680/95c0bf36-0fef-478a-ab13-3bae54354f9c/C460x309/Untitled_design_66_.png,,,True,,"Sushi Nikkei Recuerda que:Exclusivo pagando con tus Tarjetas de Crédito Santander.Válido para consumo en local.Boulevard los ingleses de Chicureo, ColinaTope de descuento de $40.000.No acumulable a ot",restaurante
santander_roberta-pizzas,Santander,Tarjetas Santander,Roberta Pizzas,0.0,otro,Beneficio exclusivo,todos,,,,,,,,,0,0,,False,True,2026-08-20T13:37:35.643201,https://banco.santander.cl/beneficios/promociones/roberta-pizzas,https://banco.santander.cl/uploads/000/047/502/69093e0d-8583-4e8c-afe0-65b0c7b2bad3/C460x309/Logo-Roberta.png,,,True,,"Pizzas hechas en horno Napolitano. Recuerda que:Exclusivo con tus Tarjetas de Crédito Santander.Válido en local, retiro y www.robertapizzas.cl1 Poniente 572, Viña del Mar y Norte 25 local 2, Reñaca.No",restaurante
santander_gaia-restaurante,Santander,Tarjetas Santander,Gaia Restaurante,0.0,otro,Beneficio exclusivo,todos,,,,,,,,,0,0,,False,True,2026-08-20T13:37:35.643432,https://banco.santander.cl/beneficios/promociones/gaia-restaurante,https://banco.santander.cl/uploads/000/060/273/7af698ce-f227-4b6b-bc0d-44388b8456cd/C460x309/Gaia1.png,,,True,,"Cocina catalana clásica Recuerda que:Exclusivo con tus Tarjetas de Crédito Santander.Válido en local.Playa brava 3322, Iquique.No acumulable con otras promociones.Descuento máximo por pedido de $40.0",restaurante
santander_rustico-restobar,Santander,Tarjetas Santander,Rústico restobar,0.0,otro,Beneficio exclusivo,todos,,,,,,,,,0,0,,False,True,2026-08-20T13:37:35.643648,https://banco.santander.cl/beneficios/promociones/rustico-restobar,https://banco.santander.cl/uploads/000/049/294/6940d20c-7414-4f1b-83e0-2cde06df35a8/C460x309/Logo_RusticoRestobar.jpg,,,True,,"¡Karaoke, cocteles y comida!Recuerda que:Exclusivo pagando con tus Tarjetas de Crédito Santander.Válido para consumo en local.Av. Presidente Manuel Bulnes 299, Punta ArenasTope de descuento de $40.000",restaurante
santander_raidho,Santander,Tarjetas Santander,Raidho,0.0,otro,Beneficio exclusivo,todos,,,,,,,,,0,0,,False,True,2026-08-20T13:37:35.644296,https://banco.santander.cl/beneficios/promociones/raidho,https://banco.santander.cl/uploads/000/048/874/2f6eabaa-560b-4dfd-b65e-4a9e3b456241/C460x309/Logo_Raidho.jpg,,,True,,"Un nuevo viaje culinario hacia sabores inolvidablesExclusivo con tus Tarjetas de Crédito WorldMember Limited Santander LATAM Pass.Válido en local.Camino Las Rastras Km 7, TalcaNo acumulable a otras pr",restaurante
santander_la-caperucita-y-el-lobo,Santander,Tarjetas Santander,La Caperucita y el Lobo,0.0,otro,Beneficio exclusivo,todos,,,,,,,,,0,0,,False,True,2026-08-20T13:37:35.644508,https://banco.santander.cl/beneficios/promociones/la-caperucita-y-el-lobo,https://banco.santander.cl/uploads/000/050/451/76f4ebee-9a6a-4988-9615-030da5a21d4b/C460x309/Logo_Caperucitayellobo.png,,,True,,"Sabores que relatan historia y preparaciones con harto cuentoRecuerda que:Exclusivo con tus Tarjetas de Crédito WorldMember Limited Santander LATAM Pass.Válido en local.Ferrari 75, ValparaísoNo acumul",restaurante
santander_la-parrilla-del-guaton-jerez,Santander,Tarjetas Santander,La Parrilla del Guatón Jeréz,0.0,otro,Beneficio exclusivo,todos,,,,,,,,,0,0,,False,True,2026-08-20T13:37:35.644935,https://banco.santander.cl/beneficios/promociones/la-parrilla-del-guaton-jerez,https://banco.santander.cl/uploads/000/059/189/e6ee521e-f92d-4e5a-849a-16c6fe1e17b7/C460x309/La_parrilla_del_guaton_jerez2_22_.png,,,True,,"La Parrilla del Guatón JerézRecuerda que:Exclusivo con tus Tarjetas de Crédito WorldMember Limited Santander.Válido en local.Av. Padre Hurtado Nte 1460, Vitacura.Descuento máximo de $100.000No acumula",restaurante
santander_dagan,Santander,Tarjetas Santander,Dagan,0.0,otro,Beneficio exclusivo,todos,,,,,,,,,0,0,,False,True,2026-08-20T13:37:35.645150,https://banco.santander.cl/beneficios/promociones/dagan,https://banco.santander.cl/uploads/000/053/853/7fdceb7c-35b2-479a-81ff-82181b5900cd/C460x309/Logo_Degan.png,,,True,,"Comida de algún lugar del mediterráneo. Inspirada en la cultura que comparten Europa, Asia y África.Recuerda que:Exclusivo con tus Tarjetas de Crédito WorldMember Limited Santander LATAM Pass.Válido p",restaurante
santander_berlin-doner-kebab,Santander,Tarjetas Santander,Berlin Döner Kebab,0.0,otro,Beneficio exclusivo,todos,,,,,,,,,0,0,,False,True,2026-08-20T13:37:35.645355,https://banco.santander.cl/beneficios/promociones/berlin-doner-kebab,https://banco.santander.cl/uploads/000/053/328/6f8c5387-6ebe-4f4e-b19f-55a4d42b76a5/C460x309/Logo_Berlin_DK.png,,,True,,Restaurant de sandwich turco-alemanesRecuerda que:Exclusivo con tus Tarjetas de Crédito Santander.Válido para consumo en local.No acumulable a otras promociones.Pide tu descuento al momento de pagar.D,restaurante
santander_exo-nuit,Santander,Tarjetas Santander,Exò Nuit,0.0,otro,Beneficio exclusivo,todos,,,,,,,,,0,0,,False,True,2026-08-20T13:37:35.645563,https://banco.santander.cl/beneficios/promociones/exo-nuit,https://banco.santander.cl/uploads/000/057/416/9222d931-9c1c-4844-ae39-2fb940a75489/C460x309/Logo_ExoNuit.png,,,True,,"restaurante y bar de cocina japonesa–mediterráneaRecuerda que:Exclusivo pagando con tus Tarjetas de Crédito y Débito Santander.Válido para consumo en local.Candelaria Goyenechea 3868, Vitacura.Tope de",restaurante
santander_don-carlos,Santander,Tarjetas Santander,Don Carlos,0.0,otro,Beneficio exclusivo,todos,,,,,,,,,0,0,,False,True,2026-08-20T13:37:36.202904,https://banco.santander.cl/beneficios/promociones/don-carlos,https://banco.santander.cl/uploads/000/047/000/c6a68d06-e9f3-4c94-bb21-9cff92159fc0/C460x309/Logo_DonCarlos.jpg,,,True,,"Más de 35 años de experiencia parrilla y una gran variedad de cortes.Recuerda que: Exclusivo con tus Tarjetas de Crédito Santander.Válido para consumo en local.Isidora Goyenechea 2895, Las Condes.No a",restaurante
santander_kobo-2,Santander,Tarjetas Santander,Kobo Sushi,0.0,otro,Beneficio exclusivo,todos,,,,,,,,,0,0,,False,True,2026-08-20T13:37:36.203382,https://banco.santander.cl/beneficios/promociones/kobo-2,https://banco.santander.cl/uploads/000/046/207/1ddc7e63-d5bb-42c6-98ff-3bb21cf2a116/C460x309/logo_kobo.jpg,,,True,,Delicada comida de Japón con la frescura y del toque picante del PerúRecuerda que:Exclusivo con tus Tarjetas de Crédito Santander.Válido para consumo en local y en www.kobo.clNo acumulable a otras pro,restaurante
santander_pastamore,Santander,Tarjetas Santander,Pastamore,0.0,otro,Beneficio exclusivo,todos,,,,,,,,,0,0,,False,True,2026-08-20T13:37:36.203590,https://banco.santander.cl/beneficios/promociones/pastamore,https://banco.santander.cl/uploads/000/060/730/dc3b4cf6-73f2-42aa-84ea-e1f3b982936b/C460x309/Untitled_design_77_.png,,,True,,"Cocina ItalianaRecuerda que:Exclusivo pagando con tus Tarjetas de Crédito Santander.Válido para consumo en local.Las Tranqueras 1471, VitacuraTope de descuento de $40.000.No acumulable a otras promoci",restaurante
santander_flamma,Santander,Tarjetas Santander,Fiamma,0.0,otro,Beneficio exclusivo,todos,,,,,,,,,0,0,,False,True,2026-08-20T13:37:36.204007,https://banco.santander.cl/beneficios/promociones/flamma,https://banco.santander.cl/uploads/000/060/264/5ddd3639-b1c5-42de-8381-e9a36222aaad/C460x309/Captura_de_pantalla_2026-05-29_a_la_s_17_16_52.png,,,True,,"Desayunos, almuerzos y cenas.Recuerda que:Exclusivo con tus Tarjetas de Crédito Santander.Válido en local. Av La Dehesa 1445, Lo Barnechea.No acumulable con otras promociones.Descuento máximo por pedi",restaurante
santander_vapiano-2,Santander,Tarjetas Santander,Vapiano,0.0,otro,Beneficio exclusivo,todos,,,,,,,,,0,0,,False,True,2026-08-20T13:37:36.204218,https://banco.santander.cl/beneficios/promociones/vapiano-2,https://banco.santander.cl/uploads/000/058/322/339b596d-3253-43d1-bdbd-6f235e7b0067/C460x309/Logo_Vapiano_1_.png,,,True,,Cadena internacional de comida italianaVálido con Tarjetas de Crédito y Débito Santander.Válido presencialNo acumulable a otras promociones.Descuento máximo es de $40.000.,restaurante
santander_sakura-4,Santander,Tarjetas Santander,Sakura,0.0,otro,Beneficio exclusivo,todos,,,,,,,,,0,0,,False,True,2026-08-20T13:37:36.204637,https://banco.santander.cl/beneficios/promociones/sakura-4,https://banco.santander.cl/uploads/000/049/688/3d252a78-29a9-4af5-a9b7-2f46072ef7b0/C460x309/Logo_Sakuranuevo.png,,,True,,"¡Mucho más que sushi!Recuerda que:Exclusivo con tus Tarjetas de Crédito y Débito Santander.Válido en locales, www.sakura.clTope dcto. $40.000.Para compras con despacho el monto mínimo es de $12.000.Ex",restaurante
santander_burger-king-2,Santander,Tarjetas Santander,Burger King,0.0,otro,Beneficio exclusivo,todos,,,,,,,,,0,0,,False,True,2026-08-20T13:37:36.205293,https://banco.santander.cl/beneficios/promociones/burger-king-2,https://banco.santander.cl/uploads/000/046/065/7b06054b-0eab-47e4-86a0-79301b1255b8/C460x309/logo_bk.jpg,,,True,,"¡Disfruta las mejores burger a la parrilla, desde 1954!Recuerda que:Exclusivo con tus Tarjetas de Crédito Santander y Débito Santander.Válido en Autoking y locales, exclusivamente en mesones, no aplic",restaurante
santander_melt,Santander,Tarjetas Santander,Melt Pizzas,0.0,otro,Beneficio exclusivo,todos,,,,,,,,,0,0,,False,True,2026-08-20T13:37:36.714277,https://banco.santander.cl/beneficios/promociones/melt,https://banco.santander.cl/uploads/000/052/889/28ffd53b-788e-4d55-b47f-675df3b7f92c/C460x309/Logo_ActualizadoMelt.png,,,True,,"¡Las mejores pizzas están en Melt! Arma tu pizza como más te guste.Recuerda que:Exclusivo con tus Tarjetas de Crédito y Débito Santander.Válido en locales, App MELT y en www.meltpizzas.comNo acumulabl",restaurante
santander_work-cafe-4,Santander,Tarjetas Santander,Work/Café,30.0,porcentaje,30% dcto.,todos,,,,,,,,,0,0,,False,True,2026-08-20T13:37:36.715144,https://banco.santander.cl/beneficios/promociones/work-cafe-4,https://banco.santander.cl/uploads/000/046/181/6d308530-1fa2-4099-8eca-b039427cd46c/C460x309/logo2_wk.jpg,,,True,,"¡Comienza tu día en el mejor lugar, conoce todas las sucursales Work/Café!Recuerda que:Exclusivo con tus Tarjetas de Crédito y Débito Santander.Válido en locales y www.workcafe.cl, 30% los otros días",restaurante
santander_hijo-del-sol-2,Santander,Tarjetas Santander,Hijo del Sol,0.0,otro,Beneficio exclusivo,todos,,,,,,,,,0,0,,False,True,2026-08-20T13:37:36.715560,https://banco.santander.cl/beneficios/promociones/hijo-del-sol-2,https://banco.santander.cl/uploads/000/046/497/2255e557-6b54-4468-9846-cc6b96bd22d6/C460x309/Logo_Hijodelsol1.jpg,,,True,,Disfruta del rico sabor de una causa limeña Recuerda que:Exclusivo con tus Tarjetas de Crédito Santander.Válido para consumo en local.No acumulable a otras promociones.Pide tu descuento al momento de,restaurante
santander_hijo-del-inca,Santander,Tarjetas Santander,Hijo del Inca,0.0,otro,Beneficio exclusivo,todos,,,,,,,,,0,0,,False,True,2026-08-20T13:37:36.715762,https://banco.santander.cl/beneficios/promociones/hijo-del-inca,https://banco.santander.cl/uploads/000/054/393/15454246-21f0-40c0-87ad-d6672c1b4297/C460x309/Logo_Hijodel_inca.png,,,True,,"Restaurante peruano.Recuerda que:Exclusivo con tus Tarjetas de Crédito Santander.Válido para compras en local.Príncipe de Gales 6992, La Reina.Santa magdalena 168 local 102 Providencia.No acumulable c",restaurante
santander_rocoto,Santander,Tarjetas Santander,Rocoto,0.0,otro,Beneficio exclusivo,todos,,,,,,,,,0,0,,False,True,2026-08-20T13:37:36.715966,https://banco.santander.cl/beneficios/promociones/rocoto,https://banco.santander.cl/uploads/000/056/728/73b47e3a-b396-446b-9739-d12ead49dbac/C460x309/Logo_Rocoto.png,,,True,,"Sabores peruanos auténticos en tu hogarRecuerda que:Exclusivo con tus Tarjetas de Crédito y Débito Santander.Válido en local, delivery web y retiro en localPartenón 1727, Vitacura / Av. Francisco Bilb",restaurante
santander_curry-2,Santander,Tarjetas Santander,Curry,0.0,otro,Beneficio exclusivo,todos,,,,,,,,,0,0,,False,True,2026-08-20T13:37:36.716179,https://banco.santander.cl/beneficios/promociones/curry-2,https://banco.santander.cl/uploads/000/056/730/0cd83e95-dd5f-4616-a42e-65224f5ec5f4/C460x309/Logo_Curry.png,,,True,,"Comida TailandesaRecuerda que:Exclusivo con tus Tarjetas de Crédito y Débito Santander.Válido en local, delivery web y retiro en local.Partenón 1727, Vitacura / Av. Francisco Bilbao 2752, Providencia",restaurante
santander_kento-sushi,Santander,Tarjetas Santander,Kento Sushi,0.0,otro,Beneficio exclusivo,todos,,,,,,,,,0,0,,False,True,2026-08-20T13:37:37.250247,https://banco.santander.cl/beneficios/promociones/kento-sushi,https://banco.santander.cl/uploads/000/055/137/69116eb1-4d45-4654-8f2f-d9118107b103/C460x309/Logo_kento_1_.png,,,True,,"Los mejores sushi, nikkei, Sin arroz, Vegetarianos, Ceviche y másRecuerda que:Exclusivo con tus Tarjetas de Crédito y Débito Santander.Válido en local y online.Parque Arauco, Alto las Condes y Av. Vit",restaurante
santander_bar-porfirio,Santander,Tarjetas Santander,Bar Porfirio,0.0,otro,Beneficio exclusivo,todos,,,,,,,,,0,0,,False,True,2026-08-20T13:37:37.250722,https://banco.santander.cl/beneficios/promociones/bar-porfirio,https://banco.santander.cl/uploads/000/055/139/d4fced7d-87ce-48e8-8308-bcdd1fd7352f/C460x309/Logo_BarPorfolio_1_.png,,,True,,"Tacos, tragos y pura buena onda para cortar la semana con saborRecuerda que:Exclusivo con tus Tarjetas de Crédito y Débito Santander.Válido en local.Manuel Montt 697, Providencia.No acumulable con otr",restaurante
santander_delivery-gourmet,Santander,Tarjetas Santander,Delivery Gourmet,0.0,otro,Beneficio exclusivo,todos,,,,,,,,,0,0,,False,True,2026-08-20T13:37:37.250936,https://banco.santander.cl/beneficios/promociones/delivery-gourmet,https://banco.santander.cl/uploads/000/056/733/9f57f41f-6edf-4f65-b39b-5d050b5a6e81/C460x309/Logo_Delivery-gourmet.png,,,True,,"Tus comidas favoritas en un solo pedidoRecuerda que:Exclusivo con tus Tarjetas de Crédito y Débito Santander.Válido en local, delivery web y retiro en local.Partenón 1727, Vitacura / Av. Francisco Bil",restaurante
santander_zapping-sport-center,Santander,Tarjetas Santander,Zapping Sport Center,0.0,otro,Beneficio exclusivo,todos,,,,,,,,,0,0,,False,True,2026-08-20T13:37:37.251430,https://banco.santander.cl/beneficios/promociones/zapping-sport-center,https://banco.santander.cl/uploads/000/060/720/cd92bc46-f51c-45e4-b18f-f72546184e3f/C460x309/Untitled_design_72_.png,,,True,,"Canchas de primer nivel fútbol/ futbolito, pádel, entrenamiento funcional, restaurante y terraza.Recuerda que:Exclusivo con tus Tarjetas de Crédito Santander.Válido presencial mostrando tus Tarjetas d",restaurante
santander_siamo-coffee,Santander,Tarjetas Santander,Siamo Coffee,0.0,otro,Beneficio exclusivo,todos,,,,,,,,,0,0,,False,True,2026-08-20T13:37:37.825496,https://banco.santander.cl/beneficios/promociones/siamo-coffee,https://banco.santander.cl/uploads/000/057/405/33a89729-eac9-46d3-b230-df6da522d591/C460x309/Logo_Siamo.png,,,True,,"Café de especialidad de origen, cultivado en fincas privilegiadas y tostado con precisión para resaltar su perfil sensorial.Recuerda que:Exclusivo con tus Tarjetas Crédito y Débito Santander.Válido en",restaurante
santander_kitchen-it-2,Santander,Tarjetas Santander,Kitchen-it,0.0,otro,Beneficio exclusivo,todos,,,,,,,,,0,0,,False,True,2026-08-20T13:37:38.366844,https://banco.santander.cl/beneficios/promociones/kitchen-it-2,https://banco.santander.cl/uploads/000/050/440/d10d55d2-1810-4828-a966-328042313845/C460x309/Logo_Kitchen_it_5_.png,,,True,,Electrodomésticos innovadores que mejoran tu experiencia en la cocinaRecuerda:Exclusivo pagando con tus Tarjetas de Crédito y Débito Santander.Válido en www.kitchenit.clIngresa el cupón SANTANDER15 co,restaurante
santander_gaggia-milano-2,Santander,Tarjetas Santander,Gaggia Milano,0.0,otro,Beneficio exclusivo,todos,,,,,,,,,0,0,,False,True,2026-08-20T13:37:38.826586,https://banco.santander.cl/beneficios/promociones/gaggia-milano-2,https://banco.santander.cl/uploads/000/050/972/a2f58dcc-1fff-4e12-a956-023f61895a96/C460x309/Logo_Gaggia_Milano_2_.png,,,True,,"Cafeteras Gaggia Milano combinan elegancia italiana con tecnología avanzada, garantizando un espresso perfecto en cada tazaRecuerda que:Exclusivo pagando con tus Tarjetas de Crédito y Débito Santander",restaurante
santander_atama,Santander,Tarjetas Santander,Atama,0.0,otro,Beneficio exclusivo,todos,,,,,,,,,0,0,,False,True,2026-08-20T13:37:39.918904,https://banco.santander.cl/beneficios/promociones/atama,https://banco.santander.cl/uploads/000/052/168/605298b2-9e9b-409c-873e-7775a75d858e/C460x309/Logo_Atamaa.png,,,True,,Snack de frutas altamente nutritivos y deliciosos.Recuerda:Exclusivo pagando con tus Tarjetas de Crédito y Débito Santander.Válido en www.atamafoods.comTope de dcto. $100.000Ingresa los 6 primeros díg,restaurante
santander_kitchen-center-2,Santander,Tarjetas Santander,Kitchen Center,0.0,otro,Beneficio exclusivo,todos,,,,,,,,,0,0,,False,True,2026-08-20T13:37:40.520219,https://banco.santander.cl/beneficios/promociones/kitchen-center-2,https://banco.santander.cl/uploads/000/055/800/21c1326c-3a1d-4a00-930e-f2ae0c0baaf6/C460x309/Logo_KitchenCenter.png,,,True,,"Renueva tu cocina con productos que combinan diseño, tecnología de Kitchen CenterRecuerda que:Exclusivo pagando con tus Tarjetas de Crédito Santander.Es válido en tiendas físicas.CAE 1,51% Calculado p",restaurante
santander_impulsa-solar,Santander,Tarjetas Santander,Impulsa Solar,0.0,otro,Beneficio exclusivo,todos,,,,,,,,,0,0,,False,True,2026-08-20T13:37:42.795934,https://banco.santander.cl/beneficios/promociones/impulsa-solar,https://banco.santander.cl/uploads/000/060/695/974f692a-d011-4b8b-9ae7-9e1d738c41cf/C460x309/Impulsa_Solar_500_px_x_800_px_1.png,,,True,,"¡Equipa tu hogar con los mejores robots de cocina, licuadoras y más!Recuerda que:Exclusivo pagando con tus Tarjetas de Crédito Santander LATAM Pass.Válido online Acumula 1 milla LATAM Pass adicional p",restaurante
santander_thomas,Santander,Tarjetas Santander,Thomas,0.0,otro,Beneficio exclusivo,todos,,,,,,,,,0,0,,False,True,2026-08-20T13:37:43.387725,https://banco.santander.cl/beneficios/promociones/thomas,https://banco.santander.cl/uploads/000/054/662/06963525-6aa7-4d1d-8dfe-9b8503dd7203/C460x309/Logo_Thomas.jpg,,,True,,"Descubre la línea más completa de electrodomésticos de cocina, limpieza y cuidado para el hogar. Recuerda que:Exclusivo con tus Tarjeta de Crédito y Tarjetas de Crédito Santander Empresas.Válido onlin",restaurante
santander_simplit-3,Santander,Tarjetas Santander,Simplit,0.0,otro,Beneficio exclusivo,todos,,,,,,,,,0,0,,False,True,2026-08-20T13:37:43.388815,https://banco.santander.cl/beneficios/promociones/simplit-3,https://banco.santander.cl/uploads/000/046/139/895b6b9d-97e3-4808-a334-b5dd9f44f372/C460x309/Logo_Simplit.jpg,,,True,,"Todos los artículos, accesorios y utensilios que necesitas para equipar tu cocina. Despachos a todo Chile.Recuerda:Exclusivo pagando con tus Tarjetas de Crédito Santander LATAM Pass.Válido en www.simp",restaurante
santander_moulinex-4,Santander,Tarjetas Santander,Moulinex,0.0,otro,Beneficio exclusivo,todos,,,,,,,,,0,0,,False,True,2026-08-20T13:37:43.389869,https://banco.santander.cl/beneficios/promociones/moulinex-4,https://banco.santander.cl/uploads/000/046/155/eebc66a9-847d-4690-8d67-7385359e6f3e/C460x309/logo_moulinex.png,,,True,,"¡Equipa tu hogar con los mejores robots de cocina, licuadoras y más!Recuerda que:Exclusivo pagando con tus Tarjetas de Crédito Santander LATAM Pass.Válido en www.tefalstore.cl y tiendas físicas.No es",restaurante
santander_krups-3,Santander,Tarjetas Santander,Krups,0.0,otro,Beneficio exclusivo,todos,,,,,,,,,0,0,,False,True,2026-08-20T13:37:43.646413,https://banco.santander.cl/beneficios/promociones/krups-3,https://banco.santander.cl/uploads/000/046/147/5f3a4a7e-270d-49a0-bee3-03ed8bfdd1dd/C460x309/Logo_Krups.png,,,True,,¡Descubre un increíble mundo de productos de café y desayuno!Recuerda que:Exclusivo pagando con tus Tarjetas de Crédito Santander LATAM Pass.Válido en www.tefalstore.cl y tiendas físicas.No es acumula,restaurante
santander_tefal-10,Santander,Tarjetas Santander,Tefal,0.0,otro,Beneficio exclusivo,todos,,,,,,,,,0,0,,False,True,2026-08-20T13:37:43.646884,https://banco.santander.cl/beneficios/promociones/tefal-10,https://banco.santander.cl/uploads/000/046/227/cbe08310-8e32-4710-9097-7ec086603d57/C460x309/Logo_Tefal.png,,,True,,¡Encuentra lo mejor para tu cocina aquí!Recuerda que:Exclusivo pagando con tus Tarjetas de Crédito Santander LATAM Pass.Válido en www.tefalstore.cl y tiendas físicas.No es acumulable con otras promoci,restaurante
santander_mit-burger,Santander,Tarjetas Santander,MIT Burger,0.0,otro,Beneficio exclusivo,todos,,,,,,,,,0,0,,False,True,2026-08-20T13:37:43.647341,https://banco.santander.cl/beneficios/promociones/mit-burger,https://banco.santander.cl/uploads/000/060/724/72ccabff-a748-4dc0-87af-da49000205a8/C460x309/Untitled_design_74_.png,,,True,,"Las más ricas hamburguesas smash Recuerda que:Exclusivo pagando con tus Tarjetas de Crédito Santander.Válido para consumo en local.Direcciones: - Alonso de Cordova 5320, Las Condes- Mall Sport: Avenid",restaurante
santander_depuramadre,Santander,Tarjetas Santander,De Pura Madre,0.0,otro,Beneficio exclusivo,todos,,,,,,,,,0,0,,False,True,2026-08-20T13:37:43.647543,https://banco.santander.cl/beneficios/promociones/depuramadre,https://banco.santander.cl/uploads/000/047/034/be9694f1-4828-47f9-990a-f4cde77796a1/C460x309/Logo_DePuraMadre2.jpg,,,True,,¡Las mejores pizzas y pan de masa madre!Recuerda que:Exclusivo con tus Tarjetas de Crédito Santander.Válido presencial en Vitacura 5321No acumulable a otras promociones.Pide tu descuento al momento de,restaurante
santander_majka,Santander,Tarjetas Santander,Majka,0.0,otro,Beneficio exclusivo,todos,,,,,,,,,0,0,,False,True,2026-08-20T13:37:43.647748,https://banco.santander.cl/beneficios/promociones/majka,https://banco.santander.cl/uploads/000/059/715/3b231c91-ad52-4dac-bbf8-21e494cb8e38/C460x309/logo_majka_1.png,,,True,,"Cocina fusión y de autorRecuerda que:Exclusivo con tus Tarjetas de Crédito Santander.Válido en localPrincipe de Gales 7102, La ReinaNo acumulable con otras promociones.Descuento máximo por pedido de $",restaurante
santander_streat-burger,Santander,Tarjetas Santander,Streat Burger,0.0,otro,Beneficio exclusivo,todos,,,,,,,,,0,0,,False,True,2026-08-20T13:37:43.648184,https://banco.santander.cl/beneficios/promociones/streat-burger,https://banco.santander.cl/uploads/000/055/771/4f46a1b8-7841-4684-9b19-3c7e20b80a45/C460x309/Logo_StreatBurger.png,,,True,,Streat Makes You HappyRecuerda que:Exclusivo con tus Tarjetas de Crédito Santander.Válido en locales presenciales y en delivery a través de PedidosYaVálido en locales Santiago y Carretera.Válido dos c,restaurante
santander_sushi-nikkei-17,Santander,Tarjetas Santander,Sushi Nikkei 17,0.0,otro,Beneficio exclusivo,todos,,,,,,,,,0,0,,False,True,2026-08-20T13:37:43.648387,https://banco.santander.cl/beneficios/promociones/sushi-nikkei-17,https://banco.santander.cl/uploads/000/053/330/96285d92-68d5-49c7-b2c5-90c01916fe19/C460x309/Logo_SushiNikkei17.png,,,True,,"Mejores restaurantes de cocina nikkei de Santiago.Recuerda que:Exclusivo con tus Tarjetas de Crédito Santander.Valido en localLos Piñones 011, Providencia.No acumulable a otras promociones.Pide tu des",restaurante
santander_jardin-mallinkrodt,Santander,Tarjetas Santander,Jardín Mallinkrodt,0.0,otro,Beneficio exclusivo,todos,,,,,,,,,0,0,,False,True,2026-08-20T13:37:43.648589,https://banco.santander.cl/beneficios/promociones/jardin-mallinkrodt,https://banco.santander.cl/uploads/000/049/642/f3373b6f-0a40-4008-b2fd-be4bc6173819/C460x309/Logo_JardinMallinkrodt.png,,,True,,"Conoce toda la gastronomía global y coctelería innovadora.Recuerda que:Exclusivo pagando con tus Tarjetas de Crédito Santander.Válido para consumo en local.Av. Vitacura 6780, local F01, Vitacura.Malli",restaurante
santander_social-bar,Santander,Tarjetas Santander,Social Bar,0.0,otro,Beneficio exclusivo,todos,,,,,,,,,0,0,,False,True,2026-08-20T13:37:43.648793,https://banco.santander.cl/beneficios/promociones/social-bar,https://banco.santander.cl/uploads/000/056/393/a5860c42-6881-45ff-a420-898b416ca399/C460x309/Logo_SocialBar.png,,,True,,"Burgas, drinks y el good food mood que ya amas.Recuerda que:Exclusivo con tus Tarjetas de Crédito Santander.Válido para consumo en local Av. Vitacura 3396, Vitacura.No acumulable a otras promociones.P",restaurante
santander_pettra,Santander,Tarjetas Santander,Pettra,0.0,otro,Beneficio exclusivo,todos,,,,,,,,,0,0,,False,True,2026-08-20T13:37:44.194453,https://banco.santander.cl/beneficios/promociones/pettra,https://banco.santander.cl/uploads/000/059/771/d82a6b47-fabd-40ee-99d8-438ee91e452a/C460x309/Pettra1.png,,,True,,"RestauranteRecuerda que:Exclusivo con tus Tarjetas de Crédito WorldMember Limited Santander.Válido en local.Av. Imperial 0561, Puerto Varas.Descuento máximo de $100.000No acumulable con otras promocio",restaurante
santander_siete-olas,Santander,Tarjetas Santander,Siete Olas,0.0,otro,Beneficio exclusivo,todos,,,,,,,,,0,0,,False,True,2026-08-20T13:37:45.258652,https://banco.santander.cl/beneficios/promociones/siete-olas,https://banco.santander.cl/uploads/000/053/859/1e706be5-9221-4cfe-b6ae-c090ca9d5ea5/C460x309/Logo_SieteOlas.png,,,True,,"Las mejores pizzas napolitanas y hamburguesas artesanales.Recuerda que:Exclusivo con tus Nuevas Tarjetas de Crédito Santander American Express.Válido para consumo en local.Av. Cachagua 269, Zapallar.T",restaurante
santander_sumoku,Santander,Tarjetas Santander,Sumoku,0.0,otro,Beneficio exclusivo,todos,,,,,,,,,0,0,,False,True,2026-08-20T13:37:45.258860,https://banco.santander.cl/beneficios/promociones/sumoku,https://banco.santander.cl/uploads/000/048/414/64db5b2f-91b5-4750-9167-17ee7719a3b0/C460x309/Logo_Sumoku.png,,,True,,Comida del mar que garantiza un viaje entre clásicos sabores japoneses con notas sofisticadas de alta cocina.Recuerda que:Exclusivo con tus Tarjetas de Crédito Santander American ExpressVálido para co,restaurante
santander_punta-del-sol,Santander,Tarjetas Santander,Punta del Sol,0.0,otro,Beneficio exclusivo,todos,,,,,,,,,0,0,,False,True,2026-08-20T13:37:45.259078,https://banco.santander.cl/beneficios/promociones/punta-del-sol,https://banco.santander.cl/uploads/000/060/304/98522d58-d210-431f-a35e-863a169820bd/C460x309/Logo_Punta_del_Sol.PNG,,,True,,"Cocina del mar Recuerda que:Exclusivo con tus Tarjetas de Crédito Santander American Express.Válido para consumo en local.Av. del Mar 2730, MaitencilloTope de descuento de $50.000.No acumulable a otra",restaurante
santander_naoki-2,Santander,Tarjetas Santander,Naoki,0.0,otro,Beneficio exclusivo,todos,,,,,,,,,0,0,,False,True,2026-08-20T13:37:45.259296,https://banco.santander.cl/beneficios/promociones/naoki-2,https://banco.santander.cl/uploads/000/047/006/23276d5c-ef01-40b6-91d5-e73104a76215/C460x309/Logo_Naoki.jpg,,,True,,Sabores y técnicas japonesas se combinan con elementos locales de la costa chilena para crear una experiencia gastronómica únicaRecuerda que:Exclusivo con tus Tarjetas de Crédito Santander American Ex,restaurante
santander_vina-vik,Santander,Tarjetas Santander,VIÑA VIK,20.0,porcentaje,20% dcto.,todos,,,,,,,,,0,0,,False,True,2026-08-20T13:37:45.259498,https://banco.santander.cl/beneficios/promociones/vina-vik,https://banco.santander.cl/uploads/000/060/344/9b6762f8-3686-49cf-ad45-5980a1619cc1/C460x309/Logo_VIK.png,,,True,,"Hasta 20% de dcto. en restaurantes, hotel y vinos de Viña VIKRecuerda que:Restaurantes Pavilion y VIK Zero: Exclusivo con tus Tarjetas de Crédito Santander LATAM Pass VISA.20 % de dcto. en restauran",restaurante
santander_maillard,Santander,Tarjetas Santander,Maillard,0.0,otro,Beneficio exclusivo,todos,,,,,,,,,0,0,,False,True,2026-08-20T13:37:45.259707,https://banco.santander.cl/beneficios/promociones/maillard,https://banco.santander.cl/uploads/000/051/425/01e8bc8b-6f94-481b-a5e0-cfe1b32f18e1/C460x309/Logo_Maillard-01.png,,,True,,"Bar de carnes y cocteles del autorRecuerda:Exclusivo con tus Tarjetas de Crédito WorldMember Limited Santander LATAM Pass.Válido para consumo en local.Nueva Costanera 3802, VitacuraTope de descuento d",restaurante
consorcio_edff165c-602a-46ca-baef-1997280d8e6e,Banco Consorcio,Tarjetas Consorcio,YMA,50.0,cashback,50% devolución,todos,,,,30-Sep-2026,"Roof, Nivel 4",,,,0,40000,"Beneficio válido hasta el 30/09/2026 para Tarjeta de Crédito, pagando con tus Tarjetas Banco Consorcio. Tope de devolución mensual por cliente de $40.000 por todo el periodo de la pr",False,True,2026-08-20T13:37:45.709421,https://sitio.consorcio.cl/beneficios,https://consorcio.cdn.modyo.com/uploads/e383c1f2-1e87-4138-8dcd-11f998b110d8/original/prod_YMA-image-tab-beneficios-item-card-nuevo-cambio-marca.webp,,,True,,Restaurante Peruano,restaurante
consorcio_ff7d2f8b-0c57-48cb-95fd-a030a006990a,Banco Consorcio,Tarjetas Consorcio,Cosenza,50.0,cashback,50% devolución,todos,,,,30-Sep-2026,"Roof, Nivel 4",,,,0,40000,"Beneficio válido hasta el 30/09/2026 para Tarjeta de Crédito, pagando con tus Tarjetas Banco Consorcio. Tope de devolución mensual por cliente de $40.000 por todo el periodo de la pr",False,True,2026-08-20T13:37:45.709453,https://sitio.consorcio.cl/beneficios,https://consorcio.cdn.modyo.com/uploads/50e68f2c-2df0-40ba-9b70-36922e799cac/original/prod_casenza-image-tab-beneficios-item-card-nuevo-cambio-marca.webp,,,True,,Pizza y Birreria,restaurante
consorcio_4faf6a81-1f92-47ed-a4c1-31384992ecde,Banco Consorcio,Tarjetas Consorcio,Carmine,50.0,cashback,50% devolución,todos,,,,30-Sep-2026,"Roof, Nivel 4",,,,0,40000,"Beneficio válido hasta el 30/09/2026 para Tarjeta de Crédito, pagando con tus Tarjetas Banco Consorcio. Tope de devolución mensual por cliente de $40.000 por todo el periodo de la pr",False,True,2026-08-20T13:37:45.709469,https://sitio.consorcio.cl/beneficios,https://consorcio.cdn.modyo.com/uploads/addcde05-5c1d-4f20-b216-e355ea288e2d/original/prod_carmine-image-tab-beneficios-item-card-nuevo-cambio-marca.webp,,,True,,Cocina Italiana,restaurante
consorcio_638870e4-1700-4195-8020-be826c1d95cd,Banco Consorcio,Tarjetas Consorcio,Millefleur,50.0,cashback,50% devolución,todos,,,,30-Sep-2026,Nivel 1,,,,0,40000,"Beneficio válido hasta el 30/09/2026 para Tarjeta de Crédito, pagando con tus Tarjetas Banco Consorcio. Tope de devolución mensual por cliente de $40.000 por todo el periodo de la pr",False,True,2026-08-20T13:37:45.709483,https://sitio.consorcio.cl/beneficios,https://consorcio.cdn.modyo.com/uploads/62810426-d489-4eb3-a41a-6b8dad474615/original/prod_MILEFLEUR-image-tab-beneficios-item-card-nuevo-cambio-marca.webp,,,True,,Café Bistró,restaurante
consorcio_d8e860db-1120-41f5-a94c-5c8055441d2b,Banco Consorcio,Tarjetas Consorcio,La Sagrada,50.0,cashback,50% devolución,todos,,,,30-Sep-2026,"Roof, Nivel 4",,,,0,40000,"Beneficio válido hasta el 30/09/2026 para Tarjeta de Crédito, pagando con tus Tarjetas Banco Consorcio. Tope de devolución mensual por cliente de $40.000 por todo el periodo de la pr",False,True,2026-08-20T13:37:45.709605,https://sitio.consorcio.cl/beneficios,https://consorcio.cdn.modyo.com/uploads/c2f8cc1a-95c4-4623-b1df-f1fc56abe543/original/LaSagrada246x130px_S_Publico.webp,,,True,,Cocina Mexicana,restaurante
consorcio_aa8fd1a5-ab92-4486-bd84-e5a8d3b36c53,Banco Consorcio,Tarjetas Consorcio,MIT Burger,50.0,cashback,50% devolución,todos,,,,30-Sep-2026,Terraza Calle O'Brien,,,,0,40000,"Beneficio válido hasta el 30/09/2026 para Tarjeta de Crédito, pagando con tus Tarjetas Banco Consorcio. Tope de devolución mensual por cliente de $40.000 por todo el periodo de la pr",False,True,2026-08-20T13:37:45.709621,https://sitio.consorcio.cl/beneficios,https://consorcio.cdn.modyo.com/uploads/de2b2558-c234-49d4-9513-6a9a304111f8/original/prod_mitburger-image-tab-beneficios-item-card-nuevo-cambio-marca.webp,,,True,,Hamburguesas,restaurante
security_2d756f17-c4ab-42d2-bec0-19a84fe3985c,Banco Security,Black One y Black,Capogrossi,40.0,porcentaje,40% dcto.,jueves,,,01-Ago-2026,31-Ago-2026,Metropolitana,,Vitacura,,0,0,,False,True,2026-08-20T13:37:47.959933,https://personas.bancosecurity.cl/beneficios/gourmet/capogrossi,,,"Alonso de Córdova 4225, Vitacura.",True,,,restaurante
security_564cf7f6-9a04-4111-98ea-a3629326eb0c,Banco Security,Black One y Black,Cambalache,40.0,porcentaje,40% dcto.,miercoles,,,01-Ago-2026,31-Ago-2026,Puerto Varas.,,,,0,0,,False,True,2026-08-20T13:37:47.959968,https://personas.bancosecurity.cl/beneficios/gourmet/cambalache,,,"Av. Vicente Pérez Rosales 1589, Puerto Varas.",True,,,restaurante
security_775d1488-8990-4c3c-bbec-da604a971307,Banco Security,Black One y Black,New City,40.0,porcentaje,40% dcto.,jueves,,,01-Ago-2026,31-Ago-2026,Coquimbo,,,,0,0,,False,True,2026-08-20T13:37:47.959983,https://personas.bancosecurity.cl/beneficios/gourmet/new-city,,,"Avenida El Santo N°1660, La Serena.",True,,,restaurante
security_12c00b5f-cd13-49e9-8b20-a9ab3bb2ec29,Banco Security,Black One y Black,Divino Pecado,40.0,porcentaje,40% dcto.,jueves,,,01-Ago-2026,31-Ago-2026,Valparaíso,,,,0,0,,False,True,2026-08-20T13:37:47.960000,https://personas.bancosecurity.cl/beneficios/gourmet/divino-pecado,,,"San Martin 180, Viña del mar. | Las Agatas 300 Reñaca, Viña del mar.",True,,,restaurante
security_142a4c49-d4a7-4dbb-a64c-20b62c1af16c,Banco Security,Black One,Sabor y Aroma,50.0,porcentaje,50% dcto.,domingo,,,01-Ago-2026,31-Ago-2026,Metropolitana,,Lo Barnechea,,0,0,,False,True,2026-08-20T13:37:47.960018,https://personas.bancosecurity.cl/beneficios/gourmet/sabor-y-aroma-0,,,"Raúl Labbé 12559, Lo Barnechea.",True,,,restaurante
security_602c42c2-7f75-476a-a0be-d8d36de0b06a,Banco Security,Black One y Black,Cascade Bistró,40.0,porcentaje,40% dcto.,miercoles,,,01-Ago-2026,31-Ago-2026,Metropolitana,,Vitacura,,0,0,,False,True,2026-08-20T13:37:47.960030,https://personas.bancosecurity.cl/beneficios/gourmet/cascade-bistro-0,,,"Av. José María Escrivá de Balaguer N°6400, Vitacura.",True,,,restaurante
security_92da3b9a-1224-45e8-80a1-1562f98db376,Banco Security,Black One y Black,La Plâce,40.0,porcentaje,40% dcto.,sabado,,,01-Jun-2026,31-Ago-2026,Metropolitana,,Vitacura,,0,0,,False,True,2026-08-20T13:37:47.960040,https://personas.bancosecurity.cl/beneficios/gourmet/la-place,,,"Av. Santa María Manquehue 6750, local 20, Vitacura.",True,,,restaurante
security_ad6e0d87-1528-4fd0-8b6f-97e4845a0d0c,Banco Security,Black One y Black,Caoba Bar - Banca Joven,40.0,porcentaje,40% dcto.,martes,,,01-Abr-2026,31-Ago-2026,Metropolitana,,Vitacura,,0,0,,False,True,2026-08-20T13:37:47.960050,https://personas.bancosecurity.cl/beneficios/gourmet/caoba-bar-banca-joven,,,"Alonso de Córdova 4156, Vitacura.",True,,,restaurante
security_ff27db53-cdeb-4bca-8dfc-fdf6ef1cfa33,Banco Security,Black One y Black,ZIA Bistró & Café,40.0,porcentaje,40% dcto.,todos,,,01-Ene-2026,31-Dic-2026,Metropolitana,,,,0,0,,False,True,2026-08-20T13:37:47.960061,https://personas.bancosecurity.cl/beneficios/gourmet/zia-bistro-cafe,,,,True,,,restaurante
security_98805c46-5280-4853-9d50-88299716fe1b,Banco Security,Black One y Black,La Santoría,40.0,porcentaje,40% dcto.,"domingo, lunes, martes, miercoles",,,01-Dic-2025,31-Dic-2026,Metropolitana,,Providencia,,0,0,,False,True,2026-08-20T13:37:47.960085,https://personas.bancosecurity.cl/beneficios/gourmet/la-santoria,,,"Manuel Montt 422, Providencia.",True,,,restaurante
security_a42c4fb3-82ee-4d69-add4-127b6605a2c4,Banco Security,Black One y Black,Anna Bistró,40.0,porcentaje,40% dcto.,jueves,,,01-Ago-2026,31-Ago-2026,Los Ángeles.,,,,0,0,,False,True,2026-08-20T13:37:47.960096,https://personas.bancosecurity.cl/beneficios/gourmet/anna-bistro,,,"Gabriela Mistral 1268, Local 5, Los Ángeles.",True,,,restaurante
security_6c11fcb5-f415-47bb-a200-2324955f880f,Banco Security,Black One y Black,Gallardía,40.0,porcentaje,40% dcto.,jueves,,,01-Ago-2026,31-Ago-2026,Osorno.,,,,0,0,,False,True,2026-08-20T13:37:47.960104,https://personas.bancosecurity.cl/beneficios/gourmet/gallardia,,,"O´Higgins 1236, Osorno.",True,,,restaurante
security_1587ac6e-b7ba-4f28-b031-e9f985cb706a,Banco Security,Black One y Black,Ciao Amore,40.0,porcentaje,40% dcto.,sabado,,,01-Ene-2026,31-Ago-2026,Metropolitana,,Las Condes,,0,0,,False,True,2026-08-20T13:37:47.960112,https://personas.bancosecurity.cl/beneficios/gourmet/ciao-amore,,,"MUT, piso 1, Las Condes. | Las Tranqueras 1020, Vitacura.",True,,,restaurante
security_8aa12bc5-4a6f-4f2a-8427-a4699de3eadb,Banco Security,Black One y Black,DAI!,40.0,porcentaje,40% dcto.,miercoles,,,01-Ene-2026,31-Ago-2026,Metropolitana,,Providencia,,0,0,,False,True,2026-08-20T13:37:47.960123,https://personas.bancosecurity.cl/beneficios/gourmet/dai,,,"Suecia 210 Local 3, Providencia.",True,,,restaurante
security_3defb1b4-4022-4111-9c38-bbfd83ad78f9,Banco Security,Black One y Black,Poga,40.0,porcentaje,40% dcto.,viernes,,,01-Ene-2026,31-Ago-2026,Metropolitana,,Vitacura,,0,0,,False,True,2026-08-20T13:37:47.960131,https://personas.bancosecurity.cl/beneficios/gourmet/poga,,,"Alonso de Córdova 2467, local B, Vitacura.",True,,,restaurante
security_18f1067a-b2bc-43e6-817d-714367d55b9f,Banco Security,Black One y Black,La Dulcería Apoquindo,40.0,porcentaje,40% dcto.,viernes,,,01-Ene-2026,31-Ago-2026,Metropolitana,,Las Condes,,0,0,,False,True,2026-08-20T13:37:47.960143,https://personas.bancosecurity.cl/beneficios/gourmet/la-dulceria-apoquindo,,,"Gilberto Fuenzalida 151, local 39, Las Condes. | El Rodeo 12850, local 69, La Dehesa. | Av. Consistorial 3349, Peñalolén. | Av. Blanca Estela 2095, Concón.",True,,,restaurante
security_c3b96e9e-ef1a-460c-ad42-519d6a0af620,Banco Security,Black One y Black,Dulces Issa,40.0,porcentaje,40% dcto.,martes,,,01-Ene-2026,31-Ago-2026,Metropolitana,,Las Condes,,0,0,,False,True,2026-08-20T13:37:47.960150,https://personas.bancosecurity.cl/beneficios/gourmet/dulces-issa,,,"Av. Las Condes 7026, local 1, Las Condes.",True,,,restaurante
security_4dd3345c-e2b3-4b42-974f-d311ba40a6af,Banco Security,Black One y Black,Tere Young,40.0,porcentaje,40% dcto.,jueves,,,01-Ene-2026,31-Ago-2026,Metropolitana,,Vitacura,,0,0,,False,True,2026-08-20T13:37:47.960159,https://personas.bancosecurity.cl/beneficios/gourmet/tere-young,,,"El Gabino 13498, Lo Barnechea. | Nueva Costanera 3331, Vitacura.",True,,,restaurante
security_1acbd737-cd17-44f7-bd4b-1d1b3e43d328,Banco Security,Black One y Black,Caramel,40.0,porcentaje,40% dcto.,martes,,,01-Ene-2026,31-Ago-2026,Metropolitana,,Las Condes,,0,0,,False,True,2026-08-20T13:37:47.960167,https://personas.bancosecurity.cl/beneficios/gourmet/caramel,,,"Renato Sánchez 4054, Las Condes. | Av. Vitacura 2609, Las Condes.",True,,,restaurante
security_c12ff9fa-3b6e-4bfd-ae46-64688f51ab1c,Banco Security,Black One y Black,Le Vice,40.0,porcentaje,40% dcto.,viernes,,,01-Ene-2026,31-Ago-2026,Metropolitana,,Vitacura,,0,0,,False,True,2026-08-20T13:37:47.960175,https://personas.bancosecurity.cl/beneficios/gourmet/le-vice,,,"Av. Nueva Costanera N°4289, Vitacura. | Casino Monticello, Carr. Panamericana Sur S/N, San Francisco de Mostazal, Mostazal, O'Higgins.",True,,,restaurante
security_6069dffc-43d3-456a-a769-6672e623455b,Banco Security,Black One y Black,Dulcería Frutillar,40.0,porcentaje,40% dcto.,miercoles,,,01-Ene-2026,31-Ago-2026,Metropolitana,,Las Condes,,0,0,,False,True,2026-08-20T13:37:47.960186,https://personas.bancosecurity.cl/beneficios/gourmet/dulceria-frutillar,,,"Julio Philippi Izquierdo, Chicureo. | Av. Cristobal Colón 5300, Las Condes. | Luis Carrera 1330, Vitacura. | Av. Tabancura 1336, Vitacura.",True,,,restaurante
security_79fdc3ff-5ba8-4640-9d5a-3794c603ee54,Banco Security,Black One y Black,Living Café,40.0,porcentaje,40% dcto.,viernes,,,01-Jul-2026,31-Ago-2026,Metropolitana,,Las Condes,,0,0,,False,True,2026-08-20T13:37:47.960194,https://personas.bancosecurity.cl/beneficios/gourmet/living-cafe,,,"La Gloria 47, Las Condes.",True,,,restaurante
security_2a236958-a39f-4860-b03f-b7436722820d,Banco Security,Black One y Black,DiLusso Gelato,40.0,porcentaje,40% dcto.,domingo,,,01-Ene-2026,31-Ago-2026,Metropolitana,,Vitacura,,0,0,,False,True,2026-08-20T13:37:47.960204,https://personas.bancosecurity.cl/beneficios/gourmet/dilusso-gelato,,,"Las Tranqueras 1380, local 3, Vitacura.",True,,,restaurante
security_af7fabf8-9707-45cc-a529-c8f968f4a299,Banco Security,Black One y Black,El Taller,40.0,porcentaje,40% dcto.,jueves,,,01-Ene-2026,31-Ago-2026,Metropolitana,,Providencia,,0,0,,False,True,2026-08-20T13:37:47.960214,https://personas.bancosecurity.cl/beneficios/gourmet/el-taller,,,"MUT, Las Condes. | Av. La Dehesa 1570, Lo Barnechea. | Av. Providencia 1467, Providencia.",True,,,restaurante
security_3d4fe747-c31f-48fd-ab9e-760d5282a7b1,Banco Security,Black One y Black,Street Wrap - Justo,50.0,porcentaje,50% dcto.,viernes,,,01-Jun-2026,31-Ago-2026,streetwrap.cl,,,,0,0,,False,True,2026-08-20T13:37:47.960223,https://personas.bancosecurity.cl/beneficios/gourmet/street-wrap-justo,,,streetwrap.cl,True,,,restaurante
security_d0aef2b5-c193-4966-b8e8-c056b8ba8d92,Banco Security,Black One y Black,Adelina Pastelería,40.0,porcentaje,40% dcto.,lunes,,,01-Feb-2026,31-Ago-2026,Metropolitana,,Vitacura,,0,0,,False,True,2026-08-20T13:37:47.960231,https://personas.bancosecurity.cl/beneficios/gourmet/adelina-pasteleria,,,"Luis Pasteur 5515, local 10, Vitacura.",True,,,restaurante
security_1373a116-bb88-4158-a845-39dfdb151afd,Banco Security,Black One y Black,AM Dulcería,40.0,porcentaje,40% dcto.,jueves,,,01-Feb-2026,31-Ago-2026,Metropolitana,,Vitacura,,0,0,,False,True,2026-08-20T13:37:47.960239,https://personas.bancosecurity.cl/beneficios/gourmet/am-dulceria,,,"Alonso de Córdova 3772, Vitacura.",True,,,restaurante
security_d8ffba62-28d9-4c8f-ba22-634f680f5f5c,Banco Security,Black One y Black,Cakao,40.0,porcentaje,40% dcto.,lunes,,,06-Abr-2026,31-Ago-2026,Metropolitana,,Providencia,,0,0,,False,True,2026-08-20T13:37:47.960246,https://personas.bancosecurity.cl/beneficios/gourmet/cakao,,,"Francisco de Aguirre 4753, Vitacura. | Santa Blanca 1969, Lo Barnechea. | Huelén 166, Providencia.",True,,,restaurante
security_44f170d4-6175-4d7d-94e7-943c259b7a00,Banco Security,Black One y Black,Pastamore,40.0,porcentaje,40% dcto.,lunes,,,01-Ago-2026,31-Ago-2026,Metropolitana,,Vitacura,,0,0,,False,True,2026-08-20T13:37:47.960253,https://personas.bancosecurity.cl/beneficios/gourmet/pastamore,,,"Las Tranqueras N° 1471, Vitacura.",True,,,restaurante
security_06fbc748-d752-4a4b-acdb-ea8822a2f18d,Banco Security,Black One y Black,Sushi Ryge - Justo,50.0,porcentaje,50% dcto.,viernes,,,01-Jun-2026,31-Ago-2026,ryge.cl,,,,0,0,,False,True,2026-08-20T13:37:47.960262,https://personas.bancosecurity.cl/beneficios/gourmet/sushi-ryge-justo,,,ryge.cl,True,,,restaurante
security_30a44f66-b4c6-4285-8490-4b9dbe1e1c18,Banco Security,Black One y Black,Barquillería,40.0,porcentaje,40% dcto.,lunes,,,01-Feb-2026,31-Ago-2026,Metropolitana,,Providencia,,0,0,,False,True,2026-08-20T13:37:47.960270,https://personas.bancosecurity.cl/beneficios/gourmet/barquilleria,,,"Avenida Vitacura 3591, Vitacura. | Camino Los Trapenses 2140, La Dehesa. | Aguas Claras 1700, La Reina. | Avenida Consistorial 3349, Peñalolén. | Avenida Andrés Bello 2425, Nivel 2, Providencia. | Avenida Salvador 1822, Ñuñoa.",True,,,restaurante
security_1253e267-f9de-44a2-8eae-e6b3bd0b75fb,Banco Security,Black One y Black,Barbazul - Banca Joven,40.0,porcentaje,40% dcto.,jueves,,,01-Mar-2026,31-Ago-2026,Metropolitana,,Las Condes,,0,0,,False,True,2026-08-20T13:37:47.960280,https://personas.bancosecurity.cl/beneficios/gourmet/barbazul-banca-joven,,,"Av. Apoquindo N°7741, Las Condes. | Av. Apoquindo N°7581, Las Condes. | Av. Vitacura 9275, 7630000 Vitacura.",True,,,restaurante
security_fcfee52f-4c3d-4010-b84a-02fee4d95d78,Banco Security,Black One y Black,Rappi,30.0,porcentaje,30% dcto.,"lunes, miercoles, viernes, domingo",,,01-Mar-2026,31-Ago-2026,Rappi app.,,,,0,0,,False,True,2026-08-20T13:37:47.960290,https://personas.bancosecurity.cl/beneficios/gourmet/rappi-1,,,App Rappi.,True,,,restaurante
security_c968f1dd-fd12-470f-b8a2-fa432ee19014,Banco Security,Black One y Black,Aurora,40.0,porcentaje,40% dcto.,jueves,,,01-Ago-2026,31-Ago-2026,Antofagasta,,,,0,0,,False,True,2026-08-20T13:37:47.960299,https://personas.bancosecurity.cl/beneficios/gourmet/aurora,,,"Av. República de Croacia 0576, Antofagasta.",True,,,restaurante
security_65af05e8-7663-4d58-9ab5-962819fa7190,Banco Security,Black One y Black,Kobo - Justo,50.0,porcentaje,50% dcto.,viernes,,,01-Jun-2026,31-Ago-2026,kobo.cl,,,,0,0,,False,True,2026-08-20T13:37:47.960307,https://personas.bancosecurity.cl/beneficios/gourmet/kobo-justo,,,kobo.cl,True,,,restaurante
security_a0fb3e3a-cc9a-4475-ba12-299d4d80b6db,Banco Security,Black One y Black,The Elephant Coffee,40.0,porcentaje,40% dcto.,sabado,,,01-Jul-2026,31-Ago-2026,Metropolitana,,Las Condes,,0,0,,False,True,2026-08-20T13:37:47.960315,https://personas.bancosecurity.cl/beneficios/gourmet/elephant-coffee,,,"Av. El Bosque Central 92, local 2, Las Condes.",True,,,restaurante
security_5df13d20-deeb-478d-9859-beb42f148399,Banco Security,Black One y Black,Le Grenier,40.0,porcentaje,40% dcto.,jueves,,,01-Abr-2026,31-Ago-2026,Valparaíso,,,,0,0,,False,True,2026-08-20T13:37:47.960322,https://personas.bancosecurity.cl/beneficios/gourmet/le-grenier,,,"Av. Borgoño 15460, Viña del Mar.",True,,,restaurante
security_83f19763-15d2-4601-b678-1ef9ff8582c1,Banco Security,Black One y Black,Bâtard,40.0,porcentaje,40% dcto.,martes,,,01-Abr-2026,31-Ago-2026,Metropolitana,,Providencia,,0,0,,False,True,2026-08-20T13:37:47.960330,https://personas.bancosecurity.cl/beneficios/gourmet/batard,,,"Av. Tobalaba 1771, Las Condes. | Av. Hernando de Magallanes 970, Providencia.",True,,,restaurante
security_60f6347a-4e40-4266-8281-ad83f93233a8,Banco Security,Black One y Black,Café Lo Matta,40.0,porcentaje,40% dcto.,domingo,,,01-Abr-2026,31-Ago-2026,Metropolitana,,Vitacura,,0,0,,False,True,2026-08-20T13:37:47.960340,https://personas.bancosecurity.cl/beneficios/gourmet/cafe-lo-matta,,,"Av. Vitacura 9281, Vitacura.",True,,,restaurante
security_d0e951f3-3c31-403e-b14f-133fa0d8ee15,Banco Security,Black One y Black,Kevin and Bacon,40.0,porcentaje,40% dcto.,viernes,,,01-Abr-2026,31-Ago-2026,Metropolitana,,Las Condes,,0,0,,False,True,2026-08-20T13:37:47.960350,https://personas.bancosecurity.cl/beneficios/gourmet/kevin-and-bacon,,,"Parque Arauco Edificio Oriente, 4to piso sector terraza, Las Condes.",True,,,restaurante
security_c1182c31-2e91-430a-be94-cef59890c3ca,Banco Security,Black One y Black,Tanaka - Mastercard,0.0,otro,Menú Priceless,todos,,,01-Abr-2026,31-Dic-2026,Metropolitana,,Vitacura,,0,0,,False,True,2026-08-20T13:37:47.960360,https://personas.bancosecurity.cl/beneficios/gourmet/tanaka-mastercard,,,"Av. El Rodeo 13032, Santiago, Lo Barnechea. | Alonso de Córdova 4248, Vitacura.",True,,,restaurante
security_85fbe3b8-4dcc-4a9c-923a-cfb69ceeb326,Banco Security,Black One y Black,Capogrossi - Mastercard,0.0,otro,Menú Priceless,todos,,,01-Abr-2026,31-Dic-2026,Metropolitana,,Vitacura,,0,0,,False,True,2026-08-20T13:37:47.960368,https://personas.bancosecurity.cl/beneficios/gourmet/capogrossi-mastercard,,,"Alonso de Córdova 4225, Vitacura.",True,,,restaurante
security_17356e99-b1b4-4ee1-b3d2-d991641eda13,Banco Security,Black One y Black,Demencia - Mastercard,0.0,otro,Menú Priceless,todos,,,01-Abr-2026,31-Dic-2026,Metropolitana,,Vitacura,,0,0,,False,True,2026-08-20T13:37:47.960375,https://personas.bancosecurity.cl/beneficios/gourmet/demencia-mastercard,,,"Av. Vitacura 3520, Vitacura.",True,,,restaurante
security_d3b96185-25c8-454c-8dcb-21c72b31feb1,Banco Security,Black One y Black,Rappi,30.0,porcentaje,30% dcto.,todos,,,01-Ago-2026,31-Ago-2026,Rappi app.,,,,0,0,,False,True,2026-08-20T13:37:47.960383,https://personas.bancosecurity.cl/beneficios/gourmet/rappi-0,,,,True,,,restaurante
security_53820a55-93ec-4ee2-9317-60423d57e899,Banco Security,Black One y Black,PedidosYa,30.0,porcentaje,30% dcto.,todos,,,01-Ago-2026,31-Ago-2026,PedidosYa app.,,,,0,0,,False,True,2026-08-20T13:37:47.960390,https://personas.bancosecurity.cl/beneficios/gourmet/pedidosya-0,,,,True,,,restaurante
security_1a017bb0-dbaf-46c1-8c3c-903da9e91ce9,Banco Security,Black One y Black,De Lechón a Salmón,40.0,porcentaje,40% dcto.,jueves,,,01-Ago-2026,31-Ago-2026,Araucanía,,,,0,0,,False,True,2026-08-20T13:37:47.960399,https://personas.bancosecurity.cl/beneficios/gourmet/de-lechon-salmon,,,"Hochstetter 1019, Temuco.",True,,,restaurante
security_10ffac0b-e07c-4b98-b7ee-3a56bf914189,Banco Security,Black One y Black,Gusto Restobar,40.0,porcentaje,40% dcto.,miercoles,,,01-May-2026,31-Ago-2026,Biobío,,,,0,0,,False,True,2026-08-20T13:37:47.960406,https://personas.bancosecurity.cl/beneficios/gourmet/gusto-restobar,,,"Rengo 356, Concepción.",True,,,restaurante
security_54d9942f-8dce-4f9f-b7cf-103981e040a6,Banco Security,Black One y Black,La Esquina Napoletana,40.0,porcentaje,40% dcto.,jueves,,,01-Ago-2026,31-Ago-2026,O'Higgins,,,,0,0,,False,True,2026-08-20T13:37:47.960415,https://personas.bancosecurity.cl/beneficios/gourmet/la-esquina-napoletana,,,"Av. Cachapoal 310, Rancagua.",True,,,restaurante
security_f23bcb8d-6193-4d62-8149-f771b9b70734,Banco Security,Black One y Black,Local Burger,40.0,porcentaje,40% dcto.,viernes,,,01-May-2026,31-Ago-2026,Metropolitana,,Providencia,,0,0,,False,True,2026-08-20T13:37:47.960422,https://personas.bancosecurity.cl/beneficios/gourmet/local-burger,,,"Los Militares 5934, Las Condes. | Irarrázaval 5350, Ñuñoa. | Providencia 1403, Providencia.",True,,,restaurante
security_aa0318de-b230-4afa-9d4d-5bbffeb11ff0,Banco Security,Black One y Black,Hotel José Nogueira,40.0,porcentaje,40% dcto.,jueves,,,01-Ago-2026,31-Ago-2026,Magallanes,,,,0,0,,False,True,2026-08-20T13:37:47.960433,https://personas.bancosecurity.cl/beneficios/gourmet/hotel-jose-nogueira,,,"Bories 967, Punta Arenas.",True,,,restaurante
security_7552d442-1828-4064-b54a-9fae1883b8e6,Banco Security,Black One y Black,Dulcería Praliné,40.0,porcentaje,40% dcto.,miercoles,,,01-Jun-2026,31-Ago-2026,Metropolitana,,Providencia,,0,0,,False,True,2026-08-20T13:37:48.150952,https://personas.bancosecurity.cl/beneficios/gourmet/dulceria-praline,,,"Av. Padre Hurtado Central 1531, local 6, Las Condes. | California 2312, Providencia. | Santa Blanca 1969, local 14, Lo Barnechea. | Los Presidentes 8220, local 12, Peñalolén.",True,,,restaurante
security_07984eb8-21ce-4fc2-843e-baf57be872bd,Banco Security,Black One y Black,La Campiña - Mastercard,0.0,otro,Menú Priceless,todos,,,01-Jun-2026,31-Dic-2026,Metropolitana,,Lo Barnechea,,0,0,,False,True,2026-08-20T13:37:48.150981,https://personas.bancosecurity.cl/beneficios/gourmet/la-campina-mastercard,,,"Av. El Rodeo 13165, Lo Barnechea.",True,,,restaurante
security_840b6046-25fc-462d-9f82-726ebb6edc30,Banco Security,Black One y Black,La Isla - Mastercard,0.0,otro,Menú Priceless,todos,,,01-Abr-2026,31-Dic-2026,Valparaíso,,,,0,0,,False,True,2026-08-20T13:37:48.150994,https://personas.bancosecurity.cl/beneficios/gourmet/la-isla-mastercard,,,"Av. Borgoño 16455, Reñaca.",True,,,restaurante
security_a26c1ee1-dac0-4983-91c5-cd4a659d534b,Banco Security,Black One y Black,La Punta - Justo,50.0,porcentaje,50% dcto.,viernes,,,01-Jul-2026,31-Ago-2026,delivery.comidaslapunta.cl/pedir,,,,0,0,,False,True,2026-08-20T13:37:48.151005,https://personas.bancosecurity.cl/beneficios/gourmet/la-punta-justo,,,delivery.comidaslapunta.cl/pedir,True,,,restaurante
security_67d38f21-a143-4e36-9d26-8bf07b7aace3,Banco Security,Black One y Black,Terra Açaí,40.0,porcentaje,40% dcto.,miercoles,,,01-Jul-2026,31-Ago-2026,Metropolitana,,Las Condes,,0,0,,False,True,2026-08-20T13:37:48.151015,https://personas.bancosecurity.cl/beneficios/gourmet/terra-acai,,,"Av. Las Condes 7430, local 5, Las Condes.",True,,,restaurante
security_70652c8b-44e6-40ec-8e8d-fc7c98fa28a1,Banco Security,Black One y Black,Domingo's,40.0,porcentaje,40% dcto.,jueves,,,01-Jul-2026,31-Ago-2026,Metropolitana,,Las Condes,,0,0,,False,True,2026-08-20T13:37:48.151023,https://personas.bancosecurity.cl/beneficios/gourmet/domingos,,,"Av. Las Condes 7430, local 5, Las Condes.",True,,,restaurante
security_b4eed5cf-0880-41b6-8327-358e34c6fe21,Banco Security,Black One y Black,T.P.M. - Banca Joven,40.0,porcentaje,40% dcto.,martes,,,01-Jul-2026,31-Ago-2026,Metropolitana,,Providencia,,0,0,,False,True,2026-08-20T13:37:48.151032,https://personas.bancosecurity.cl/beneficios/gourmet/tpm-banca-joven,,,"Av. Las Condes N°7677, Las Condes. | Av. Italia N°1226, Providencia. | Av. Manuel Montt N°412, Providencia. | Av. Tobalaba N°455, Providencia.",True,,,restaurante
security_1d4f9c81-5a48-43b0-9c11-47b4b6353bbb,Banco Security,Black One y Black,Amar Chicureo,40.0,porcentaje,40% dcto.,lunes,,,01-Jul-2026,31-Ago-2026,Metropolitana,,Colina,,0,0,,False,True,2026-08-20T13:37:48.151040,https://personas.bancosecurity.cl/beneficios/gourmet/amar-chicureo,,,"Av. Chicureo 2800, Colina.",True,,,restaurante
security_1182843b-f201-453a-bdaf-3a8cfe8c48a9,Banco Security,Black One y Black,Las Genovesas,40.0,porcentaje,40% dcto.,lunes,,,01-Jul-2026,31-Ago-2026,Metropolitana,,Vitacura,,0,0,,False,True,2026-08-20T13:37:48.151047,https://personas.bancosecurity.cl/beneficios/gourmet/las-genovesas,,,"Las Hualtatas 8842, Vitacura.",True,,,restaurante
security_7d448a23-58f8-40d0-9747-6207d241a72a,Banco Security,Black One y Black,Coccolino,40.0,porcentaje,40% dcto.,jueves,,,01-Jul-2026,31-Ago-2026,Valparaíso,,,,0,0,,False,True,2026-08-20T13:37:48.151055,https://personas.bancosecurity.cl/beneficios/gourmet/coccolino,,,"8 Norte 508, Viña del Mar. | José María Escrivá de Balaguer 861, Concón. | Av. Blanca Estela 1927, Concón. | Av. El Retiro Sur 139, Quilpué.",True,,,restaurante
security_f10ad665-08e1-484b-bf19-bb12c837445f,Banco Security,Black One y Black,Don Doh - Mastercard,0.0,otro,Menú Priceless,todos,,,01-Abr-2026,31-Dic-2026,Metropolitana,,Vitacura,,0,0,,False,True,2026-08-20T13:37:48.151076,https://personas.bancosecurity.cl/beneficios/gourmet/don-doh-mastercard,,,"Av. Nueva Costanera 3969, Vitacura.",True,,,restaurante
security_848f9642-ef8a-4f3e-a89d-780fa7da14f1,Banco Security,Black One y Black,Azotea Matilde - Banca Joven,40.0,porcentaje,40% dcto.,sabado,,,04-Jul-2026,31-Ago-2026,Metropolitana,,Providencia,,0,0,,False,True,2026-08-20T13:37:48.151086,https://personas.bancosecurity.cl/beneficios/gourmet/azotea-matilde-banca-joven,,,"Antonia López de Bello 0118, piso 5 y 6, Providencia.",True,,,restaurante
security_22d20afe-459f-4b64-986c-8d25f17da535,Banco Security,Black One y Black,Dagan - Mastercard,0.0,otro,Menú Priceless,todos,,,01-Abr-2026,31-Dic-2026,Metropolitana,,Vitacura,,0,0,,False,True,2026-08-20T13:37:48.151093,https://personas.bancosecurity.cl/beneficios/gourmet/dagan-mastercard,,,"Nueva Costanera 3750, Vitacura.",True,,,restaurante
security_95a29df9-4ae0-4bb8-a23c-35c32ea6ed3d,Banco Security,Black One y Black,Mastercard - App Copec,0.0,otro,Mastercard - App Copec,"lunes, martes, miercoles, jueves, viernes",,,13-Jul-2026,30-Ago-2026,App Copec,,,,0,0,,False,True,2026-08-20T13:37:48.151104,https://personas.bancosecurity.cl/beneficios/gourmet/mastercard-app-copec,,,App Copec,True,,,restaurante
security_b24109f2-c998-4c69-9758-b8f554a296db,Banco Security,Black One y Black,Shi Nuá,40.0,porcentaje,40% dcto.,martes,,,01-Ago-2026,31-Ago-2026,Metropolitana,,Vitacura,,0,0,,False,True,2026-08-20T13:37:48.151115,https://personas.bancosecurity.cl/beneficios/gourmet/shi-nua,,,"Alonso de Córdova 3102, Vitacura.",True,,,restaurante
security_f820b530-dd21-4b55-a2b9-8d3c0f67a1e1,Banco Security,Black One y Black,La Campiña,40.0,porcentaje,40% dcto.,viernes,,,01-Ago-2026,31-Ago-2026,Metropolitana,,Lo Barnechea,,0,0,,False,True,2026-08-20T13:37:48.151123,https://personas.bancosecurity.cl/beneficios/gourmet/la-campina,,,"Av. El Rodeo 13165, Lo Barnechea.",True,,,restaurante
security_ac0dc192-b441-4044-93fa-1e0a72561cbc,Banco Security,Black One,Santa Brasa,50.0,porcentaje,50% dcto.,sabado,,,01-Ago-2026,31-Ago-2026,Alonso de Córdova y Los Trapenses.,,,,0,0,,False,True,2026-08-20T13:37:48.151131,https://personas.bancosecurity.cl/beneficios/gourmet/santa-brasa,,,"Alonso de Córdova 4260, Vitacura. | Av. José Alcalde Délano 19494, Lo Barnechea.",True,,,restaurante
security_dff6e025-2ed0-4896-8945-c6f74f5cb9d2,Banco Security,Black One y Black,La Hacienda Talca,40.0,porcentaje,40% dcto.,martes,,,01-Ago-2026,31-Ago-2026,Maule,,,,0,0,,False,True,2026-08-20T13:37:48.151140,https://personas.bancosecurity.cl/beneficios/gourmet/la-hacienda-talca,,,"Av. Pehuenche Norte 1143, Las Rastras, Talca.",True,,,restaurante
security_299ca3c0-0b9d-4d3a-9bee-564ec5522273,Banco Security,Black One y Black,La Barra Andalué,40.0,porcentaje,40% dcto.,jueves,,,01-Ago-2026,31-Ago-2026,Biobío,,,,0,0,,False,True,2026-08-20T13:37:48.151148,https://personas.bancosecurity.cl/beneficios/gourmet/la-barra-andalue,,,"Av. Andalue 2295, local 1. 1er piso, Concepción.",True,,,restaurante
security_d4368ba1-f18a-49fd-b4cd-04af9a94c43c,Banco Security,Black One y Black,Ruta 41 - Banca Joven,40.0,porcentaje,40% dcto.,miercoles,,,01-Ago-2026,31-Ago-2026,Metropolitana,,Vitacura,,0,0,,False,True,2026-08-20T13:37:48.151156,https://personas.bancosecurity.cl/beneficios/gourmet/ruta-41-banca-joven,,,"Av. Vitacura 3708, Vitacura.",True,,,restaurante
security_08287b1e-9a44-4ebf-acc2-665cf5518df4,Banco Security,Black One y Black,Chiuso Ristorante,20.0,porcentaje,20% dcto.,martes,,,01-Ago-2026,31-Dic-2026,Metropolitana,,Vitacura,,0,0,,False,True,2026-08-20T13:37:48.151164,https://personas.bancosecurity.cl/beneficios/gourmet/chiuso-ristorante-0,,,"Nueva Costanera 3835, Vitacura.",True,,,restaurante
security_8f44305f-29ea-4da0-bded-599c98c149b4,Banco Security,Black One y Black,Ora Café,40.0,porcentaje,40% dcto.,lunes,,,01-Ago-2026,31-Ago-2026,Metropolitana,,Las Condes,,0,0,,False,True,2026-08-20T13:37:48.151172,https://personas.bancosecurity.cl/beneficios/gourmet/ora-cafe,,,"General Carol Urzúa 6945, Local 4, Las Condes.",True,,,restaurante
security_66d7b034-c9cf-4d17-8255-b6e14d86ebd2,Banco Security,Black One y Black,Streat Burger,0.0,otro,Streat Burger,lunes,,,01-Ago-2026,30-Ago-2026,,,,,0,0,,False,True,2026-08-20T13:37:48.151179,https://personas.bancosecurity.cl/beneficios/gourmet/streat-burger,,,Tiendas Streat Burger,True,,,restaurante
security_8f9b73d8-2f2d-4c5a-80af-9e708b517b00,Banco Security,Black One y Black,Juan Valdez,0.0,otro,Juan Valdez,"martes, jueves",,,01-Ago-2026,30-Ago-2026,,,,,0,0,,False,True,2026-08-20T13:37:48.151187,https://personas.bancosecurity.cl/beneficios/gourmet/juan-valdez,,,Tiendas Juan Valdés,True,,,restaurante
security_9157173d-b172-4f67-b022-b09c91876292,Banco Security,Black One y Black,Pronto Copec,0.0,otro,Pronto Copec,miercoles,,,01-Ago-2026,30-Ago-2026,,,,,0,0,,False,True,2026-08-20T13:37:48.151195,https://personas.bancosecurity.cl/beneficios/gourmet/pronto-copec,,,Tiendas Pronto Copec,True,,,restaurante
security_c11707c4-07df-4a8a-9709-aa94c9da343e,Banco Security,Black One y Black,SBARRO,0.0,otro,SBARRO,viernes,,,01-Ago-2026,30-Ago-2026,,,,,0,0,,False,True,2026-08-20T13:37:48.151202,https://personas.bancosecurity.cl/beneficios/gourmet/sbarro,,,Tiendas SBARRO,True,,,restaurante
security_5e8e75b6-07e7-4dd0-91a2-fdaa8fc6d815,Banco Security,Black One y Black,Mastercard - Claro Arena,0.0,otro,10% dcto.,todos,,,01-Ago-2026,30-Sep-2026,,,,,0,0,,False,True,2026-08-20T13:37:48.151212,https://personas.bancosecurity.cl/beneficios/gourmet/mastercard-claro-arena,,,Claro Arena,True,,,restaurante
security_f86b6d26-72b0-458b-ba3f-5ec9345200f6,Banco Security,Black One,The Mastercard Collection,0.0,otro,The Mastercard Collection,todos,,,11-Ago-2026,31-Dic-2026,,,,,0,0,,False,True,2026-08-20T13:37:48.151221,https://personas.bancosecurity.cl/beneficios/entretencion-y-deportes/mastercard-collection,,,,True,,,restaurante
security_8f5ac448-6d41-4604-9c32-b676a736e21d,Banco Security,Black One y Black,Al Pesto,40.0,porcentaje,40% dcto.,lunes,,,01-Nov-2026,30-Nov-2026,"El Castillito Parcela 1B L30 Sector Los Ingleses, Chicureo.",,,,0,0,,False,True,2026-08-20T13:37:48.379478,https://personas.bancosecurity.cl/beneficios/gourmet/al-pesto,,,"El Castillito Parcela 1B L30 Sector Los Ingleses, Chicureo.",True,,,restaurante
security_181e5322-8273-4bec-8a11-97f41140ec92,Banco Security,Black One y Black,Papa John's - Mastercard,25.0,porcentaje,25% dcto.,domingo,,,04-Ene-2026,27-Dic-2026,,,,,0,0,,False,True,2026-08-20T13:37:48.582509,https://personas.bancosecurity.cl/beneficios/gourmet/papa-johns-mastercard,,,,True,,,restaurante
ripley_pastamore,Banco Ripley,Tarjeta Ripley,Pastamore,40.0,porcentaje,40% dcto.,martes,,,,Todos los sábados de agosto,Metropolitana,,Vitacura,,0,0,,False,True,2026-08-20T13:37:51.035856,https://www.bancoripley.cl/beneficios-y-promociones,https://firebasestorage.googleapis.com/v0/b/banco-ripley-sp-2-0.appspot.com/o/background-pastamore_1782319986476.jpg?alt=media&token=324c4807-239b-4f97-8a35-5a6505567734,https://firebasestorage.googleapis.com/v0/b/banco-ripley-sp-2-0.appspot.com/o/logo-pastamore_1782319986473.jpg?alt=media&token=d16bac38-fc51-4f17-99ee-d9364137b81a,"Las Tranqueras 1471, Vitacura",True,,Italiana,restaurante
ripley_kuntsmann_craftbar,Banco Ripley,Tarjeta Ripley,Kuntsmann CraftBar,40.0,porcentaje,40% dcto.,martes,,,,Todos los sábados de agosto,Metropolitana,,La Florida,,0,0,,False,True,2026-08-20T13:37:51.035901,https://www.bancoripley.cl/beneficios-y-promociones,https://firebasestorage.googleapis.com/v0/b/banco-ripley-sp-2-0.appspot.com/o/background-Kunstmann-Craftbar_1782315611995.jpg?alt=media&token=36a9093c-5d6a-4d2e-bfae-8ecd7321c63f,https://firebasestorage.googleapis.com/v0/b/banco-ripley-sp-2-0.appspot.com/o/logo-Kunstmann-Craftbar_1782315611991.jpg?alt=media&token=fc47ea98-51ec-42ca-97ee-aeb0407a22a1,"Av. Vicuña Mackenna 7110, La Florida",True,,Restobar,restaurante
ripley_tropicalia,Banco Ripley,Tarjeta Ripley,Tropicalia,40.0,porcentaje,40% dcto.,martes,,,,Todos los sábados de agosto,Metropolitana,,Vitacura,,0,0,,False,True,2026-08-20T13:37:51.035923,https://www.bancoripley.cl/beneficios-y-promociones,https://firebasestorage.googleapis.com/v0/b/banco-ripley-sp-2-0.appspot.com/o/background-tropicalia_1782315869751.jpg?alt=media&token=a898d77a-3af7-4d47-9a85-07f8d4e03ae9,https://firebasestorage.googleapis.com/v0/b/banco-ripley-sp-2-0.appspot.com/o/logo-tropicalia_1782315869747.jpg?alt=media&token=9879e583-ca2f-44c1-9051-9b824b823f46,"Av Vitacura 5336, Vitacura",True,,Pizzas y sandiwch,restaurante
ripley_cest_si_bon,Banco Ripley,Tarjeta Ripley,Cest si bon,40.0,porcentaje,40% dcto.,martes,,,,Todos los sábados de agosto,Metropolitana,,Las Condes,,0,0,,False,True,2026-08-20T13:37:51.035944,https://www.bancoripley.cl/beneficios-y-promociones,https://firebasestorage.googleapis.com/v0/b/banco-ripley-sp-2-0.appspot.com/o/background-Cest-Si-bon-_1780951333220.jpg?alt=media&token=f0c3dd6b-fa54-4486-b523-64b028735501,https://firebasestorage.googleapis.com/v0/b/banco-ripley-sp-2-0.appspot.com/o/logo-Cest-Si-bon-_1780951333219.jpg?alt=media&token=f19b824b-1d4d-454e-bd5b-aaa70414116c,"Av. Presidente Kennedy 5413, Las Condes",True,,Cafetería y Bistró,restaurante
ripley_texas_ribs,Banco Ripley,Tarjeta Ripley,Texas Ribs,40.0,porcentaje,40% dcto.,martes,,,,Todos los sábados de agosto,Metropolitana,,Las Condes,,0,0,,False,True,2026-08-20T13:37:51.035961,https://www.bancoripley.cl/beneficios-y-promociones,https://firebasestorage.googleapis.com/v0/b/banco-ripley-sp-2-0.appspot.com/o/background-texas-ribs_1780951572454.jpg?alt=media&token=415ff1dd-1db2-4ae3-b943-499ee200531b,https://firebasestorage.googleapis.com/v0/b/banco-ripley-sp-2-0.appspot.com/o/logo-texas-ribs_1780951572452.jpg?alt=media&token=5d1c2683-9875-4dc0-b395-84cd651ec1fa,"Av. Presidente Kennedy 5413, Las Condes",True,,Americana,restaurante
ripley_miscelaneo,Banco Ripley,Tarjeta Ripley Exclusivo Black,Miscelaneo,40.0,porcentaje,40% dcto.,martes,,,,Todos los sábados de agosto,Metropolitana,,Vitacura,,0,0,,False,True,2026-08-20T13:37:51.035978,https://www.bancoripley.cl/beneficios-y-promociones,https://firebasestorage.googleapis.com/v0/b/banco-ripley-sp-2-0.appspot.com/o/background-miscelaneo_1777479326234.jpg?alt=media&token=b3ed3f8f-e611-45e8-8f2d-a3ae3d8cc582,https://firebasestorage.googleapis.com/v0/b/banco-ripley-sp-2-0.appspot.com/o/logo-miscelaneo_1777479326233.jpg?alt=media&token=5d2a92ed-f4ff-459c-b1dd-a786cdcfe3fa,"Santa Maria 5870, Vitacura",True,,Cocina de autor,restaurante
ripley_taringa,Banco Ripley,Tarjeta Ripley,Taringa,40.0,porcentaje,40% dcto.,miercoles,,,,Todos los sábados de agosto,Metropolitana,,Vitacura,,0,0,,False,True,2026-08-20T13:37:51.035997,https://www.bancoripley.cl/beneficios-y-promociones,https://firebasestorage.googleapis.com/v0/b/banco-ripley-sp-2-0.appspot.com/o/background-taringa_1782320279900.jpg?alt=media&token=b3985a7c-53db-41dc-93f3-ca3eb0a09c37,https://firebasestorage.googleapis.com/v0/b/banco-ripley-sp-2-0.appspot.com/o/logo-taringa_1782320279896.jpg?alt=media&token=c77d5168-7ee8-4185-9211-3d4161c1bffe,"Av. Vitacura 5336,, Vitacura",True,,Pizzas y sandiwch,restaurante
ripley_zul_,Banco Ripley,Tarjeta Ripley,Zulú,40.0,porcentaje,40% dcto.,miercoles,,,,Todos los sábados de agosto,Metropolitana,,Vitacura,,0,0,,False,True,2026-08-20T13:37:51.036032,https://www.bancoripley.cl/beneficios-y-promociones,https://firebasestorage.googleapis.com/v0/b/banco-ripley-sp-2-0.appspot.com/o/background-zulu_1785184195740.jpg?alt=media&token=7903458a-e032-4a84-8f3d-9ce5170ea622,https://firebasestorage.googleapis.com/v0/b/banco-ripley-sp-2-0.appspot.com/o/logo-zulu_1785184195738.jpg?alt=media&token=2f338434-dfbf-40ad-9715-03318eca8aef,"Alonso de Cordova 2337, Vitacura",True,,Mediterranea de autor,restaurante
ripley_taringuita_mall_sport,Banco Ripley,Tarjeta Ripley,Taringuita Mall Sport,40.0,porcentaje,40% dcto.,miercoles,,,,Todos los sábados de agosto,Metropolitana,,Las Condes,,0,0,,False,True,2026-08-20T13:37:51.036054,https://www.bancoripley.cl/beneficios-y-promociones,https://firebasestorage.googleapis.com/v0/b/banco-ripley-sp-2-0.appspot.com/o/background-taringa-mall-sport_1782319457069.jpg?alt=media&token=ea55d8a3-31a9-4ffd-93e4-e35ce57345e0,https://firebasestorage.googleapis.com/v0/b/banco-ripley-sp-2-0.appspot.com/o/logo-taringa-mall-sport_1782319457067.jpg?alt=media&token=81f1bb8d-a6a7-4da9-ae07-667d679e796c,"Avenida las Condes 13541, Las Condes",True,,Pizzas y sandiwch,restaurante
ripley_fog_n_austral,Banco Ripley,Tarjeta Ripley Exclusivo Black,Fogón Austral,40.0,porcentaje,40% dcto.,miercoles,,,,Todos los sábados de agosto,Metropolitana,,Las Condes,,0,0,,False,True,2026-08-20T13:37:51.036086,https://www.bancoripley.cl/beneficios-y-promociones,https://firebasestorage.googleapis.com/v0/b/banco-ripley-sp-2-0.appspot.com/o/background-fogon-austral_1782308333892.jpg?alt=media&token=246892ce-1bc4-457b-9023-924e53676a92,https://firebasestorage.googleapis.com/v0/b/banco-ripley-sp-2-0.appspot.com/o/logo-fogon-austral_1782308333889.jpg?alt=media&token=95bb3a5a-f5d0-423d-896c-ab25b9becfac,"Chesterton 7380, Las Condes",True,,Carnes a la parrilla,restaurante
ripley_la_yunta,Banco Ripley,Tarjeta Ripley,La Yunta,40.0,porcentaje,40% dcto.,jueves,,,,Todos los sábados de agosto,Metropolitana,,Vitacura,,0,0,,False,True,2026-08-20T13:37:51.036103,https://www.bancoripley.cl/beneficios-y-promociones,https://firebasestorage.googleapis.com/v0/b/banco-ripley-sp-2-0.appspot.com/o/background-la-yunta_1774872874708.jpg?alt=media&token=f1f56b98-f92a-42d4-99f6-8b230caa7b72,https://firebasestorage.googleapis.com/v0/b/banco-ripley-sp-2-0.appspot.com/o/logo-la-yunta_1774872874706.jpg?alt=media&token=3bba164a-a3c6-4607-8bd7-e0ac4ca39204,"Av. Tabancura 1344, Vitacura",True,,Sandwich Gourmet,restaurante
ripley_sabor_y_aroma,Banco Ripley,Tarjeta Ripley,Sabor y Aroma,40.0,porcentaje,40% dcto.,jueves,,,,Todos los sábados de agosto,Metropolitana,,Lo Barnechea,,0,0,,False,True,2026-08-20T13:37:51.036121,https://www.bancoripley.cl/beneficios-y-promociones,https://firebasestorage.googleapis.com/v0/b/banco-ripley-sp-2-0.appspot.com/o/background-Sabor-Aroma_1785185024401.jpg?alt=media&token=ea101440-d073-41ab-83ad-1b87925d259d,https://firebasestorage.googleapis.com/v0/b/banco-ripley-sp-2-0.appspot.com/o/logo-Sabor-Aroma_1785185024398.jpg?alt=media&token=90e34f7f-79dc-482d-beb4-27479b15d291,"Raúl labbe 12559, Lo Barnechea",True,,Peruana Asiatica,restaurante
ripley_gracielo_bar,Banco Ripley,Tarjeta Ripley,Gracielo Bar,40.0,porcentaje,40% dcto.,jueves,,,,Todos los sábados de agosto,Metropolitana,,Providencia,,0,0,,False,True,2026-08-20T13:37:51.036136,https://www.bancoripley.cl/beneficios-y-promociones,https://firebasestorage.googleapis.com/v0/b/banco-ripley-sp-2-0.appspot.com/o/background-Gracielo-Bar_1769031592514.jpg?alt=media&token=fd4fac63-a435-4618-ac68-24f787a6965c,https://firebasestorage.googleapis.com/v0/b/banco-ripley-sp-2-0.appspot.com/o/logo-Gracielo-Bar_1769031592513.jpg?alt=media&token=21ede05b-ab90-4803-af78-ebbcecdbeae3,"Cirujano Guzman 194, Providencia",True,,Bar,restaurante
ripley_antonella_bar,Banco Ripley,Tarjeta Ripley,Antonella Bar,40.0,porcentaje,40% dcto.,jueves,,,,Todos los sábados de agosto,Metropolitana,,Las Condes,,0,0,,False,True,2026-08-20T13:37:51.036150,https://www.bancoripley.cl/beneficios-y-promociones,https://firebasestorage.googleapis.com/v0/b/banco-ripley-sp-2-0.appspot.com/o/background-Antonella-bar_1780952374130.jpg?alt=media&token=5248d887-2d65-4161-bc59-56b5c8923ae0,https://firebasestorage.googleapis.com/v0/b/banco-ripley-sp-2-0.appspot.com/o/logo-Antonella-bar_1780952374129.jpg?alt=media&token=aedee549-ff6f-4b72-a8d9-93555f560006,"Av Apoquindo 7709, Las Condes",True,,Burgers - Pizza,restaurante
ripley_koychi,Banco Ripley,Tarjeta Ripley,Koychi,40.0,porcentaje,40% dcto.,jueves,,,,Todos los sábados de agosto,Metropolitana,,Providencia,,0,0,,False,True,2026-08-20T13:37:51.036267,https://www.bancoripley.cl/beneficios-y-promociones,https://firebasestorage.googleapis.com/v0/b/banco-ripley-sp-2-0.appspot.com/o/background-koychi_1785186069665.jpg?alt=media&token=15d15a9d-3359-4573-a804-ba9942d2c5b6,https://firebasestorage.googleapis.com/v0/b/banco-ripley-sp-2-0.appspot.com/o/logo-koychi_1785186069662.jpg?alt=media&token=58b664e4-6a92-4f60-8701-72dfcdc43307,Av. Nueva Providencia 1681. Providencia,True,,Korean Street Food,restaurante
ripley_los_vikingos,Banco Ripley,Tarjeta Ripley,Los Vikingos,40.0,porcentaje,40% dcto.,jueves,,,,Todos los sábados de agosto,Metropolitana,,Santiago,,0,0,,False,True,2026-08-20T13:37:51.036286,https://www.bancoripley.cl/beneficios-y-promociones,https://firebasestorage.googleapis.com/v0/b/banco-ripley-sp-2-0.appspot.com/o/background-vikingos_1774874732460.jpg?alt=media&token=519862da-77c4-4595-888d-ace29efb7470,https://firebasestorage.googleapis.com/v0/b/banco-ripley-sp-2-0.appspot.com/o/logo-vikingos_1774874732459.jpg?alt=media&token=23b2aa70-e95c-4eef-9736-67304de7882a,"Av. Ricardo Cumming 166, Santiago",True,,Carnes y Parrilladas,restaurante
ripley_ocean_pacific_s,Banco Ripley,Tarjeta Ripley,Ocean Pacific's,40.0,porcentaje,40% dcto.,jueves,,,,Todos los sábados de agosto,Metropolitana,,Santiago,,0,0,,False,True,2026-08-20T13:37:51.036302,https://www.bancoripley.cl/beneficios-y-promociones,https://firebasestorage.googleapis.com/v0/b/banco-ripley-sp-2-0.appspot.com/o/background-ocean-pacifics_1774872389847.jpg?alt=media&token=794d9b12-f8a9-488a-9204-121a68951941,https://firebasestorage.googleapis.com/v0/b/banco-ripley-sp-2-0.appspot.com/o/logo-ocean-pacifics_1774872389846.jpg?alt=media&token=df030481-4c43-4c33-aaa3-f8e3c1be23da,"Huérfanos 2286, Santiago",True,,Pescados y Mariscos,restaurante
ripley_psiquis_bar,Banco Ripley,Tarjeta Ripley,Psiquis bar,40.0,porcentaje,40% dcto.,jueves,,,,Todos los sábados de agosto,Metropolitana,,Providencia,,0,0,,False,True,2026-08-20T13:37:51.036318,https://www.bancoripley.cl/beneficios-y-promociones,https://firebasestorage.googleapis.com/v0/b/banco-ripley-sp-2-0.appspot.com/o/background-psiquis-bar_1776883975222.jpg?alt=media&token=9af1d434-e37d-4169-b0e6-64a1008ee7ef,https://firebasestorage.googleapis.com/v0/b/banco-ripley-sp-2-0.appspot.com/o/logo-psiquis-bar_1776883975220.jpg?alt=media&token=5c93359c-1d99-440e-b4e7-1b0cbd4a3814,"General Flores 51, Providencia",True,,Hamburguesas,restaurante
ripley_appa,Banco Ripley,Tarjeta Ripley,APPA,40.0,porcentaje,40% dcto.,jueves,,,,Todos los sábados de agosto,Metropolitana,,Vitacura,,0,0,,False,True,2026-08-20T13:37:51.036333,https://www.bancoripley.cl/beneficios-y-promociones,https://firebasestorage.googleapis.com/v0/b/banco-ripley-sp-2-0.appspot.com/o/background-APPA_1776885436497.jpg?alt=media&token=46fc7d34-536a-446a-b3ef-23456ab64a8a,https://firebasestorage.googleapis.com/v0/b/banco-ripley-sp-2-0.appspot.com/o/logo-APPA_1776885436496.jpg?alt=media&token=b4e2b16a-3678-4c44-adb7-662fa8d1d203,"Av. Vitacura 7501, Vitacura",True,,Hamburgueseria y comida mediterranea,restaurante
ripley_guachita_culebra,Banco Ripley,Tarjeta Ripley,Guachita Culebra,40.0,porcentaje,40% dcto.,jueves,,,,Todos los sábados de agosto,Metropolitana,,Providencia,,0,0,,False,True,2026-08-20T13:37:51.036347,https://www.bancoripley.cl/beneficios-y-promociones,https://firebasestorage.googleapis.com/v0/b/banco-ripley-sp-2-0.appspot.com/o/background-guachita-culebra_1776877084559.jpg?alt=media&token=3c8189e1-f673-4cc9-9796-eb70bebaafcf,https://firebasestorage.googleapis.com/v0/b/banco-ripley-sp-2-0.appspot.com/o/logo-guachita-culebra_1776877084557.jpg?alt=media&token=8242d379-b40d-4119-a7db-60bfb9dcab32,"General Flores 180, Providencia",True,,Bar,restaurante
ripley_rossie_la_loca,Banco Ripley,Tarjeta Ripley,Rossie la Loca,40.0,porcentaje,40% dcto.,jueves,,,,Todos los sábados de agosto,Metropolitana,,Providencia,,0,0,,False,True,2026-08-20T13:37:51.036362,https://www.bancoripley.cl/beneficios-y-promociones,https://firebasestorage.googleapis.com/v0/b/banco-ripley-sp-2-0.appspot.com/o/background-rosiie-la-loca_1779133111815.jpg?alt=media&token=4c893e52-607a-4839-99e0-2d919a5cc6d6,https://firebasestorage.googleapis.com/v0/b/banco-ripley-sp-2-0.appspot.com/o/logo-rosiie-la-loca_1779133111813.jpg?alt=media&token=9a781853-cedd-4cf1-abc6-b783ea16431b,"Aguas Claras 1700, Providencia",True,,Restobar,restaurante
ripley_hitomi_tomi,Banco Ripley,Tarjeta Ripley,Hitomi Tomi,40.0,porcentaje,40% dcto.,jueves,,,,Todos los sábados de agosto,Metropolitana,,Providencia,,0,0,,False,True,2026-08-20T13:37:51.036376,https://www.bancoripley.cl/beneficios-y-promociones,https://firebasestorage.googleapis.com/v0/b/banco-ripley-sp-2-0.appspot.com/o/background-hitomi_1779132913100.jpg?alt=media&token=90bbdde3-8607-453c-a9ce-d9178f6524d9,https://firebasestorage.googleapis.com/v0/b/banco-ripley-sp-2-0.appspot.com/o/logo-hitomi_1779132913098.jpg?alt=media&token=52a8413f-cf11-4a42-ae72-5402a9e6b004,"Tobalaba 947, Providencia",True,,Restobar,restaurante
ripley_el_dan_s,Banco Ripley,Tarjeta Ripley,El Danés,40.0,porcentaje,40% dcto.,jueves,,,,Todos los sábados de agosto,Metropolitana,,Las Condes,,0,0,,False,True,2026-08-20T13:37:51.036390,https://www.bancoripley.cl/beneficios-y-promociones,https://firebasestorage.googleapis.com/v0/b/banco-ripley-sp-2-0.appspot.com/o/background-el-danes_1780952878279.jpg?alt=media&token=aa2325bb-8786-46e0-947c-6e547feb3fde,https://firebasestorage.googleapis.com/v0/b/banco-ripley-sp-2-0.appspot.com/o/logo-el-danes_1780952878278.jpg?alt=media&token=d17e083b-49c7-4784-8324-429b5a9df902,"Av. Cristobal Colón 4455, Las Condes",True,,Americana / Chilena,restaurante
ripley_nice_to_meat,Banco Ripley,Tarjeta Ripley,Nice To meat,40.0,porcentaje,40% dcto.,jueves,,,,Todos los sábados de agosto,Metropolitana,,Providencia,,0,0,,False,True,2026-08-20T13:37:51.036405,https://www.bancoripley.cl/beneficios-y-promociones,https://firebasestorage.googleapis.com/v0/b/banco-ripley-sp-2-0.appspot.com/o/background-Nice-to-Meat-_1779133392904.jpg?alt=media&token=2ca87897-7278-4325-a132-fe2ee8b9c548,https://firebasestorage.googleapis.com/v0/b/banco-ripley-sp-2-0.appspot.com/o/logo-Nice-to-Meat-_1779133392902.jpg?alt=media&token=a4f3553f-f114-4774-8911-afefac9e4ab6,"Av los leones 1012, Providencia",True,,Hamburgesas Smash,restaurante
ripley_soho_thai,Banco Ripley,Tarjeta Ripley,Soho Thai,40.0,porcentaje,40% dcto.,jueves,,,,Todos los sábados de agosto,Metropolitana,,Santiago,,0,0,,False,True,2026-08-20T13:37:51.036419,https://www.bancoripley.cl/beneficios-y-promociones,https://firebasestorage.googleapis.com/v0/b/banco-ripley-sp-2-0.appspot.com/o/background-soho-thai_1782316762664.jpg?alt=media&token=c1c794dc-1707-46ca-8c45-f7399e5a95fc,https://firebasestorage.googleapis.com/v0/b/banco-ripley-sp-2-0.appspot.com/o/logo-soho-thai_1782316762659.jpg?alt=media&token=254d6825-3660-4303-b6f9-051fc7673c1a,"Carmen 93, Santiago",True,,Tailandesa,restaurante
ripley_oh_bok_,Banco Ripley,Tarjeta Ripley,Oh Bok!,40.0,porcentaje,40% dcto.,miercoles,,,,Todos los sábados de agosto,Metropolitana,,Vitacura,,0,0,,False,True,2026-08-20T13:37:51.036433,https://www.bancoripley.cl/beneficios-y-promociones,https://firebasestorage.googleapis.com/v0/b/banco-ripley-sp-2-0.appspot.com/o/background-ohbok_1785244751128.jpg?alt=media&token=19c18633-6331-47a7-8f37-a772b8f4b54b,https://firebasestorage.googleapis.com/v0/b/banco-ripley-sp-2-0.appspot.com/o/logo-ohbok_1785244751124.jpg?alt=media&token=5ce56c49-2cae-45b5-84d7-7c5ccdc6e6ad,"Av. Vitacura 4085, Vitacura",True,,Parrillada Koreana,restaurante
ripley_loca_pasta,Banco Ripley,Tarjeta Ripley,Loca Pasta,40.0,porcentaje,40% dcto.,martes,,,,Todos los sábados de agosto,Metropolitana,,Las Condes,,0,0,,False,True,2026-08-20T13:37:51.036449,https://www.bancoripley.cl/beneficios-y-promociones,https://firebasestorage.googleapis.com/v0/b/banco-ripley-sp-2-0.appspot.com/o/background-loca-pasta_1785245125869.jpg?alt=media&token=723416d4-5c38-4e83-89b0-70af21973bed,https://firebasestorage.googleapis.com/v0/b/banco-ripley-sp-2-0.appspot.com/o/logo-loca-pasta_1785245125867.jpg?alt=media&token=66861801-2df5-4d94-9788-df58cc955c25,"Av. Cerro el plomo 5680 Piso 2, Las Condes",True,,Comida Italiana,restaurante
ripley_tpm,Banco Ripley,Tarjeta Ripley,TPM,40.0,porcentaje,40% dcto.,sabado,,,,Todos los sábados de agosto,Metropolitana,,Las Condes,,0,0,,False,True,2026-08-20T13:37:51.036463,https://www.bancoripley.cl/beneficios-y-promociones,https://firebasestorage.googleapis.com/v0/b/banco-ripley-sp-2-0.appspot.com/o/background-TMP_1774876485090.jpg?alt=media&token=e3dabd37-9e2f-45c6-bcdd-8d704432b465,https://firebasestorage.googleapis.com/v0/b/banco-ripley-sp-2-0.appspot.com/o/logo-TMP_1774876485089.jpg?alt=media&token=376266cc-7d53-4d2d-9dca-b9fdf785bf6b,"Las Condes 6766, Las Condes",True,,Mediterranea,restaurante
ripley_barbaazul,Banco Ripley,Tarjeta Ripley,Barbaazul,40.0,porcentaje,40% dcto.,sabado,,,,Todos los sábados de agosto,Metropolitana,,Providencia,,0,0,,False,True,2026-08-20T13:37:51.036477,https://www.bancoripley.cl/beneficios-y-promociones,https://firebasestorage.googleapis.com/v0/b/banco-ripley-sp-2-0.appspot.com/o/background-barbazul_1785273573750.jpg?alt=media&token=e01c8479-9949-4853-bcdb-e0765d20aefa,https://firebasestorage.googleapis.com/v0/b/banco-ripley-sp-2-0.appspot.com/o/logo-barbazul_1785273573749.jpg?alt=media&token=64d41aa2-dba0-4400-8819-78f18640c095,"Av. Pedro de valdivia 1738, Providencia",True,,Bar,restaurante
ripley_infiltrados,Banco Ripley,Tarjeta Ripley Exclusivo Black,Infiltrados,40.0,porcentaje,40% dcto.,sabado,,,,Todos los sábados de agosto,Metropolitana,,Vitacura,,0,0,,False,True,2026-08-20T13:37:51.036491,https://www.bancoripley.cl/beneficios-y-promociones,https://firebasestorage.googleapis.com/v0/b/banco-ripley-sp-2-0.appspot.com/o/background-Infiltrados-_1779122176454.jpg?alt=media&token=68379ff0-f4c5-4078-93f9-672edd57feba,https://firebasestorage.googleapis.com/v0/b/banco-ripley-sp-2-0.appspot.com/o/logo-Infiltrados-_1779122176450.jpg?alt=media&token=f8730c3c-431f-4c19-841c-3c31660193ce,"Vitacura 5708, Vitacura",True,,Carnes a la parrilla,restaurante
ripley_rustico,Banco Ripley,Tarjeta Ripley,Rustico,40.0,porcentaje,40% dcto.,lunes,,,,Todos los sábados de agosto,Magallanes,,,,0,0,,False,True,2026-08-20T13:37:51.036506,https://www.bancoripley.cl/beneficios-y-promociones,https://firebasestorage.googleapis.com/v0/b/banco-ripley-sp-2-0.appspot.com/o/background-Rustico_1785248892377.jpg?alt=media&token=288bbe44-723e-4084-bfbd-aa97645dc098,https://firebasestorage.googleapis.com/v0/b/banco-ripley-sp-2-0.appspot.com/o/logo-Rustico_1785248892375.jpg?alt=media&token=745468a9-1b55-444a-a4c6-3ab118862f1f,"Av. Bulnes 299, Punta Arenas",True,,Almuerzos y comidas de picoteos,restaurante
ripley_la_fabrica_737,Banco Ripley,Tarjeta Ripley,La Fabrica 737,40.0,porcentaje,40% dcto.,lunes,,,,Todos los sábados de agosto,Los Lagos,,,,0,0,,False,True,2026-08-20T13:37:51.036520,https://www.bancoripley.cl/beneficios-y-promociones,https://firebasestorage.googleapis.com/v0/b/banco-ripley-sp-2-0.appspot.com/o/background-la-fabrica_1785273542501.jpg?alt=media&token=04dc1c4f-de56-4f20-9e77-3cdfce3693b4,https://firebasestorage.googleapis.com/v0/b/banco-ripley-sp-2-0.appspot.com/o/logo-fabrica_1785273542500.jpg?alt=media&token=81dbc9ac-052a-4e59-a0d6-29a87c3e930a,"Bilbao 737, Osorno",True,,"Sushi, Tablas Pizzas",restaurante
ripley_otra_cozza,Banco Ripley,Tarjeta Ripley,Otra Cozza,40.0,porcentaje,40% dcto.,martes,,,,Todos los sábados de agosto,Valparaíso,,,,0,0,,False,True,2026-08-20T13:37:51.036539,https://www.bancoripley.cl/beneficios-y-promociones,https://firebasestorage.googleapis.com/v0/b/banco-ripley-sp-2-0.appspot.com/o/background-otra-coza_1782400155003.jpg?alt=media&token=f7aa8863-609c-48cc-ad83-fd63d12d6923,https://firebasestorage.googleapis.com/v0/b/banco-ripley-sp-2-0.appspot.com/o/logo-otra-coza_1782400154996.jpg?alt=media&token=e4e23e64-7333-4acf-83c0-9c5683030d93,"8 Norte 393, Viña del Mar",True,,Italiana,restaurante
ripley_kuntsmann_craftbar_2,Banco Ripley,Tarjeta Ripley,Kuntsmann CraftBar,40.0,porcentaje,40% dcto.,martes,,,,Todos los sábados de agosto,Antofagasta,,,,0,0,,False,True,2026-08-20T13:37:51.036555,https://www.bancoripley.cl/beneficios-y-promociones,https://firebasestorage.googleapis.com/v0/b/banco-ripley-sp-2-0.appspot.com/o/background-Kunstmann-Craftbar_1782340000688.jpg?alt=media&token=48f2cc44-778c-4b46-bfab-c9847ff00eea,https://firebasestorage.googleapis.com/v0/b/banco-ripley-sp-2-0.appspot.com/o/logo-Kunstmann-Craftbar_1782340000687.jpg?alt=media&token=83e979ab-7777-4541-a4a4-8bb1097efe89,"Av. Ejercito 074, Antofagasta",True,,Restobar,restaurante
ripley_cervecer_a_kunstmann,Banco Ripley,Tarjeta Ripley,Cervecería Kunstmann,40.0,porcentaje,40% dcto.,martes,,,,Todos los sábados de agosto,Los Ríos,,,,0,0,,False,True,2026-08-20T13:37:51.036572,https://www.bancoripley.cl/beneficios-y-promociones,https://firebasestorage.googleapis.com/v0/b/banco-ripley-sp-2-0.appspot.com/o/background-kuntsmann_1781012218307.jpg?alt=media&token=1938fed5-12bc-4c85-a94f-42d557dbd3bb,https://firebasestorage.googleapis.com/v0/b/banco-ripley-sp-2-0.appspot.com/o/logo--kuntsmann_1781012218310.jpg?alt=media&token=004ba241-99ff-4e1a-a0f1-ea986371b0e7,"Ruta T 350 950, Valdivia, Los Ríos, Valdivia",True,,Bar Restaurante,restaurante
ripley_la_isla,Banco Ripley,Tarjeta Ripley,La Isla,40.0,porcentaje,40% dcto.,martes,,,,Todos los sábados de agosto,Tarapacá,,,,0,0,,False,True,2026-08-20T13:37:51.036586,https://www.bancoripley.cl/beneficios-y-promociones,https://firebasestorage.googleapis.com/v0/b/banco-ripley-sp-2-0.appspot.com/o/background-la-isla_1776887573461.jpg?alt=media&token=20c0bedf-25af-4353-b826-3595a822cdcc,https://firebasestorage.googleapis.com/v0/b/banco-ripley-sp-2-0.appspot.com/o/logo-la-isla_1776887573460.jpg?alt=media&token=e383d05d-402c-43cc-8ade-463e397b5de1,"Av Playa brava 3326, Iquique",True,,Fusion peruana,restaurante
ripley_entre_tacos,Banco Ripley,Tarjeta Ripley,Entre Tacos,40.0,porcentaje,40% dcto.,martes,,,,Todos los sábados de agosto,Coquimbo,,,,0,0,,False,True,2026-08-20T13:37:51.036600,https://www.bancoripley.cl/beneficios-y-promociones,https://firebasestorage.googleapis.com/v0/b/banco-ripley-sp-2-0.appspot.com/o/background-Entre-Tacos-_1785252308206.jpg?alt=media&token=812b642a-df8f-4d16-9a1d-7d10b314ca55,https://firebasestorage.googleapis.com/v0/b/banco-ripley-sp-2-0.appspot.com/o/logo-Entre-Tacos-_1785252308205.jpg?alt=media&token=11c54325-6786-4095-8ef3-b4857b525ca7,"Avenida del mar 900, La Serena",True,,Mexicana,restaurante
ripley_gallard_a,Banco Ripley,Tarjeta Ripley,Gallardía,40.0,porcentaje,40% dcto.,miercoles,,,,Todos los sábados de agosto,Los Lagos,,,,0,0,,False,True,2026-08-20T13:37:51.036617,https://www.bancoripley.cl/beneficios-y-promociones,https://firebasestorage.googleapis.com/v0/b/banco-ripley-sp-2-0.appspot.com/o/background-Gallardi%CC%81a-_1779287438055.jpg?alt=media&token=292d6cef-f613-4ba6-ba1e-112f6a92e00d,https://firebasestorage.googleapis.com/v0/b/banco-ripley-sp-2-0.appspot.com/o/logo-Gallardi%CC%81a-_1779287438052.jpg?alt=media&token=603e5e25-3ab5-4d65-bef8-2b546102b50a,"O´Higgins 1236, Osorno",True,,Bar Restaurante,restaurante
ripley_el_galp_n,Banco Ripley,Tarjeta Ripley,El Galpón,40.0,porcentaje,40% dcto.,miercoles,,,,Todos los sábados de agosto,Los Lagos,,,,0,0,,False,True,2026-08-20T13:37:51.036634,https://www.bancoripley.cl/beneficios-y-promociones,https://firebasestorage.googleapis.com/v0/b/banco-ripley-sp-2-0.appspot.com/o/background-Galpon-Osorno_1785254612753.jpg?alt=media&token=d1d6c304-8106-4cee-90ca-e864ef8aa815,https://firebasestorage.googleapis.com/v0/b/banco-ripley-sp-2-0.appspot.com/o/logo-Galpon-Osorno_1785254612751.jpg?alt=media&token=f8c4d655-67ae-4526-8205-daec0da194b9,"Lord Cochrane 816, Osorno",True,,Carne Premium,restaurante
ripley_trybar,Banco Ripley,Tarjeta Ripley,Trybar,40.0,porcentaje,40% dcto.,miercoles,,,,Todos los sábados de agosto,Los Lagos,,,,0,0,,False,True,2026-08-20T13:37:51.036647,https://www.bancoripley.cl/beneficios-y-promociones,https://firebasestorage.googleapis.com/v0/b/banco-ripley-sp-2-0.appspot.com/o/background-Trybar_1785254852348.jpg?alt=media&token=e5bcc11a-56ed-4e45-b84c-9774a7de81de,https://firebasestorage.googleapis.com/v0/b/banco-ripley-sp-2-0.appspot.com/o/logo-Trybar_1785254852347.jpg?alt=media&token=a2c1e861-a1e9-4ad6-ac1e-fbdc37940e7b,"Manuel Baquedano 1049, Osorno",True,,"Tablas, sandwichs, burgers.",restaurante
ripley_la_negra_restaurant,Banco Ripley,Tarjeta Ripley,La Negra Restaurant,40.0,porcentaje,40% dcto.,jueves,,,,Todos los sábados de agosto,Arica y Parinacota,,,,0,0,,False,True,2026-08-20T13:37:51.036661,https://www.bancoripley.cl/beneficios-y-promociones,https://firebasestorage.googleapis.com/v0/b/banco-ripley-sp-2-0.appspot.com/o/background-la-negra_1782333606513.jpg?alt=media&token=ef2cb86c-d5c1-4d08-913d-de58dce267bb,https://firebasestorage.googleapis.com/v0/b/banco-ripley-sp-2-0.appspot.com/o/logo-la-negra_1782333606509.jpg?alt=media&token=d88d9f6a-610f-4499-bd8e-9afa94793887,"Av. Senador Humberto Palza Corvacho 4040, Arica",True,,Criolla Peruana,restaurante
ripley_bar_nomade,Banco Ripley,Tarjeta Ripley,Bar Nomade,40.0,porcentaje,40% dcto.,jueves,,,,Todos los sábados de agosto,Antofagasta,,,,0,0,,False,True,2026-08-20T13:37:51.036676,https://www.bancoripley.cl/beneficios-y-promociones,https://firebasestorage.googleapis.com/v0/b/banco-ripley-sp-2-0.appspot.com/o/background-bar-nomade_1780954198729.jpg?alt=media&token=50f19b8d-bafc-417b-8a84-1e8305807c7d,https://firebasestorage.googleapis.com/v0/b/banco-ripley-sp-2-0.appspot.com/o/logo-bar-nomade_1780954198727.jpg?alt=media&token=ba095813-77f9-4ac0-92f9-f685a0fc3a7b,"Av. Rep. De Croacia 026, Antofagasta",True,,"Bar, pizzas",restaurante
ripley_blind_bar,Banco Ripley,Tarjeta Ripley,Blind Bar,40.0,porcentaje,40% dcto.,jueves,,,,Todos los sábados de agosto,Antofagasta,,,,0,0,,False,True,2026-08-20T13:37:51.036690,https://www.bancoripley.cl/beneficios-y-promociones,https://firebasestorage.googleapis.com/v0/b/banco-ripley-sp-2-0.appspot.com/o/background-blind-bar_1782333857694.jpg?alt=media&token=8048b853-45de-49ca-93ec-dc1bbaed131d,https://firebasestorage.googleapis.com/v0/b/banco-ripley-sp-2-0.appspot.com/o/logo-blind-bar_1782333857693.jpg?alt=media&token=cf7ae3f4-bc10-459e-8ab2-718bfe78bbf3,"Chorrillos 941, Calama",True,,Bar,restaurante
ripley_saz_n_peruana,Banco Ripley,Tarjeta Ripley,Sazón Peruana,40.0,porcentaje,40% dcto.,jueves,,,,Todos los sábados de agosto,Valparaíso,,,,0,0,,False,True,2026-08-20T13:37:51.036706,https://www.bancoripley.cl/beneficios-y-promociones,https://firebasestorage.googleapis.com/v0/b/banco-ripley-sp-2-0.appspot.com/o/background-sazon-peruana_1776888767138.jpg?alt=media&token=00f1363a-133e-4a49-9467-549b40b6276c,https://firebasestorage.googleapis.com/v0/b/banco-ripley-sp-2-0.appspot.com/o/logo-sazon-peruana_1776888767136.jpg?alt=media&token=d6f5a36f-3d13-4a70-a627-9f1c5572f52a,"Av. Borgoño 15279, Viña del mar",True,,Peruana,restaurante
ripley_quinta_pata_al_gato,Banco Ripley,Tarjeta Ripley,Quinta pata al Gato,40.0,porcentaje,40% dcto.,jueves,,,,Todos los sábados de agosto,Valparaíso,,,,0,0,,False,True,2026-08-20T13:37:51.036721,https://www.bancoripley.cl/beneficios-y-promociones,https://firebasestorage.googleapis.com/v0/b/banco-ripley-sp-2-0.appspot.com/o/background-quinta-pal-gato_1782338334875.jpg?alt=media&token=d5815c52-8a94-4caa-bda2-c9e16c9803e4,https://firebasestorage.googleapis.com/v0/b/banco-ripley-sp-2-0.appspot.com/o/logo-quinta-pal-gato_1782338334868.jpg?alt=media&token=05553c58-db4e-47d3-b1a0-2561a8bb9c30,"Av. blanco Encalada 1270, Quilpue",True,,Platillos de autor,restaurante
ripley_cervecer_a_nogg,Banco Ripley,Tarjeta Ripley,Cervecería Nogg,40.0,porcentaje,40% dcto.,jueves,,,,Todos los sábados de agosto,O'Higgins,,,,0,0,,False,True,2026-08-20T13:37:51.036744,https://www.bancoripley.cl/beneficios-y-promociones,https://firebasestorage.googleapis.com/v0/b/banco-ripley-sp-2-0.appspot.com/o/background-Cerveceria-Nogg_1785256444688.jpg?alt=media&token=3150bebe-f368-4395-ad03-1ae52881e190,https://firebasestorage.googleapis.com/v0/b/banco-ripley-sp-2-0.appspot.com/o/logo-Cerveceria-Nogg_1785256444686.jpg?alt=media&token=58ddc46f-abbf-46d6-8554-fe56dc3d9981,"Av. San Juan 995, Bar",True,,Bar,restaurante
ripley_barros_negros_restaurant,Banco Ripley,Tarjeta Ripley,Barros Negros Restaurant,40.0,porcentaje,40% dcto.,jueves,,,,Todos los sábados de agosto,O'Higgins,,,,0,0,,False,True,2026-08-20T13:37:51.036758,https://www.bancoripley.cl/beneficios-y-promociones,https://firebasestorage.googleapis.com/v0/b/banco-ripley-sp-2-0.appspot.com/o/background-barros-negros_1782400794164.jpg?alt=media&token=627dc02d-36a8-44d8-b336-e7248ed4c429,https://firebasestorage.googleapis.com/v0/b/banco-ripley-sp-2-0.appspot.com/o/logo-barros-negros_1782400794163.jpg?alt=media&token=d1a469c6-a18d-4e5d-85bc-203d0e9fb371,"Av. Arturo Prat 1150, Rancagua",True,,Carnes Premium,restaurante
ripley_brasas,Banco Ripley,Tarjeta Ripley,Brasas,40.0,porcentaje,40% dcto.,jueves,,,,Todos los sábados de agosto,Maule,,,,0,0,,False,True,2026-08-20T13:37:51.036772,https://www.bancoripley.cl/beneficios-y-promociones,https://firebasestorage.googleapis.com/v0/b/banco-ripley-sp-2-0.appspot.com/o/background-brasas_1782339179099.jpg?alt=media&token=e090a84c-e3b6-4ae2-8a44-a1aded5a046a,https://firebasestorage.googleapis.com/v0/b/banco-ripley-sp-2-0.appspot.com/o/logo-brasas_1782339179098.jpg?alt=media&token=dfcf9488-26cc-4958-aa82-3f4a5f88dc50,"Av. O´Higgins 201, Curico",True,,Carnes Premium,restaurante
ripley_toro_bayo,Banco Ripley,Tarjeta Ripley,Toro Bayo,40.0,porcentaje,40% dcto.,jueves,,,,Todos los sábados de agosto,Maule,,,,0,0,,False,True,2026-08-20T13:37:51.036785,https://www.bancoripley.cl/beneficios-y-promociones,https://firebasestorage.googleapis.com/v0/b/banco-ripley-sp-2-0.appspot.com/o/background-toro-bayo_1767646104896.jpg?alt=media&token=28e8d136-3624-4b83-9ede-8a1f8dd86a1b,https://firebasestorage.googleapis.com/v0/b/banco-ripley-sp-2-0.appspot.com/o/logo-toro-bayo_1767646104893.jpg?alt=media&token=36f6acc3-5a06-43c2-9407-5066c88e6603,"Calle Santa Laura camino Las Rastras, Talca",True,,Carnes a la parrilla,restaurante
ripley_dynos,Banco Ripley,Tarjeta Ripley,Dynos,40.0,porcentaje,40% dcto.,jueves,,,,Todos los sábados de agosto,Ñuble,,,,0,0,,False,True,2026-08-20T13:37:51.036799,https://www.bancoripley.cl/beneficios-y-promociones,https://firebasestorage.googleapis.com/v0/b/banco-ripley-sp-2-0.appspot.com/o/background-dynos-1_1776962580665.jpg?alt=media&token=88933ddc-3b0d-4071-9edd-92e473c2b3a7,https://firebasestorage.googleapis.com/v0/b/banco-ripley-sp-2-0.appspot.com/o/logo-dynos-1_1776962580663.jpg?alt=media&token=51676175-d8a3-4983-8a00-d7bfd01e536e,"El Roble 712, Chillan",True,,"Carnes angus ,sangucheria. Tablas y otros.",restaurante
ripley_dynos2,Banco Ripley,Tarjeta Ripley,Dynos2,40.0,porcentaje,40% dcto.,jueves,,,,Todos los sábados de agosto,Ñuble,,,,0,0,,False,True,2026-08-20T13:37:51.036811,https://www.bancoripley.cl/beneficios-y-promociones,https://firebasestorage.googleapis.com/v0/b/banco-ripley-sp-2-0.appspot.com/o/background-dynos-2_1776962740588.jpg?alt=media&token=d2186fc4-b6e5-405e-8838-c8aff1e04043,https://firebasestorage.googleapis.com/v0/b/banco-ripley-sp-2-0.appspot.com/o/logo-dynos-2_1776962740587.jpg?alt=media&token=129b8c94-0ac2-4741-81db-accf1cb8c580,"EL Roble 558, Chillan",True,,"Carnes angus ,sangucheria. Tablas y otros.",restaurante
ripley_taurus_steakbar,Banco Ripley,Tarjeta Ripley,Taurus Steakbar,40.0,porcentaje,40% dcto.,jueves,,,,Todos los sábados de agosto,Ñuble,,,,0,0,,False,True,2026-08-20T13:37:51.036825,https://www.bancoripley.cl/beneficios-y-promociones,https://firebasestorage.googleapis.com/v0/b/banco-ripley-sp-2-0.appspot.com/o/background-taurus_1776962977918.jpg?alt=media&token=262bf9a4-5cd4-40fe-adc1-b380ba5bc28d,https://firebasestorage.googleapis.com/v0/b/banco-ripley-sp-2-0.appspot.com/o/logo-taurus_1776962977920.jpg?alt=media&token=51308f92-c217-49bf-aa82-269714e67378,"Avenida Vicente Mendez 2361 PC2, Chillan",True,,"Carnes angus ,sangucheria. Tablas y otros.",restaurante
ripley_otto_s,Banco Ripley,Tarjeta Ripley,Otto´s,40.0,porcentaje,40% dcto.,jueves,,,,Todos los sábados de agosto,Ñuble,,,,0,0,,False,True,2026-08-20T13:37:51.036839,https://www.bancoripley.cl/beneficios-y-promociones,https://firebasestorage.googleapis.com/v0/b/banco-ripley-sp-2-0.appspot.com/o/background-Ottos_1779283383824.jpg?alt=media&token=738fe579-b964-4871-a28c-224499bc6463,https://firebasestorage.googleapis.com/v0/b/banco-ripley-sp-2-0.appspot.com/o/logo-Ottos_1779283383820.jpg?alt=media&token=adf4ca8c-134a-4f81-97b0-8c95fbc10809,"Av Argentina 1050, Chillan",True,,"Carnes angus ,sangucheria. Tablas y otros.",restaurante
ripley_la_pasta_de_la_nonna,Banco Ripley,Tarjeta Ripley,La Pasta de la Nonna,40.0,porcentaje,40% dcto.,jueves,,,,Todos los sábados de agosto,Biobío,,,,0,0,,False,True,2026-08-20T13:37:51.036855,https://www.bancoripley.cl/beneficios-y-promociones,https://firebasestorage.googleapis.com/v0/b/banco-ripley-sp-2-0.appspot.com/o/background-La-Pasta-de-la-Nonna_1769093626267.jpg?alt=media&token=53f990a4-0e93-488c-8dcf-a274b29d8d6e,https://firebasestorage.googleapis.com/v0/b/banco-ripley-sp-2-0.appspot.com/o/logo-La-Pasta-de-la-Nonna_1769093626265.jpg?alt=media&token=2551e4e7-7811-4642-9898-75af957ffdb7,"Caupolican 255, Concepción",True,,Italiana,restaurante
ripley_happy_point,Banco Ripley,Tarjeta Ripley,Happy Point,40.0,porcentaje,40% dcto.,jueves,,,,Todos los sábados de agosto,Biobío,,,,0,0,,False,True,2026-08-20T13:37:51.036870,https://www.bancoripley.cl/beneficios-y-promociones,https://firebasestorage.googleapis.com/v0/b/banco-ripley-sp-2-0.appspot.com/o/background-happy-point_1780412339860.jpg?alt=media&token=6403b84a-3b1b-4352-b675-aedc471cea33,https://firebasestorage.googleapis.com/v0/b/banco-ripley-sp-2-0.appspot.com/o/logo-happy-point_1780412339858.jpg?alt=media&token=21cb625a-a1af-4249-9720-2a5c7c677618,"Av Freire 1131, Concepción",True,,Hamburguesas y Papas Fritas,restaurante
ripley_gusto_restobar,Banco Ripley,Tarjeta Ripley,Gusto Restobar,40.0,porcentaje,40% dcto.,jueves,,,,Todos los sábados de agosto,Biobío,,,,0,0,,False,True,2026-08-20T13:37:51.036884,https://www.bancoripley.cl/beneficios-y-promociones,https://firebasestorage.googleapis.com/v0/b/banco-ripley-sp-2-0.appspot.com/o/background-gusto_1785257692831.jpg?alt=media&token=db4e3162-933d-43b3-aaf2-7d430864c86e,https://firebasestorage.googleapis.com/v0/b/banco-ripley-sp-2-0.appspot.com/o/logo-gusto_1785257692830.jpg?alt=media&token=ad487d1b-572f-4fe6-814f-b929049ea8c8,"Rengo 351, Concepción",True,,Cocina Comtemporeana,restaurante
ripley_augusta_bar,Banco Ripley,Tarjeta Ripley,Augusta Bar,40.0,porcentaje,40% dcto.,jueves,,,,Todos los sábados de agosto,Biobío,,,,0,0,,False,True,2026-08-20T13:37:51.036898,https://www.bancoripley.cl/beneficios-y-promociones,https://firebasestorage.googleapis.com/v0/b/banco-ripley-sp-2-0.appspot.com/o/background-agusta-bar_1785257888860.jpg?alt=media&token=6f931857-4ebc-4648-ae18-276621076ee9,https://firebasestorage.googleapis.com/v0/b/banco-ripley-sp-2-0.appspot.com/o/logo-agusta-bar_1785257888859.jpg?alt=media&token=06bbd5f5-9b4a-456e-b261-7537dd29dba2,"Paso Hondo 209, Concepcion",True,,Internacional,restaurante
ripley_hashigo,Banco Ripley,Tarjeta Ripley,Hashigo,40.0,porcentaje,40% dcto.,jueves,,,,Todos los sábados de agosto,Araucanía,,,,0,0,,False,True,2026-08-20T13:37:51.036912,https://www.bancoripley.cl/beneficios-y-promociones,https://firebasestorage.googleapis.com/v0/b/banco-ripley-sp-2-0.appspot.com/o/background-Hashigo-_1785258087785.jpg?alt=media&token=af647800-6e7b-4041-ba8a-4cf86faead75,https://firebasestorage.googleapis.com/v0/b/banco-ripley-sp-2-0.appspot.com/o/logo-Hashigo-_1785258087784.jpg?alt=media&token=44390057-0dc3-4c92-bef8-a0b784183317,"Vicuña Mackenna 531, Temuco",True,,Sushi,restaurante
ripley_carnivo,Banco Ripley,Tarjeta Ripley,Carnivo,40.0,porcentaje,40% dcto.,jueves,,,,Todos los sábados de agosto,Araucanía,,,,0,0,,False,True,2026-08-20T13:37:51.036924,https://www.bancoripley.cl/beneficios-y-promociones,https://firebasestorage.googleapis.com/v0/b/banco-ripley-sp-2-0.appspot.com/o/background-carnivoro_1776956545589.jpg?alt=media&token=61936bb4-b9c6-439a-9f1f-77c2f0490be5,https://firebasestorage.googleapis.com/v0/b/banco-ripley-sp-2-0.appspot.com/o/logo-carnivoro_1776956545586.jpg?alt=media&token=286b5d62-00c1-4853-80e0-f2415dae0dc6,"Av.Los pablos 02291, Temuco",True,,Carne,restaurante
ripley_martina_lougne,Banco Ripley,Tarjeta Ripley,Martina Lougne,40.0,porcentaje,40% dcto.,jueves,,,,Todos los sábados de agosto,Araucanía,,,,0,0,,False,True,2026-08-20T13:37:51.036938,https://www.bancoripley.cl/beneficios-y-promociones,https://firebasestorage.googleapis.com/v0/b/banco-ripley-sp-2-0.appspot.com/o/background-la-martina_1785271460954.jpg?alt=media&token=8d1f8942-7d21-466c-9288-58c6741b18f5,https://firebasestorage.googleapis.com/v0/b/banco-ripley-sp-2-0.appspot.com/o/logo-la-martina_1785271460952.jpg?alt=media&token=733f700a-5fa7-4fac-a299-7854a35a0723,"Torremolinos 485, Loc 116, Temuco",True,,Hamburguesas y Tablas,restaurante
ripley_inca_pecador,Banco Ripley,Tarjeta Ripley,Inca Pecador,40.0,porcentaje,40% dcto.,jueves,,,,Todos los sábados de agosto,Los Lagos,,,,0,0,,False,True,2026-08-20T13:37:51.036952,https://www.bancoripley.cl/beneficios-y-promociones,https://firebasestorage.googleapis.com/v0/b/banco-ripley-sp-2-0.appspot.com/o/background-Inca-Pecador_1779285372064.jpg?alt=media&token=3c4a5531-5a6d-42f7-8224-c289c901d81f,https://firebasestorage.googleapis.com/v0/b/banco-ripley-sp-2-0.appspot.com/o/logo-Inca-Pecador_1779285372063.jpg?alt=media&token=bfc24a5c-a689-4e03-a887-f72632fe98fc,"Diego Barros Arana 1030, Osorno",True,,Comida Peruana,restaurante
ripley_matureo_bar,Banco Ripley,Tarjeta Ripley,Matureo Bar,40.0,porcentaje,40% dcto.,jueves,,,,Todos los sábados de agosto,Los Lagos,,,,0,0,,False,True,2026-08-20T13:37:51.036965,https://www.bancoripley.cl/beneficios-y-promociones,https://firebasestorage.googleapis.com/v0/b/banco-ripley-sp-2-0.appspot.com/o/background-Matureo-bar_1779287726820.jpg?alt=media&token=0091c6fd-9c17-45f4-ac37-534860fc34f9,https://firebasestorage.googleapis.com/v0/b/banco-ripley-sp-2-0.appspot.com/o/logo-Matureo-bar_1779287726818.jpg?alt=media&token=5dfa969d-745c-4a58-9047-98106fcd642d,"Amthauer 7076, Osorno",True,,Comida Rapida,restaurante
ripley_baqueano,Banco Ripley,Tarjeta Ripley,Baqueano,40.0,porcentaje,40% dcto.,jueves,,,,Todos los sábados de agosto,Araucanía,,,,0,0,,False,True,2026-08-20T13:37:51.036978,https://www.bancoripley.cl/beneficios-y-promociones,https://firebasestorage.googleapis.com/v0/b/banco-ripley-sp-2-0.appspot.com/o/background-baquedano_1786115444459.jpg?alt=media&token=04135f91-5a75-47da-94eb-b52ed39770b3,https://firebasestorage.googleapis.com/v0/b/banco-ripley-sp-2-0.appspot.com/o/logo-baquedano_1786115444456.jpg?alt=media&token=a9d81ee1-6db9-4b09-9a18-38d47c004f49,"Hochstetter 1001, Temuco",True,,Carnes,restaurante
ripley_brasas_del_arriero,Banco Ripley,Tarjeta Ripley,Brasas del Arriero,20.0,porcentaje,20% dcto.,todos,,,,Todos los días hasta el 30 de Septiembre,Metropolitana,,La Florida,,0,0,,False,True,2026-08-20T13:37:51.036995,https://www.bancoripley.cl/beneficios-y-promociones,https://firebasestorage.googleapis.com/v0/b/banco-ripley-sp-2-0.appspot.com/o/background-brasas-arriero_1767716446913.jpg?alt=media&token=e4d0f888-c08c-4c7e-aa2c-ef7fbe888f43,https://firebasestorage.googleapis.com/v0/b/banco-ripley-sp-2-0.appspot.com/o/logo-brasas-arriero_1767716446911.jpg?alt=media&token=cae36b9c-7e6b-4c9e-893e-acce5deb0eaf,"Av. Trinidad Oriente 1307, La Florida",True,,Parrilladas,restaurante
ripley_sanbar,Banco Ripley,Tarjeta Ripley,Sanbar,20.0,porcentaje,20% dcto.,todos,,,,Todos los días hasta el 30 de Septiembre,Metropolitana,,Ñuñoa,,0,0,,False,True,2026-08-20T13:37:51.037011,https://www.bancoripley.cl/beneficios-y-promociones,https://firebasestorage.googleapis.com/v0/b/banco-ripley-sp-2-0.appspot.com/o/background-sanbar_1769437794754.jpg?alt=media&token=4445775a-6dc3-4d96-a523-1857e8c6f875,https://firebasestorage.googleapis.com/v0/b/banco-ripley-sp-2-0.appspot.com/o/logo-sanbar_1769437794753.jpg?alt=media&token=2c2e9880-05ed-4c10-bd55-5ae60b1ec962,"19 de Abril 3561, local 116, Ñuñoa",True,,Restobar,restaurante
ripley_ora_bar,Banco Ripley,Tarjeta Ripley,Ora Bar,20.0,porcentaje,20% dcto.,todos,,,,Todos los días hasta el 30 de Septiembre,Metropolitana,,Ñuñoa,,0,0,,False,True,2026-08-20T13:37:51.037026,https://www.bancoripley.cl/beneficios-y-promociones,https://firebasestorage.googleapis.com/v0/b/banco-ripley-sp-2-0.appspot.com/o/background-Ora-bar_1767717069552.jpg?alt=media&token=cf8086aa-eef5-4b80-98d5-bd6162d18dfb,https://firebasestorage.googleapis.com/v0/b/banco-ripley-sp-2-0.appspot.com/o/logo-Ora-bar_1767717069551.jpg?alt=media&token=fef0f9fa-71e8-4e6a-9d18-1ddc3d76e7b1,"Av. Irarrazaval 2051, local 18, Ñuñoa",True,,Gastronomia Nikkei,restaurante
ripley_porfirio,Banco Ripley,Tarjeta Ripley,Porfirio,20.0,porcentaje,20% dcto.,todos,,,,Todos los días hasta el 30 de septiembre,Metropolitana,,Providencia,,0,0,,False,True,2026-08-20T13:37:51.037042,https://www.bancoripley.cl/beneficios-y-promociones,https://firebasestorage.googleapis.com/v0/b/banco-ripley-sp-2-0.appspot.com/o/background-porfirio_1782403712750.jpg?alt=media&token=a36a0bf9-cd29-4e5b-a242-3ab0f540d312,https://firebasestorage.googleapis.com/v0/b/banco-ripley-sp-2-0.appspot.com/o/logo-porfirio_1782403712748.jpg?alt=media&token=1dcd65b5-c2bc-4ad6-a228-692d6c15ac01,"Manuel Montt 697, Providencia",True,,"Fusión Chilena, Peruana y Mexicana",restaurante
ripley_expendio,Banco Ripley,Tarjeta Ripley,Expendio,20.0,porcentaje,20% dcto.,todos,,,,Todos los días hasta el 30 de septiembre,Metropolitana,,Providencia,,0,0,,False,True,2026-08-20T13:37:51.037058,https://www.bancoripley.cl/beneficios-y-promociones,https://firebasestorage.googleapis.com/v0/b/banco-ripley-sp-2-0.appspot.com/o/background-Expendio_1753721332692.jpeg?alt=media&token=bca96ed0-7cd2-4ac9-9fa0-cd0451229b30,https://firebasestorage.googleapis.com/v0/b/banco-ripley-sp-2-0.appspot.com/o/logo-expendioMMpntt_1753721332692.jpeg?alt=media&token=d793db5f-06b5-4b0d-af0d-122788afadbc,"Manuel Montt 727, Providencia",True,,"Mexicana, Chilena y Peruana",restaurante
ripley_don_taco,Banco Ripley,Tarjeta Ripley,Don Taco,20.0,porcentaje,20% dcto.,todos,,,,Todos los días hasta el 30 de septiembre,Antofagasta,,,,0,0,,False,True,2026-08-20T13:37:51.037086,https://www.bancoripley.cl/beneficios-y-promociones,https://firebasestorage.googleapis.com/v0/b/banco-ripley-sp-2-0.appspot.com/o/background-don-taco_1772026371425.jpg?alt=media&token=40119741-d992-46fe-b609-9a2f57d33794,https://firebasestorage.googleapis.com/v0/b/banco-ripley-sp-2-0.appspot.com/o/logo-don-taco_1772026371422.jpg?alt=media&token=46a8aaf3-0c88-4131-938f-9f9a971bb404,"Avda. Pedro Aguirre Cerda 10578, Antofagasta",True,,Mexicana,restaurante
ripley_koala_sushi,Banco Ripley,Tarjeta Ripley,Koala Sushi,20.0,porcentaje,20% dcto.,todos,,,,Todos los días hasta el 30 de septiembre,Valparaíso,,,,0,0,,False,True,2026-08-20T13:37:51.037102,https://www.bancoripley.cl/beneficios-y-promociones,https://firebasestorage.googleapis.com/v0/b/banco-ripley-sp-2-0.appspot.com/o/background-Koala_1769439208459.jpg?alt=media&token=3f37255e-b9d1-4ff5-8016-7cf62599addc,https://firebasestorage.googleapis.com/v0/b/banco-ripley-sp-2-0.appspot.com/o/logo-koala_1769439208458.jpg?alt=media&token=7cc66cd1-9d8e-40c4-a97d-a142c681a75d,"Ecuador 228, Viña del Mar",True,,Sushi,restaurante
ripley_rossonero,Banco Ripley,Tarjeta Ripley,Rossonero,20.0,porcentaje,20% dcto.,todos,,,,Todos los días hasta el 30 de septiembre,Valparaíso,,,,0,0,,False,True,2026-08-20T13:37:51.037117,https://www.bancoripley.cl/beneficios-y-promociones,https://firebasestorage.googleapis.com/v0/b/banco-ripley-sp-2-0.appspot.com/o/background-rossonero_1767723387863.jpg?alt=media&token=91e4f509-8720-4c2d-952e-85171863ecde,https://firebasestorage.googleapis.com/v0/b/banco-ripley-sp-2-0.appspot.com/o/logo-rossonero_1767723387861.jpg?alt=media&token=7f2a7317-9c79-4dae-9cb2-cecf19a42984,"San Martin 469, Viña del Mar",True,,Italiano,restaurante
ripley_gust__restobar,Banco Ripley,Tarjeta Ripley,Gustó Restobar,20.0,porcentaje,20% dcto.,todos,,,,Todos los días hasta el 30 de septiembre,Biobío,,,,0,0,,False,True,2026-08-20T13:37:51.037132,https://www.bancoripley.cl/beneficios-y-promociones,https://firebasestorage.googleapis.com/v0/b/banco-ripley-sp-2-0.appspot.com/o/background-gusto_1767724669527.jpg?alt=media&token=30d3de21-f12a-4fac-9887-372a68b6ebe7,https://firebasestorage.googleapis.com/v0/b/banco-ripley-sp-2-0.appspot.com/o/logo-gusto_1767724669526.jpg?alt=media&token=9948af08-ba9f-45a2-9ab5-355680eeab7c,"Rengo 351, Concepción",True,,Saludable,restaurante
ripley_lebol,Banco Ripley,Tarjeta Ripley,Lebol,20.0,porcentaje,20% dcto.,todos,,,,Todos los días hasta el 30 de septiembre,Biobío,,,,0,0,,False,True,2026-08-20T13:37:51.037147,https://www.bancoripley.cl/beneficios-y-promociones,https://firebasestorage.googleapis.com/v0/b/banco-ripley-sp-2-0.appspot.com/o/background-Lebol_1760037575368.jpg?alt=media&token=8f821873-f5eb-40e8-8e68-794a789a6246,https://firebasestorage.googleapis.com/v0/b/banco-ripley-sp-2-0.appspot.com/o/logo-lebol_1760037575366.jpg?alt=media&token=d2253a16-118a-4d91-8bd8-699c1b263528,"Av. Ramon Carrasco 99, Concepción",True,,Fusión Chilena-Peruana,restaurante
entel_dunkin,Entel,Entel,Dunkin,30.0,porcentaje,30% dcto.,jueves,,,,,,,,,0,0,,True,True,2026-08-20T13:37:51.361446,https://www.entel.cl/beneficios/descuentos/dunkin,https://entel.cdn.modyo.com/uploads/4db6396f-2542-4cb8-8563-ac3451fd1ba6/original/Card_General_12_.png,,,True,,**30% descuento** \n Todos los jueves,restaurante
entel_papa_johns,Entel,Entel,Papa Johns,25.0,porcentaje,25% dcto.,todos,,,,,,,,,0,0,,True,True,2026-08-20T13:37:51.361515,https://www.entel.cl/beneficios/descuentos/papa-johns,https://entel.cdn.modyo.com/uploads/faf67552-c51b-4bf9-9b09-fc4bb1127c61/original/_Card_General.png,,,True,,25% de dcto. en el total de tu boleta,restaurante
entel_casta_o,Entel,Entel,Castaño,0.0,otro,$100,todos,,,,,,,,,0,0,,True,True,2026-08-20T13:37:51.361623,https://www.entel.cl/beneficios/descuentos/castano,https://entel.cdn.modyo.com/uploads/4f276556-a28c-4044-9be8-e47744366605/original/Card_General_22_.png,,,True,,Berlín a $100 al comprar un café mediano,restaurante
entel_starbucks,Entel,Entel,Starbucks,30.0,porcentaje,30% dcto.,"martes, miercoles",,,,,,,,,0,0,,True,True,2026-08-20T13:37:51.361668,https://www.entel.cl/beneficios/descuentos/starbucks,https://entel.cdn.modyo.com/uploads/71bb34a2-4808-455f-96d5-03ce0c2161f6/original/imagenes_5_.webp,,,True,,**30% descuento** todos los martes y miércoles,restaurante
entel_burger_king,Entel,Entel,Burger King,25.0,porcentaje,25% dcto.,miercoles,,,,,,,,,0,0,,True,True,2026-08-20T13:37:51.361705,https://www.entel.cl/beneficios/descuentos/burger-king,https://entel.cdn.modyo.com/uploads/624d5bad-6bb7-4b7d-aa3b-d63d14c4489e/original/Card_General_2_.webp,,,True,,25% dcto los días miércoles,restaurante
entel_just_burger,Entel,Entel,Just Burger,25.0,porcentaje,25% dcto.,"lunes, martes, jueves, domingo",,,,,,,,,0,0,,True,True,2026-08-20T13:37:51.361740,https://www.entel.cl/beneficios/descuentos/justburger,https://entel.cdn.modyo.com/uploads/037bd5ef-a61b-44c8-8f65-cf540aae1357/original/Card_General_17_.png,,,True,,"**25% dcto.** lunes, martes, jueves y domingo",restaurante
entel_entrelagos,Entel,Entel,Entrelagos,15.0,porcentaje,15% dcto.,todos,,,,,,,,,0,0,,True,True,2026-08-20T13:37:51.361780,https://www.entel.cl/beneficios/descuentos/entrelagos,https://entel.cdn.modyo.com/uploads/2a559cdb-359d-41c2-8e94-1e850d5bf42e/original/caluga-entrelagos.png,,,True,,15% de dcto. en compras realizadas de manera online,restaurante
entel_hola_ola,Entel,Entel,Hola Ola,20.0,porcentaje,20% dcto.,todos,,,,,,,,,0,0,,True,True,2026-08-20T13:37:51.361826,https://www.entel.cl/beneficios/descuentos/hola-ola,https://entel.cdn.modyo.com/uploads/a0ea05f0-0a88-4422-96e0-8174290968bf/original/caluga-holaola.webp,,,True,,20% dcto. en cafetería,restaurante
entel_juan_maestro,Entel,Entel,Juan Maestro,30.0,porcentaje,30% dcto.,jueves,,,,,,,,,0,0,,True,True,2026-08-20T13:37:51.361859,https://www.entel.cl/beneficios/descuentos/juanmaestro,https://entel.cdn.modyo.com/uploads/1781df84-a876-47e7-ac79-41451f9028a0/original/caluga-juan-maestro.webp,,,True,,30% Descuento en todo el menú solo los jueves,restaurante
entel_franchute,Entel,Entel,Franchute,35.0,porcentaje,35% dcto.,"lunes, martes",,,,,,,,,0,0,,True,True,2026-08-20T13:37:51.361921,https://www.entel.cl/beneficios/descuentos/franchute,https://entel.cdn.modyo.com/uploads/ae00ec46-20ab-450f-b80e-075a13ee0b4c/original/card_ppl_franchute.png,,,True,,35% de descuento en la barra los días lunes y martes,restaurante
entel_rappi,Entel,Entel,Rappi,80.0,porcentaje,80% dcto.,todos,,,,,,,,,0,0,,True,True,2026-08-20T13:37:51.361950,https://www.entel.cl/beneficios/descuentos/rappi,https://entel.cdn.modyo.com/uploads/c42f8c6d-716c-41fb-9122-9a648a1c2364/original/caluga-rappi.png,,,True,,80% dcto en envíos por 3 meses,restaurante
entel_local_burger,Entel,Entel,Local Burger,25.0,porcentaje,25% dcto.,"domingo, lunes, martes",,,,,,,,,0,0,,True,True,2026-08-20T13:37:51.361980,https://www.entel.cl/beneficios/descuentos/local-burguer,https://entel.cdn.modyo.com/uploads/1fde97d8-ae8b-4186-96d7-149eec4b0cd5/original/_Card_General_8_.png,,,True,,25% de dcto. de Domingo a Martes.,restaurante
entel_green_lab,Entel,Entel,Green Lab,15.0,porcentaje,15% dcto.,"sabado, domingo, lunes, martes, miercoles",,,,,,,,,0,0,,True,True,2026-08-20T13:37:51.362012,https://www.entel.cl/beneficios/descuentos/green-lab,https://entel.cdn.modyo.com/uploads/b07889ac-b7d9-4689-8bf1-bb528e00336f/original/caluga-greenlab.png,,,True,,15% dcto de sábado a miércoles,restaurante
entel_doggis,Entel,Entel,Doggis,30.0,porcentaje,30% dcto.,miercoles,,,,,,,,,0,0,,True,True,2026-08-20T13:37:51.362042,https://www.entel.cl/beneficios/descuentos/doggis,https://entel.cdn.modyo.com/uploads/da8d22e5-2c2f-4aeb-a181-3054d2f34985/original/caluga-doggis.png,,,True,,30% dcto en todo el menú solo los miércoles,restaurante
entel_tommy_beans,Entel,Entel,Tommy Beans,30.0,porcentaje,30% dcto.,martes,,,,,,,,,0,0,,True,True,2026-08-20T13:37:51.362115,https://www.entel.cl/beneficios/descuentos/tommybeans,https://entel.cdn.modyo.com/uploads/b22539c5-afd5-4b14-ae41-3d15765f2aa1/original/caluga-tommybeans.webp,,,True,,**30% descuento** en todo el menú solo los martes,restaurante
entel_biancolatte,Entel,Entel,Biancolatte,20.0,porcentaje,20% dcto.,todos,,,,,,,,,0,0,,True,True,2026-08-20T13:37:51.362159,https://www.entel.cl/beneficios/descuentos/biancolatte,https://entel.cdn.modyo.com/uploads/ccf5b0dc-9a5a-4049-9304-45942a135f16/original/card_general_7_.webp,,,True,,20% descuento en tienda,restaurante
entel_yogen_fr_z,Entel,Entel,Yogen Früz,20.0,porcentaje,20% dcto.,todos,,,,,,,,,0,0,,True,True,2026-08-20T13:37:51.362190,https://www.entel.cl/beneficios/descuentos/yogen-fruz,https://entel.cdn.modyo.com/uploads/0c4137e0-528b-4934-a5a8-ba9ce470960e/original/card_general_8_.webp,,,True,,20% descuento en tienda,restaurante
entel_mr__pretzels,Entel,Entel,Mr. Pretzels,20.0,porcentaje,20% dcto.,todos,,,,,,,,,0,0,,True,True,2026-08-20T13:37:51.362218,https://www.entel.cl/beneficios/descuentos/mr-pretzels,https://entel.cdn.modyo.com/uploads/45f258a1-a889-488b-8e71-ed5533ac03e0/original/card_general_9_.webp,,,True,,20% descuento en tienda,restaurante
entel_boost,Entel,Entel,Boost,20.0,porcentaje,20% dcto.,todos,,,,,,,,,0,0,,True,True,2026-08-20T13:37:51.362243,https://www.entel.cl/beneficios/descuentos/boost,https://entel.cdn.modyo.com/uploads/047ec4b7-e50d-40cd-88b6-15ea6ba77e69/original/card_general_10_.webp,,,True,,20% descuento en tienda,restaurante
entel_barrio_chick_en,Entel,Entel,Barrio Chick'en,30.0,porcentaje,30% dcto.,lunes,,,,,,,,,0,0,,True,True,2026-08-20T13:37:51.362271,https://www.entel.cl/beneficios/descuentos/barrio-chicken,https://entel.cdn.modyo.com/uploads/efc135c9-7e18-4b8c-a0ee-88e1d870191a/original/card_general_14_.webp,,,True,,**30% dcto.** los lunes en todo el menú,restaurante
entel_domino_s_pizza,Entel,Entel,Domino's Pizza,40.0,porcentaje,40% dcto.,domingo,,,,,,,,,0,0,,True,True,2026-08-20T13:37:51.362297,https://www.entel.cl/beneficios/descuentos/dominos-pizza,https://entel.cdn.modyo.com/uploads/ee477e81-7d77-41c6-9182-d637731d4e38/original/card_general_21_.webp,,,True,,**40% dcto.** los domingos con el Club Entel,restaurante
entel_oakberry,Entel,Entel,OAKBERRY,20.0,porcentaje,20% dcto.,martes,,,,,,,,,0,0,,True,True,2026-08-20T13:37:51.362323,https://www.entel.cl/beneficios/descuentos/oakberry,https://entel.cdn.modyo.com/uploads/e9635680-24dc-4782-bf8f-6be884a08258/original/card_general_45_.webp,,,True,,20% dcto. los martes con el Club Entel,restaurante
entel_tpm,Entel,Entel,TPM,20.0,porcentaje,20% dcto.,miercoles,,,,,,,,,0,0,,True,True,2026-08-20T13:37:51.362349,https://www.entel.cl/beneficios/descuentos/tpm,https://entel.cdn.modyo.com/uploads/ae6a9ace-54d9-4d25-ad7d-ff645e0d0747/original/card_general_46_.webp,,,True,,20% dcto. los miércoles en toda la carta,restaurante
entel_tarragona,Entel,Entel,Tarragona,30.0,porcentaje,30% dcto.,martes,,,,,,,,,0,0,,True,True,2026-08-20T13:37:51.362376,https://www.entel.cl/beneficios/descuentos/tarragona,https://entel.cdn.modyo.com/uploads/fcc53bc0-d6f6-43ae-87a0-115a4865a024/original/Card_General_9_.webp,,,True,,**30% dcto.** los martes en el total de la boleta,restaurante
entel_roof_burger,Entel,Entel,Roof Burger,25.0,porcentaje,25% dcto.,"lunes, jueves",,,,,,,,,0,0,,True,True,2026-08-20T13:37:51.362402,https://www.entel.cl/beneficios/descuentos/roof-burger,https://entel.cdn.modyo.com/uploads/a74f3181-4a1a-4533-9d84-ada894a76865/original/card_general_48_.webp,,,True,,25% dcto en el total de tu boleta lunes y jueves,restaurante
entel_el_caf__rosa,Entel,Entel,El Café Rosa,25.0,porcentaje,25% dcto.,"lunes, martes, jueves",,,,,,,,,0,0,,True,True,2026-08-20T13:37:51.362432,https://www.entel.cl/beneficios/descuentos/cafe-rosa,https://entel.cdn.modyo.com/uploads/481d5411-24a3-4f5c-b8ec-84471c24d555/original/card_general_49_.webp,,,True,,"25% dcto en el total de tu boleta lunes, martes y jueves",restaurante
entel_central_55,Entel,Entel,Central 55,20.0,porcentaje,20% dcto.,"martes, miercoles, domingo",,,,,,,,,0,0,,True,True,2026-08-20T13:37:51.362462,https://www.entel.cl/beneficios/descuentos/central-55,https://entel.cdn.modyo.com/uploads/3667ec03-13d5-4c12-bf63-dc49021db072/original/card_general_50_.webp,,,True,,"20% dcto. en el total de tu boleta martes, miércoles y domingos",restaurante
entel_yogurt_life,Entel,Entel,Yogurt Life,25.0,porcentaje,25% dcto.,"lunes, martes, miercoles",,,,,,,,,0,0,,True,True,2026-08-20T13:37:51.362491,https://www.entel.cl/beneficios/descuentos/yogurt-life,https://entel.cdn.modyo.com/uploads/c10f438c-f37a-4922-97ff-3fa16b322409/original/card_general_52_.webp,,,True,,"25% dcto. en el total de tu boleta lunes, martes y miércoles",restaurante
tenpo_papa_johns___mastercard,Tenpo,Tenpo,Papa johns - Mastercard,25.0,porcentaje,25% dcto.,domingo,,,,,,,,,0,0,,True,True,2026-08-20T13:37:51.953128,https://www.tenpo.cl/beneficios/papa-johns-mastercard-agosto-2026,https://cdn.prod.website-files.com/649515d851b438f5fe7d2967/6a6d398c42c0e0c22756e41d_6a6c483cbd6d0c128e552157_6a3ed8c3d1b4b22d175b3527_6a1d8e91123c6cde303bbcab_6a188ea3d6267a29800afb3e_69a07352f925bb2be02bff4a_690218ce6a57b81c93799b08_Img_card_papajohns.png,https://cdn.prod.website-files.com/649515d851b438f5fe7d2967/6a6d398c42c0e0c22756e424_6a6c483cbd6d0c128e55214f_6a3ed8c3d1b4b22d175b351d_6a1d8e91123c6cde303bbca2_6a188ea4d6267a29800afb44_69a0734a51d8639be4c5f694_688ae5ff99a6f0d52be8b07a_logo-papajohns.svg,,True,,Tu antojo favorito lo pagas con tus Tarjetas Tenpo.,restaurante
tenpo_les_dix_vins,Tenpo,Tenpo,Les Dix Vins,15.0,porcentaje,15% dcto.,todos,,,,,,,,,0,0,,True,True,2026-08-20T13:37:51.960220,https://www.tenpo.cl/beneficios/les-dix-vins-agosto-2026,https://cdn.prod.website-files.com/649515d851b438f5fe7d2967/6a6d399c675b80f45aecce56_6a6c484a08d0ccd61a77b679_6a3ed8d8c386d4cb7d2ed9a0_6a1d8ea322da958a2e2c9957_6a188eb2f62e15e84d9f2ddf_69a0b9fc359c308d1460dfe7_688b6ddb68b6c4887239eab5_card-lesdixvins.png,https://cdn.prod.website-files.com/649515d851b438f5fe7d2967/6a6d399c675b80f45aecce5e_6a6c484a08d0ccd61a77b67e_6a3ed8d8c386d4cb7d2ed99a_6a1d8ea322da958a2e2c994e_6a188eb2f62e15e84d9f2de8_69a0b9f6e364f07a0af82477_688b6df0afcec33df76131c9_logo-lesdixvins.svg,,True,,Pagando con tus tarjetas Tenpo,restaurante
tenpo_we_are_four,Tenpo,Tenpo,We are four,20.0,porcentaje,20% dcto.,todos,,,,,,,,,0,0,,True,True,2026-08-20T13:37:51.961109,https://www.tenpo.cl/beneficios/we-are-four-agosto-2026,https://cdn.prod.website-files.com/649515d851b438f5fe7d2967/6a6d399b588830d9a964d49c_6a6c4849e7585ba74ab4a52b_6a3ed8d67e092b7ac41c97da_6a1d8ea271a7ee57ff945240_6a188eb160a7e47ef5183cef_69a0b930ff185f92b2158f67_688bc6217abf1655b7e39a36_card-wearefour.png,https://cdn.prod.website-files.com/649515d851b438f5fe7d2967/6a6d399b588830d9a964d499_6a6c4849e7585ba74ab4a52e_6a3ed8d57e092b7ac41c97cc_6a1d8ea171a7ee57ff945237_6a188eb160a7e47ef5183cf2_69a0b8fd569aba9928fed0d8_wearefour-logo.png,,True,,El mejor café se paga con Tenpo. Aprovecha este beneficio en café de grano y en bebidas preparadas.,restaurante
tenpo_bar_sociedad,Tenpo,Tenpo,Bar Sociedad,20.0,porcentaje,20% dcto.,miercoles,,,,,,,,,0,0,,True,True,2026-08-20T13:37:51.973365,https://www.tenpo.cl/beneficios/bar-sociedad-agosto-2026,https://cdn.prod.website-files.com/649515d851b438f5fe7d2967/6a6d39a8588830d9a964d5e7_6a6c48563b9077afa4c1e77d_6a3ed8e87e092b7ac41c9cc4_6a1d8eb1c88e83c3ccbf4293_6a188ebeb4a185d7dcc013fb_69a0c1643b44661e4bc7f508_688b9fb6693b2590c1bcaff8_card-barsociedad.png,https://cdn.prod.website-files.com/649515d851b438f5fe7d2967/6a6d39a8588830d9a964d5e3_6a6c48563b9077afa4c1e785_6a3ed8e87e092b7ac41c9ca9_6a1d8eb1c88e83c3ccbf427d_6a188ebeb4a185d7dcc013f4_69a0c1554938c1e9652e5bc0_688ba03908e06ccb3aad26a5_logo-barsociedad.svg,,True,,Pagando con tus tarjetas Tenpo,restaurante
tenpo_porfirio,Tenpo,Tenpo,Porfirio,20.0,porcentaje,20% dcto.,"martes, domingo",,,,,,,,,0,0,,True,True,2026-08-20T13:37:51.974262,https://www.tenpo.cl/beneficios/porfirio-agosto-2026,https://cdn.prod.website-files.com/649515d851b438f5fe7d2967/6a6d39a6802ca3e4e470dc7b_6a6c4854d905f50a9a304f7f_6a3ed8e5d0280506119ebef4_6a1d8eb0deaae33a7c7b9688_6a188ebb4fc11f0b40ece351_69a0c0e81a9437da28d75e24_688b9142d6614fdfc21faa89_card-porfirio.png,https://cdn.prod.website-files.com/649515d851b438f5fe7d2967/6a6d39a6802ca3e4e470dc75_6a6c4854d905f50a9a304f7c_6a3ed8e5d0280506119ebeed_6a1d8eb0deaae33a7c7b968d_6a188ebb4fc11f0b40ece34e_69a0c0e8ca694749aa28447a_688b918b31f32653406e211d_logo-porfirio.png,,True,,Pagando con tus tarjetas Tenpo,restaurante
tenpo_expendio,Tenpo,Tenpo,Expendio,20.0,porcentaje,20% dcto.,"martes, domingo",,,,,,,,,0,0,,True,True,2026-08-20T13:37:51.975156,https://www.tenpo.cl/beneficios/expendio-agosto-2026,https://cdn.prod.website-files.com/649515d851b438f5fe7d2967/6a6d39a46461dc01f40560c9_6a6c4852327b304792fc9726_6a3ed8e30fd69bee6dc94883_6a1d8eaefb7226aae691e685_6a188eba83e54d86cbd16cb9_69a0bdaf6121751865e3828e_688bbf03d953ee557a87e385_banner-expendio.png,https://cdn.prod.website-files.com/649515d851b438f5fe7d2967/6a6d39a46461dc01f40560c4_6a6c4852327b304792fc971c_6a3ed8e30fd69bee6dc94858_6a1d8eadfb7226aae691e666_6a188eba83e54d86cbd16cbc_69a0bdaca88a4f3a1f36801b_688bbf006baf828010b36319_logo-expendio.png,,True,,Pagando con tus tarjetas Tenpo,restaurante
tenpo_ruca_bar,Tenpo,Tenpo,Ruca Bar,25.0,porcentaje,25% dcto.,todos,,,,,,,,,0,0,,True,True,2026-08-20T13:37:51.976028,https://www.tenpo.cl/beneficios/ruca-bar-agosto-2026,https://cdn.prod.website-files.com/649515d851b438f5fe7d2967/6a6d39a334d6c6dc1b8eaae5_6a6c485108d0ccd61a77b93a_6a3ed8e03c70b79d7924ad28_6a1d8eac50ca55f2dd8aed69_6a188eb8f82bdc64a386831d_69a0bcdb58841ddae2843027_688bb8a07b71b6767406a8b8_card-rucabar.png,https://cdn.prod.website-files.com/649515d851b438f5fe7d2967/6a6d39a334d6c6dc1b8eaada_6a6c485108d0ccd61a77b930_6a3ed8e03c70b79d7924ad1d_6a1d8eac50ca55f2dd8aed3b_6a188eb8f82bdc64a38682f1_69a0bcd9f0a1c7f4b689233d_688bb67f25219da527ccad20_logo-rucabar.svg,,True,,Pagando con tus Tarjetas Tenpo,restaurante
liderbci_cc71663a-2b3a-4529-bf42-ccc8d24301e6,Lider BCI,Tarjeta Lider BCI,Descuentos - The One,5.0,monto,$5.490,"lunes, martes, miercoles, jueves, viernes, sabado, domingo",,,10-08-2026,23-08-2026,,,,,0,0,,True,True,2026-08-20T13:37:52.343515,https://www.liderbci.cl/descuentos/the-one,https://cdn3.bci.cl/uploads/01014c1b-793c-4a74-94eb-19da85dbfc7d/original/LOGO_theone.png,https://cdn3.bci.cl/uploads/01014c1b-793c-4a74-94eb-19da85dbfc7d/original/LOGO_theone.png,,True,,¡Tu sándwich del Torneo TheONE por solo $5.490 con Lider Bci! 🍔🔥,restaurante
liderbci_dde621f6-9a8c-4489-a1ac-804fe9bb0b3d,Lider BCI,Tarjeta Lider BCI,Tarragona,40.0,porcentaje,40% Dcto.,jueves,,,01-08-2026,31-08-2026,,,,,0,0,,False,True,2026-08-20T13:37:52.343658,https://www.liderbci.cl/descuentos/tarragona,https://cdn3.bci.cl/uploads/400dd229-128b-4f37-87ce-471f07244cf8/original/tarragona-svg.webp,https://cdn3.bci.cl/uploads/400dd229-128b-4f37-87ce-471f07244cf8/original/tarragona-svg.webp,,True,,Bienvenido a disfrutar este nuevo beneficio: 40% Dcto. Los jueves en Tarragona.,restaurante
liderbci_b882e836-f2b4-48d3-937b-5df1c5804e65,Lider BCI,Tarjeta Lider BCI,Rappi,50.0,porcentaje,50% dcto.,"lunes, martes, miercoles, jueves, viernes, sabado, domingo",,,01-08-2026,31-08-2026,,,,,0,6500,,True,False,2026-08-20T13:37:52.343761,https://www.liderbci.cl/descuentos/rappi,https://cdn3.bci.cl/uploads/43aa7b32-80c2-4723-8b5d-c1b841e8ea66/original/Rappi-Logo-370x400.webp,https://cdn3.bci.cl/uploads/43aa7b32-80c2-4723-8b5d-c1b841e8ea66/original/Rappi-Logo-370x400.webp,,True,,¡Increíble! 50% de dcto. en Rappi con tu Lider Bci,restaurante
liderbci_70dca44b-78c9-4cac-87e1-7d5fd00d04df,Lider BCI,Tarjeta Lider BCI,Wendy's,30.0,porcentaje,30% Dcto.,miercoles,,,01-08-2026,31-08-2026,,,,,0,0,,False,True,2026-08-20T13:37:52.343781,https://www.liderbci.cl/descuentos/wendys,https://cdn3.bci.cl/uploads/8de48c6e-e1a9-4e80-bb26-7a8698606960/original/wendys-Caluga-370x400.png,https://cdn3.bci.cl/uploads/8de48c6e-e1a9-4e80-bb26-7a8698606960/original/wendys-Caluga-370x400.png,,True,,"¡30% Dcto. en tu Combo Baconator Doble, solo los Miércoles!",restaurante
liderbci_7aebfcb5-0e3f-406d-a419-514ba12b1e7b,Lider BCI,Tarjeta Lider BCI,China Wok,30.0,porcentaje,30% Dcto.,miercoles,,,01-08-2026,31-08-2026,,,,,0,0,,False,True,2026-08-20T13:37:52.343816,https://www.liderbci.cl/descuentos/china-wok,https://cdn3.bci.cl/uploads/97c2c715-d293-4a92-9d93-0d6f3f15fb72/original/370x400.png,https://cdn3.bci.cl/uploads/97c2c715-d293-4a92-9d93-0d6f3f15fb72/original/370x400.png,,True,,MIÉRCOLES 30% de descuento en China Wok.,restaurante
liderbci_0c56eb85-f2bb-4a13-826d-fe3705f2380c,Lider BCI,Tarjeta Lider BCI,KFC,30.0,porcentaje,30% Dcto.,lunes,,,01-08-2026,31-08-2026,,,,,0,0,,False,True,2026-08-20T13:37:52.343830,https://www.liderbci.cl/descuentos/kfc,https://cdn3.bci.cl/uploads/579e4a63-3086-48aa-94df-fb649367c63c/original/370x400.webp,https://cdn3.bci.cl/uploads/579e4a63-3086-48aa-94df-fb649367c63c/original/370x400.webp,,True,,LUNES 30% de descuento en Kentucky Fried Chicken.,restaurante
liderbci_d3764739-506b-4de6-a708-4133fa6b8e0a,Lider BCI,Tarjeta Lider BCI,Just burger,40.0,porcentaje,40% Dcto.,jueves,,,01-08-2026,31-08-2026,,,,,0,10000,,True,True,2026-08-20T13:37:52.343845,https://www.liderbci.cl/descuentos/just-burger,https://cdn3.bci.cl/uploads/a3d71942-cea9-452a-ac65-2f07d79d6849/original/Just_Burger_logo_1_.webp,https://cdn3.bci.cl/uploads/a3d71942-cea9-452a-ac65-2f07d79d6849/original/Just_Burger_logo_1_.webp,,True,,"JUEVES: 40% dcto. en Just Burger con Lider Bci en locales, web y App.",restaurante
liderbci_2e6ebd25-c20a-442a-a329-577a626a40f5,Lider BCI,Tarjeta Lider BCI,Buffet Express,20.0,porcentaje,20% Dcto.,viernes,,,01-08-2026,31-08-2026,,,,,0,0,,False,True,2026-08-20T13:37:52.344006,https://www.liderbci.cl/descuentos/buffet-express,https://cdn3.bci.cl/uploads/212becfc-617e-467d-9c3e-452768651578/original/logo_buffet_express.webp,https://cdn3.bci.cl/uploads/212becfc-617e-467d-9c3e-452768651578/original/logo_buffet_express.webp,,True,,20% de descuento en Buffet Express,restaurante
liderbci_4d20cc87-0567-490f-8f38-cc2202cebf36,Lider BCI,Tarjeta Lider BCI,Burger King,40.0,porcentaje,40% Dcto.,miercoles,,,01-08-2026,31-08-2026,,,,,0,7000,,False,True,2026-08-20T13:37:52.344041,https://www.liderbci.cl/descuentos/burger-king,https://cdn3.bci.cl/uploads/14deeca6-48c9-469e-b25a-02fba74cc822/original/logo_burger_king.webp,https://cdn3.bci.cl/uploads/14deeca6-48c9-469e-b25a-02fba74cc822/original/logo_burger_king.webp,,True,,40% de descuento en Burger King,restaurante
liderbci_6b9b33a6-d823-4f9d-b0dc-696d1ed01897,Lider BCI,Tarjeta Lider BCI,McDonald's,40.0,porcentaje,40% Dcto.,martes,,,01-08-2026,31-08-2026,,,,,0,0,,True,True,2026-08-20T13:37:52.344054,https://www.liderbci.cl/descuentos/mcdonalds,https://cdn3.bci.cl/uploads/388c1af2-30a4-4c5f-8866-78561b629aa7/original/logo_mcdonalds.svg,https://cdn3.bci.cl/uploads/388c1af2-30a4-4c5f-8866-78561b629aa7/original/logo_mcdonalds.svg,,True,,40% de descuento en la App McDonald's,restaurante
liderbci_0192bb07-2c97-4af8-989f-2bfc4ade85a0,Lider BCI,Tarjeta Lider BCI,Starbucks,30.0,porcentaje,30% Dcto.,lunes,,,01-08-2026,31-08-2026,,,,,0,0,,False,True,2026-08-20T13:37:52.344095,https://www.liderbci.cl/descuentos/starbucks,https://cdn3.bci.cl/uploads/78fbe8db-1e38-44c4-9a45-c03cf9053a3e/original/logo_starbucks.webp,https://cdn3.bci.cl/uploads/78fbe8db-1e38-44c4-9a45-c03cf9053a3e/original/logo_starbucks.webp,,True,,30% de descuento en Starbucks,restaurante
liderbci_7d8b5876-1441-4778-952b-4cda09e49e8d,Lider BCI,Tarjeta Lider BCI,Papa Johns,25.0,porcentaje,25% Dcto.,"lunes, martes, miercoles, jueves, viernes, sabado, domingo",,,01-08-2026,31-08-2026,,,,,0,15000,,True,True,2026-08-20T13:37:52.344159,https://www.liderbci.cl/descuentos/papa-johns,https://cdn3.bci.cl/uploads/eceb768a-a441-4ff4-96e1-d5243c885484/original/logo-papa-johns.webp,https://cdn3.bci.cl/uploads/eceb768a-a441-4ff4-96e1-d5243c885484/original/logo-papa-johns.webp,,True,,25% de descuento en Papa Johns,restaurante
bice_58b45e6e-1764-4fa1-b8fd-5b52b7a94ca7,Banco BICE,"Tarjeta Visa Infinite, Tarjeta Visa Signature",DAI! Heladería,40.0,porcentaje,40% dcto.,miercoles,,,01-Dic-2025,31-Ago-2026,Metropolitana,,Providencia,,0,0,,False,True,2026-08-20T13:37:52.842501,https://banco.bice.cl/personas/beneficios/dai-heladeria,https://bice.modyocdn.com/uploads/0bdb7683-89e4-4327-8958-18d7269fca73/original/imagenes-dai2.png,https://bice.modyocdn.com/uploads/44bf6a3f-5bb6-46c0-9ebd-6b9a6523d8da/original/logo-dai.jpg,"Suecia N°210 Local #3, Providencia.",True,,"40% de dcto. todos los miércoles de forma presencial, exclusivo con tu Tarjeta de Crédito Banco BICE.",restaurante
bice_cd0a57fd-5837-4c74-bbe6-4faf3d400f04,Banco BICE,"Tarjeta Visa Infinite, Tarjeta Visa Signature",Terra Acaí,40.0,porcentaje,40% de dcto.,miercoles,,,01-Jul-2026,31-Ago-2026,Metropolitana,,Las Condes,,0,0,,False,False,2026-08-20T13:37:52.842546,https://banco.bice.cl/personas/beneficios/terra-acai,https://bice.modyocdn.com/uploads/c33c278d-0c81-4691-b58c-4af06924a05b/original/imagen740x450_5.jpg,https://bice.modyocdn.com/uploads/337662cb-87aa-43ae-8cfc-e519b5c58be9/original/logo.jpg,"Avenida las condes 7430, local 5, Las Condes.",True,,40% de dcto. todos los miércoles. Exclusivo con tu Tarjeta de Crédito Banco BICE.,restaurante
bice_8c467e8c-a467-4646-aeaa-7a88507f42c6,Banco BICE,"Tarjeta Visa Infinite, Tarjeta Visa Signature",La Cascade Bistró & Café,40.0,porcentaje,40% de dcto.,miercoles,,,01-Ago-2026,31-Ago-2026,Metropolitana,,Vitacura,,0,0,,False,True,2026-08-20T13:37:52.842573,https://banco.bice.cl/personas/beneficios/la-cascade-bistro-and-cafe,https://bice.modyocdn.com/uploads/cb17c9b6-6b92-4ee1-8d0a-969cbe8473b6/original/imagen740x450_3.jpg,https://bice.modyocdn.com/uploads/f7083d86-0f8b-4df9-a0cb-67e87252308f/original/logo.jpg,"Av. Escriva de Balaguer N°6400, Local 8, Vitacura",True,,40% de dcto. los miércoles . Exclusivo con tu Tarjeta de Crédito Banco BICE.,restaurante
bice_5be2ce27-0d9c-45e0-b6f0-3f6901e9b99f,Banco BICE,"Tarjeta Visa Infinite, Tarjeta Visa Signature",Ruta 41,40.0,porcentaje,40% dcto.,miercoles,,,01-Ago-2026,31-Ago-2026,Metropolitana,,Vitacura,,0,0,,False,True,2026-08-20T13:37:52.842596,https://banco.bice.cl/personas/beneficios/ruta-41,https://bice.modyocdn.com/uploads/f23906f4-37ae-4ee9-9ca9-0130f7773f6e/original/imagen740x450_2.jpg,https://bice.modyocdn.com/uploads/0ce08d23-dc7a-4550-9dcf-46cffc8bbb73/original/logo.jpg,"Avda. Vitacura 3908, Vitacura.",True,,40% de dcto. los miércoles con Tarjeta de Crédito de Banco BICE . Exclusivo con Tarjeta de Crédito para clientes Banca Joven.,restaurante
bice_a3f12f7b-12ba-4fb3-b1c6-4afb6e0cd055,Banco BICE,"Tarjeta Visa Infinite, Tarjeta Visa Signature",Shi Nuá,40.0,porcentaje,40% de dcto.,martes,,,01-Ago-2026,31-Ago-2026,Metropolitana,,Vitacura,,0,0,,False,True,2026-08-20T13:37:52.842616,https://banco.bice.cl/personas/beneficios/shi-nua,https://bice.modyocdn.com/uploads/5e8ba528-8699-4501-8517-b7b8203c8a96/original/imagen740x450_2.jpg,https://bice.modyocdn.com/uploads/e1bddf66-3b33-4c67-a6de-2ab4addb26f5/original/logo.jpg,"Alonso de Córdova 3102, Vitacura.",True,,40% de dcto. todos los martes . Exclusivo con tu Tarjeta de Crédito Banco BICE.,restaurante
bice_bb20dc5f-959b-4338-855d-8969ecbaf51d,Banco BICE,"Tarjeta Visa Infinite, Tarjeta Visa Signature",Caoba Bar,40.0,porcentaje,40% dcto.,martes,,,01-Abr-2026,31-Ago-2026,Metropolitana,,Vitacura,,0,0,,False,True,2026-08-20T13:37:52.842636,https://banco.bice.cl/personas/beneficios/caoba-bar-banca-joven,https://bice.modyocdn.com/uploads/6993babe-207c-4705-a7d5-8ca2fad42255/original/imagen740x450_2.jpg,https://bice.modyocdn.com/uploads/08fabdf7-d881-4b7d-82de-0643f6f2807d/original/logo.jpg,"Alonso de Córdova 4156, Vitacura.",True,,40% de dcto. los martes con Tarjeta de Crédito de Banco BICE . Exclusivo con Tarjeta de Crédito para clientes Banca Joven y GO BICE.,restaurante
bice_69839305-bc15-48ef-9bbd-628942a5c486,Banco BICE,"Tarjeta Visa Infinite, Tarjeta Visa Signature",T.P.M Bar,40.0,porcentaje,40% dcto.,martes,,,01-Jul-2026,31-Ago-2026,Metropolitana,,Providencia,,0,0,,False,True,2026-08-20T13:37:52.842657,https://banco.bice.cl/personas/beneficios/tpm-bar,https://bice.modyocdn.com/uploads/97f636fc-8a78-437c-b115-5177c4262333/original/tpm.png,https://bice.modyocdn.com/uploads/1013d80c-82f4-49e0-9676-e5ccd8d317bb/original/Logo_TPM.png,"Av. Las Condes N°7677, Las Condes. | Av. Italia N°1226, Providencia. | Av. Manuel Montt N°412, Providencia. | Av. Tobalaba N°455, Providencia.",True,,40% de dcto. los martes con Tarjeta de Crédito de Banco BICE . Exclusivo con Tarjeta de Crédito para clientes Banca Joven y GO BICE.,restaurante
bice_d4c06b34-b6e1-4670-af16-70852de59be1,Banco BICE,"Tarjeta Visa Limitless, Tarjeta Visa Infinite",Dulces Issa,40.0,porcentaje,40% dcto.,martes,,,01-Dic-2025,31-Ago-2026,Metropolitana,,Las Condes,,0,0,,True,True,2026-08-20T13:37:52.842693,https://banco.bice.cl/personas/beneficios/dulces-issa,https://bice.modyocdn.com/uploads/82a742a5-392c-4da2-8f3f-670e1074dfce/original/imagen740x450_1.jpg,https://bice.modyocdn.com/uploads/6d9642db-7972-43cd-a0de-0761bc6cfdf8/original/logo.jpg,"Avenida Las Condes 7026, Local 1, Las Condes  Online",True,,"40% de dcto. todos los martes en tienda física y online, exclusivo pagando con tu Tarjeta de Crédito Banco BICE. Presencial aplica solo en Sucursal Avenida Las Condes 7026, Local 1, Las",restaurante
bice_1b0cd29a-638b-4c54-a1b9-d4629a400e28,Banco BICE,"Tarjeta Visa Infinite, Tarjeta Visa Signature",Barquillería,40.0,porcentaje,40% dcto.,lunes,,,01-Feb-2026,31-Ago-2026,Metropolitana,,Vitacura,,0,0,,False,True,2026-08-20T13:37:52.842720,https://banco.bice.cl/personas/beneficios/barquilleria,https://bice.modyocdn.com/uploads/be1204f9-a559-4a75-9d6a-50e749d511d0/original/imagen740x450_4.jpg,https://bice.modyocdn.com/uploads/42c1f985-3609-4b5f-8b0c-77262d840975/original/logo.jpg,"Avenida Vitacura 3591, Vitacura.  Camino Los Trapenses 2140, La Dehesa.  Aguas Claras 1700, La Reina.  Avenida Consistorial 3349, Peñalolén.  Avenida Andrés Bello 2425, nivel 2, Cenco Costanera.  Aven",True,,"40% de dcto. todos los lunes en tienda física, exclusivo pagando con tu Tarjeta de Crédito Banco BICE.",restaurante
bice_a74d349e-e837-4bd2-b72d-54c08adc99b6,Banco BICE,"Tarjeta Visa Limitless, Tarjeta Visa Infinite",Adelina Pastelería,40.0,porcentaje,40% dcto.,lunes,,,01-Feb-2026,31-Ago-2026,Metropolitana,,Vitacura,,0,0,,False,True,2026-08-20T13:37:52.842742,https://banco.bice.cl/personas/beneficios/adelina-pasteleria,https://bice.modyocdn.com/uploads/ea2505fb-6683-4a64-b7e9-6826452e49c9/original/adelina.jpg,https://bice.modyocdn.com/uploads/138c3ddf-3956-40c4-afa5-b65c7aea9fc9/original/logo_adelina.jpg,"Luis Pasteur 5515 local 10, Vitacura",True,,"40% de dcto. todos los lunes en tienda física, exclusivo pagando con tu Tarjeta de Crédito Banco BICE.",restaurante
bice_bb0a1cad-6a63-4dab-852e-6b854e910725,Banco BICE,"Tarjeta Visa Infinite, Tarjeta Visa Signature",Cakao Chocolatería,40.0,porcentaje,40% de dcto.,lunes,,,06-Abr-2026,31-Ago-2026,Metropolitana,,Providencia,,0,0,,False,True,2026-08-20T13:37:52.842761,https://banco.bice.cl/personas/beneficios/cakao-chocolateria-1,https://bice.modyocdn.com/uploads/e46651d4-7bff-411d-a71c-3c77e65adca0/original/imagen740x450_3.jpg,https://bice.modyocdn.com/uploads/fca7c87b-4a6f-4a75-9032-47544c1f91b0/original/logo.jpg,"Francisco de Aguirre 4753, Vitacura.  Huelén 166, Providencia.  Santa Blanca 1969, Lo Barnechea.",True,,"40% de dcto. todos los lunes en locales, exclusivo pagando con tu Tarjeta de Crédito Banco BICE.",restaurante
bice_a9941eb8-9961-4dd8-bf37-52d25d5be7d7,Banco BICE,"Tarjeta Visa Infinite, Tarjeta Visa Signature",Amar Chicureo,40.0,porcentaje,40% de dcto.,lunes,,,01-Ago-2026,31-Ago-2026,Metropolitana,,Colina,,0,0,,False,True,2026-08-20T13:37:52.842781,https://banco.bice.cl/personas/beneficios/amar-chicureo,https://bice.modyocdn.com/uploads/256ad138-08db-4cf6-88fd-de9c48e9eadb/original/imagen740x450_1.jpg,https://bice.modyocdn.com/uploads/62aadcb3-a755-4a57-996d-b954edeedd7d/original/Logo_Amar.jpg,"Av. Chicureo 2800, Colina.",True,,40% de dcto. todos los lunes . Exclusivo con tu Tarjeta de Crédito Banco BICE.,restaurante
bice_fd015cac-ae63-482b-a95f-0b53eaf27c74,Banco BICE,"Tarjeta Visa Infinite, Tarjeta Visa Signature",Pastamore,40.0,porcentaje,40% de dcto.,lunes,,,01-Ago-2026,31-Ago-2026,Metropolitana,,Vitacura,,0,0,,False,True,2026-08-20T13:37:52.842797,https://banco.bice.cl/personas/beneficios/pastamore,https://bice.modyocdn.com/uploads/4fa02790-ca77-40bc-8ba7-96953579c8e0/original/imagenes-pastamore3.png,https://bice.modyocdn.com/uploads/f5c83620-1cd7-45d5-9d58-8f29c0278c97/original/logo-pastamore.png,"Las Tranqueras N° 1471, Vitacura",True,,40% de dcto. todos los lunes . Exclusivo con tu Tarjeta de Crédito Banco BICE.,restaurante
bice_aeef6752-08d8-4d18-be34-a61de27864b5,Banco BICE,"Tarjeta Visa Infinite, Tarjeta Visa Signature",Ora Café,40.0,porcentaje,40% de dcto.,lunes,,,01-Ago-2026,31-Ago-2026,Metropolitana,,Las Condes,,0,0,,False,False,2026-08-20T13:37:52.842814,https://banco.bice.cl/personas/beneficios/ora-cafe,https://bice.modyocdn.com/uploads/8b2e2a49-45b4-44e7-b5ac-167c970655ea/original/imagen740x450_6.jpg,https://bice.modyocdn.com/uploads/97a23f03-d1e8-412e-a284-b96dcf0539bf/original/logo.jpg,"General Carol Urzúa 6945, Local 4, Las Condes.",True,,40% de dcto. todos los lunes. Exclusivo con tu Tarjeta de Crédito Banco BICE.,restaurante
bice_56f1cdac-4615-418e-92c6-92ffaf5f8fcc,Banco BICE,"Tarjeta Visa Infinite, Tarjeta Visa Signature",Las Genovesas,40.0,porcentaje,40% dcto.,lunes,,,01-Jul-2026,31-Ago-2026,Metropolitana,,Vitacura,,0,0,,False,True,2026-08-20T13:37:52.842829,https://banco.bice.cl/personas/beneficios/las-genovesas,https://bice.modyocdn.com/uploads/37c60398-1789-457f-a49f-4fe867c74a6a/original/imagen740x450_4.jpg,https://bice.modyocdn.com/uploads/9674f4f2-dc9e-4e7a-bb1d-2314e1ba8cb4/original/logo.jpg,"Las Hualtatas 8842, Vitacura.",True,,"40% de dcto. todos los lunes en tienda física, exclusivo pagando con tu Tarjeta de Crédito Banco BICE.",restaurante
bice_2f56521a-29b3-43cc-80a8-f8fecd308be0,Banco BICE,"Tarjeta Visa Limitless, Tarjeta Visa Infinite",La Plâce Pastelería,40.0,porcentaje,40% dcto.,sabado,,,01-Jun-2026,31-Ago-2026,Metropolitana,,Vitacura,,0,0,,False,True,2026-08-20T13:37:52.842847,https://banco.bice.cl/personas/beneficios/la-place-pasteleria,https://bice.modyocdn.com/uploads/5ec48d8e-a94b-4c2c-9c17-e469eee85540/original/imagen740x450_4.jpg,https://bice.modyocdn.com/uploads/1dc3f95c-abd4-485a-8e76-90fc4c6c58d7/original/logo.jpg,"Av Santa Maria Manquehue 6750, local 20, Vitacura",True,,"40% de dcto. todos los sábados en tienda física, exclusivo pagando con tu Tarjeta de Crédito Banco BICE.",restaurante
bice_dbb0f0b0-0b7e-4dc6-aabd-383d2e0cb7d9,Banco BICE,"Tarjeta Visa Infinite, Tarjeta Visa Signature",Azotea Matilde,40.0,porcentaje,40% dcto.,sabado,,,01-Jul-2026,31-Ago-2026,Metropolitana,,Providencia,,0,0,,False,True,2026-08-20T13:37:52.842866,https://banco.bice.cl/personas/beneficios/azotea-matilde,https://bice.modyocdn.com/uploads/0466f960-5614-42b4-9419-b13a6bac2a02/original/imagen740x450_6.jpg,https://bice.modyocdn.com/uploads/cdb26c40-d063-4a73-a155-4b13a42093ce/original/logo.jpg,"Antonia López de Bello 0118, piso 5 y 6, Providencia.",True,,40% de dcto. los sábados con Tarjeta de Crédito de Banco BICE . Exclusivo con Tarjeta de Crédito para clientes Banca Joven y GO BICE.,restaurante
bice_8a19df4e-c255-4fec-b416-c5c65c0f5fb6,Banco BICE,"Tarjeta Visa Infinite, Tarjeta Visa Signature",Café Lo Matta,40.0,porcentaje,40% de dcto.,domingo,,,01-Abr-2026,31-Ago-2026,Metropolitana,,Vitacura,,0,0,,False,False,2026-08-20T13:37:52.842883,https://banco.bice.cl/personas/beneficios/cafe-lo-matta,https://bice.modyocdn.com/uploads/d5f1e03a-8593-4cb9-a64a-585f21b8264d/original/imagen740x450_6.jpg,https://bice.modyocdn.com/uploads/9ad9d464-0923-4163-894b-bf5d6fc53a57/original/logo.jpg,"Av. Vitacura 9281, Vitacura.",True,,40% de dcto. todos los domingos . Exclusivo con tu Tarjeta de Crédito Banco BICE.,restaurante
bice_dfc78558-2069-41ea-93d7-c82cbdf44fe2,Banco BICE,"Tarjeta Visa Infinite, Tarjeta Visa Signature",Kobo - Justo,50.0,porcentaje,50% dcto.,viernes,,,01-Jun-2026,31-Ago-2026,Metropolitana,,,,0,0,,True,False,2026-08-20T13:37:52.842902,https://banco.bice.cl/personas/beneficios/kobo,https://bice.modyocdn.com/uploads/a187a32e-6812-4b47-9763-1626d06132f5/original/imagen740x450_2.jpg,https://bice.modyocdn.com/uploads/8827c14d-6145-409f-9c84-122e38fdbbd5/original/logo_kobo.jpg,online,True,,"50% de dcto. los viernes desde su sitio web o en Justo App , pagando con Tarjeta de Crédito Banco BICE .",restaurante
bice_e139d5a4-14d0-4d55-8806-5351a34097c1,Banco BICE,Tarjeta Visa Limitless,Don Carlos,50.0,porcentaje,50% dcto.,sabado,,,01-Ago-2026,31-Ago-2026,Metropolitana,,Las Condes,,0,0,,False,True,2026-08-20T13:37:52.842919,https://banco.bice.cl/personas/beneficios/don-carlos-limitless,https://bice.modyocdn.com/uploads/d2c8376c-23dd-4483-b59d-80d411763c0b/original/imagen740x450_3.jpg,https://bice.modyocdn.com/uploads/b1e03d7b-320a-4980-b702-13d9d91c8710/original/logo.jpg,"Isidora Goyenechea 2895, Las Condes.",True,,"50% de dcto. todos los sábados del mes, pagando con Tarjeta de Crédito Visa Limitless.",restaurante
bice_d0dac909-27ab-4ac6-9491-9648d29c6a6e,Banco BICE,Tarjeta Visa Limitless,Aurea Restaurant,50.0,porcentaje,50% dcto.,jueves,,,01-Ago-2026,31-Ago-2026,Metropolitana,,Vitacura,,0,0,,False,True,2026-08-20T13:37:52.842936,https://banco.bice.cl/personas/beneficios/aurea-restaurant-limitless,https://bice.modyocdn.com/uploads/41704ec8-ef2e-48e6-b82e-c26efd7665a0/original/imagen740x450_2.jpg,https://bice.modyocdn.com/uploads/a3700bb1-a172-44a3-9412-9c53260b4f15/original/logo.jpg,"El Manantial 1781, Vitacura.",True,,"50% de dcto. todos los jueves del mes, pagando con Tarjeta de Crédito Visa Limitless.",restaurante
bice_b820c8b7-1b4d-4f9a-874c-767c204007e0,Banco BICE,Tarjeta Visa Limitless,Pescados Capitales,50.0,porcentaje,50% dcto.,lunes,,,01-Abr-2026,31-Ago-2026,Metropolitana,,Vitacura,,0,0,,False,True,2026-08-20T13:37:52.842951,https://banco.bice.cl/personas/beneficios/pescados-capitales-limitless-1,https://bice.modyocdn.com/uploads/cfa13b7a-6bc2-4c6f-b562-00371f802d88/original/imagen740x450_2.jpg,https://bice.modyocdn.com/uploads/a0bfc37b-8017-4e87-9c39-d37c7151b71b/original/logo.jpg,"Nueva Costanera N°3723, Vitacura",True,,"50% de dcto. todos los lunes del mes, pagando con Tarjeta de Crédito Visa Limitless.",restaurante
bice_6a52aff8-462d-4fd7-b36c-98683ff9efe7,Banco BICE,Tarjeta Visa Limitless,Carnal,50.0,porcentaje,50% dcto.,lunes,,,01-Ago-2026,31-Ago-2026,Metropolitana,,Vitacura,,0,0,,False,True,2026-08-20T13:37:52.842975,https://banco.bice.cl/personas/beneficios/carnal,https://bice.modyocdn.com/uploads/a23e324b-28ed-428d-9fe9-64b32b84427a/original/imagen740x450_2.jpg,https://bice.modyocdn.com/uploads/0db5ff80-94af-417c-9c84-c89ae3d1922b/original/logo.jpg,"Alonso de Córdova 3053, Vitacura.",True,,"50% de dcto. todos los lunes del mes, pagando con Tarjeta de Crédito Visa Limitless.",restaurante
bice_ed1b53ef-ab61-42b8-82a0-a520ddd55103,Banco BICE,"Tarjeta Visa Limitless, Tarjeta Visa Infinite",Dulcería Frutillar,40.0,porcentaje,40% dcto.,miercoles,,,01-Dic-2025,31-Ago-2026,Metropolitana,,Las Condes,,0,0,,False,True,2026-08-20T13:37:52.842992,https://banco.bice.cl/personas/beneficios/dulceria-frutillar,https://bice.modyocdn.com/uploads/df5d2e0c-1dd5-47d5-8d04-65ee3b9c413d/original/imagenes2.png,https://bice.modyocdn.com/uploads/84bffc0a-9bb3-4dc1-8d40-fcbb14994c45/original/logo.jpg,"Av. Cristóbal Colón 5300, Las Condes.  Julio Philippi Izquierdo, Chicureo.  Av. Tabancura 1336, Vitacura.  Luis Carrera 1330, Vitacura.",True,,"40% de dcto. todos los miércoles en locales, exclusivo pagando con tu Tarjeta de Crédito Banco BICE.",restaurante
bice_d3f47f1d-d391-4175-8eba-acda3e0d56f0,Banco BICE,"Tarjeta Visa Infinite, Tarjeta Visa Signature",Dulcería Praliné,40.0,porcentaje,40% dcto.,miercoles,,,01-Jul-2026,31-Ago-2026,Metropolitana,,Providencia,,0,0,,False,True,2026-08-20T13:37:52.843010,https://banco.bice.cl/personas/beneficios/dulceria-praline-1,https://bice.modyocdn.com/uploads/a818864d-4d0f-4338-87ca-2386ff9218f8/original/imagen740x450_1.jpg,https://bice.modyocdn.com/uploads/c6b9b0bf-ddde-4aa1-899d-3dd98f1db00a/original/logo.jpg,"Padre Hurtado Central 1531, local 6, Las Condes.  California 2312, Providencia.  Santa Blanca 1969, local 14, Lo Barnechea.  Los Presidentes 8220, local 12, Peñalolén.",True,,"40% de dcto. todos los miércoles en tienda física, exclusivo pagando con tu Tarjeta de Crédito Banco BICE.",restaurante
bice_bc77e786-e3b2-4500-82df-ef2569c8272f,Banco BICE,"Tarjeta Visa Infinite, Tarjeta Visa Signature",Chiuso Ristorante,20.0,porcentaje,20% de dcto.,martes,,,01-Jun-2026,31-Dic-2026,Metropolitana,,Vitacura,,0,0,,False,True,2026-08-20T13:37:52.843024,https://banco.bice.cl/personas/beneficios/chiuso-ristorante-permanente,https://bice.modyocdn.com/uploads/a3fc5389-b895-4595-80b0-8fc321aba4b0/original/imagen740x450_3.jpg,https://bice.modyocdn.com/uploads/81017bfb-2a71-44f7-a1f5-919b490ac61f/original/logo.jpg,"Nueva Costanera 3835, Vitacura.",True,,"20% de dcto. los martes , exclusivo con tu tarjeta de crédito Banco BICE.",restaurante
bice_7e818a90-7c37-4db2-8a2b-9ff7f7e373e7,Banco BICE,"Tarjeta Visa Infinite, Tarjeta Visa Signature",Batard,40.0,porcentaje,40% de dcto.,martes,,,01-Abr-2026,31-Ago-2026,Metropolitana,,Providencia,,0,0,,False,False,2026-08-20T13:37:52.843040,https://banco.bice.cl/personas/beneficios/batard,https://bice.modyocdn.com/uploads/e5418c91-3ba0-463f-ad05-2ec0f314eccb/original/imagen740x450_1.jpg,https://bice.modyocdn.com/uploads/f0827615-6476-48b4-839c-60c29c0e15b2/original/logo.jpg,"Av. Tobalaba 1771, Las Condes. Av. Hernando de Magallanes 970, Providencia.",True,,40% de dcto. todos los martes . Exclusivo con tu Tarjeta de Crédito Banco BICE.,restaurante
bice_0e2e3ab9-34f3-451d-9c1a-250bde5bacda,Banco BICE,"Tarjeta Visa Limitless, Tarjeta Visa Infinite",La Hacienda Talca,40.0,porcentaje,40% de dcto.,martes,,,01-Ago-2026,31-Ago-2026,Maule,,Talca,,0,0,,False,True,2026-08-20T13:37:52.843055,https://banco.bice.cl/personas/beneficios/la-hacienda-talca,https://bice.modyocdn.com/uploads/9cae6d50-28d6-4371-a272-91dadac5b8b8/original/imagen740x450_4.jpg,https://bice.modyocdn.com/uploads/5d5d631f-03d7-40ad-b958-4d6d8752694c/original/logo.jpg,"Av Pehuenche Norte 1143, Las Rastras, Talca.",True,,40% de dcto. todos los martes . Exclusivo con tu Tarjeta de Crédito Banco BICE.,restaurante
bice_0b5ac7cf-039c-4b5c-98e1-7ebf6d03434a,Banco BICE,"Tarjeta Visa Infinite, Tarjeta Visa Signature",Caramel,40.0,porcentaje,40% de dcto.,martes,,,01-Dic-2025,31-Ago-2026,Metropolitana,,Las Condes,,0,0,,False,True,2026-08-20T13:37:52.843092,https://banco.bice.cl/personas/beneficios/caramel,https://bice.modyocdn.com/uploads/a7d462d3-928f-4811-afb7-b6ae239e5072/original/galeria_bice_caramel.jpg,https://bice.modyocdn.com/uploads/89580d9e-059d-4094-800c-eae9ffd5f41c/original/caramel_2.jpeg,"Renato Sanchez 4054, Las Condes  Avenida Vitacura 2609, Las Condes",True,,"40% de dcto. todos los martes en locales, exclusivo pagando con tu Tarjeta de Crédito Banco BICE.",restaurante
bice_4d6f1928-3b0d-4222-a4ee-8211f31a488c,Banco BICE,"Tarjeta Visa Limitless, Tarjeta Visa Infinite",Street Wrap  - Justo,50.0,porcentaje,50% dcto.,viernes,,,01-Jun-2026,31-Ago-2026,Metropolitana,,,,0,0,,True,False,2026-08-20T13:37:52.843113,https://banco.bice.cl/personas/beneficios/street-wrap,https://bice.modyocdn.com/uploads/a70292ac-837f-41c8-a14a-3d720da6aae6/original/imagen740x450_streetwrap.jpg,https://bice.modyocdn.com/uploads/0e480820-bc26-472e-bfe1-af8ccfd2fe57/original/logo_street.jpg,online,True,,"50% de dcto. los viernes desde su sitio web o en Justo App , pagando con Tarjeta de Crédito Banco BICE .",restaurante
bice_7f78c998-df4e-459e-b0b8-cb65fdb86ae3,Banco BICE,"Tarjeta Visa Infinite, Tarjeta Visa Signature",La Punta - Justo,50.0,porcentaje,50% dcto.,viernes,,,01-Jun-2026,31-Ago-2026,Metropolitana,,,,0,0,,True,False,2026-08-20T13:37:52.843130,https://banco.bice.cl/personas/beneficios/la-punta,https://bice.modyocdn.com/uploads/696d4afb-61be-4b72-b7d8-2fa3e462112b/original/LP_2.jpg,https://bice.modyocdn.com/uploads/be318ab0-7d5a-42c4-abf7-7b5d76253715/original/logo_la_punta.jpg,online,True,,"50% de dcto. los viernes desde su sitio web o en Justo App , pagando con Tarjeta de Crédito Banco BICE .",restaurante
bice_0b40bb13-3071-4f1f-9f77-12e1f2c1bdd7,Banco BICE,"Tarjeta Visa Limitless, Tarjeta Visa Infinite",Sushi Ryge  - Justo,50.0,porcentaje,50% dcto.,viernes,,,01-Jun-2026,31-Ago-2026,Metropolitana,,,,0,0,,True,False,2026-08-20T13:37:52.843143,https://banco.bice.cl/personas/beneficios/sushi-ryge-1,https://bice.modyocdn.com/uploads/54867249-ab45-4c76-a19f-87b556656d08/original/Imagen_Sushi_Ryge.jpg,https://bice.modyocdn.com/uploads/cbb2d5a1-c29e-4015-aaa2-32dfba48c558/original/logo_sushi_Ryge.jpg,online,True,,"50% de dcto. los viernes desde su sitio web o en Justo App , pagando con Tarjeta de Crédito Banco BICE .",restaurante
bice_c373cc94-bf84-49f5-a788-43706914bd32,Banco BICE,"Tarjeta Visa Limitless, Tarjeta Visa Infinite",Rappi,30.0,porcentaje,30% dcto. Online,todos,,,01-Mar-2025,31-Ago-2026,Valparaíso,,Online,,0,0,,True,False,2026-08-20T13:37:52.843159,https://banco.bice.cl/personas/beneficios/rappi-banca-joven,https://bice.modyocdn.com/uploads/97abd148-1c0a-41d4-94b4-ac8399530b65/original/imagenes-rappi1.png,https://bice.modyocdn.com/uploads/446479e3-2d4f-4e78-8700-0aaef6a7f295/original/logo-rappi.png,,True,,"Hasta 30% dcto. los días lunes, miércoles, viernes y domingos, con Tarjeta de Crédito BICE. Exclusivo con Tarjeta de Crédito para clientes Banca Joven y GO BICE.",restaurante
bice_818da282-ef4a-4e6e-9ec9-8784a41c370c,Banco BICE,"Tarjeta Visa Infinite, Tarjeta Visa Signature",Capogrossi,40.0,porcentaje,40% de dcto.,jueves,,,01-Ago-2026,31-Ago-2026,Metropolitana,,Vitacura,,0,0,,False,True,2026-08-20T13:37:52.843182,https://banco.bice.cl/personas/beneficios/capogrossi,https://bice.modyocdn.com/uploads/1a3c8b83-e92c-4317-b935-ab76e12d7482/original/imagen740x450_4.jpg,https://bice.modyocdn.com/uploads/3c91d346-36c3-4b16-a65d-3bcdae481bda/original/logo.jpg,"Avda. Alonso de Córdova N°4225, Vitacura",True,,40% de dcto. los jueves . Exclusivo con tu Tarjeta de Crédito Banco BICE.,restaurante
bice_257a0394-1261-4b4b-9f79-9af4ea89c646,Banco BICE,"Tarjeta Visa Infinite, Tarjeta Visa Signature",Le Vice,40.0,porcentaje,40% dcto.,viernes,,,01-Dic-2025,31-Ago-2026,Metropolitana,,Vitacura,,0,0,,False,True,2026-08-20T13:37:52.843202,https://banco.bice.cl/personas/beneficios/le-vice,https://bice.modyocdn.com/uploads/581c10ae-a7e5-47ec-ad09-8248195d79ec/original/LE_VICE_2.jpg,https://bice.modyocdn.com/uploads/2e52ace6-acf0-4af2-9fe7-fa98e4c925c7/original/LE_VICE_LOGO.jpg,"Avda. Nueva Costanera N°4289, Vitacura  Casino Monticello, Carr. Panamericana Sur S/N, San Francisco de Mostazal, Mostazal, O'Higgins",True,,"40% de dcto. todos los viernes en locales, exclusivo pagando con tu Tarjeta de Crédito Banco BICE.",restaurante
bice_d24b71fa-6c09-4f90-92d5-8675aa6bf56d,Banco BICE,"Tarjeta Visa Infinite, Tarjeta Visa Signature",DILUSSO GELATO,40.0,porcentaje,40% dcto.,domingo,,,01-Dic-2025,31-Ago-2026,Metropolitana,,Vitacura,,0,0,,False,True,2026-08-20T13:37:52.843222,https://banco.bice.cl/personas/beneficios/dilusso-gelato,https://bice.modyocdn.com/uploads/529dee15-b949-4b8a-b528-9fc4c5e8e668/original/imagen740x450_4.jpg,https://bice.modyocdn.com/uploads/55c717ab-2d30-4356-bc7a-788b9399ae5f/original/logo.jpg,"Las Tranqueras 1380, local 3, Vitacura.",True,,"40% de dcto. todos los domingos de forma presencial, exclusivo con tu Tarjeta de Crédito Banco BICE.",restaurante
bice_a3f7e007-1d3a-4bc2-a701-f38573c01135,Banco BICE,"Tarjeta Visa Infinite, Tarjeta Visa Signature",La Campiña,40.0,porcentaje,40% de dcto.,viernes,,,01-Ago-2026,01-Sep-2026,Metropolitana,,Lo Barnechea,,0,0,,False,True,2026-08-20T13:37:52.843240,https://banco.bice.cl/personas/beneficios/la-campina,https://bice.modyocdn.com/uploads/c58c77f4-5f97-4af8-8afd-1a5d9f431511/original/imagen740x450_1.jpg,https://bice.modyocdn.com/uploads/7310c398-e369-4a60-a1e7-d30d188b07a3/original/logo.jpg,"Av. El Rodeo 13165, Lo Barnechea",True,,40% de dcto. todos los viernes . Exclusivo con tu Tarjeta de Crédito Banco BICE.,restaurante
bice_11622b67-3d10-4bbc-b850-3f6462899dd7,Banco BICE,"Tarjeta Visa Limitless, Tarjeta Visa Infinite",Sabor y Aroma,50.0,porcentaje,50% dcto.,domingo,,,01-Ago-2026,01-Sep-2026,Metropolitana,,Lo Barnechea,,0,0,,False,True,2026-08-20T13:37:52.843257,https://banco.bice.cl/personas/beneficios/sabor-y-aroma-1,https://bice.modyocdn.com/uploads/cc2224a3-3f6e-4e09-84c5-de0ab7b2df54/original/imagen740x450_4.jpg,https://bice.modyocdn.com/uploads/9df166c9-7e39-47b1-9ecd-89c1de5815fa/original/logo.jpg,"Av. Raúl Labbé 12559, Lo Barnechea",True,,"50% de dcto. los domingos de agosto de la Selección del chef exclusivo con tu Tarjeta de Crédito Signature, Infinite y Limitless Banco BICE .",restaurante
bice_64646c6a-cde9-4e29-a4d5-a031ac6efefb,Banco BICE,"Tarjeta Visa Limitless, Tarjeta Visa Infinite",Rappi,30.0,porcentaje,30% dcto.,todos,,,01-Dic-2024,01-Sep-2026,Valparaíso,,Online,,0,0,,True,False,2026-08-20T13:37:52.843271,https://banco.bice.cl/personas/beneficios/rappi-bice,https://bice.modyocdn.com/uploads/97abd148-1c0a-41d4-94b4-ac8399530b65/original/imagenes-rappi1.png,https://bice.modyocdn.com/uploads/446479e3-2d4f-4e78-8700-0aaef6a7f295/original/logo-rappi.png,,True,,Hasta 30% de dcto. en la App de Rappi. E xclusivo con tu Tarjeta de Crédito BICE ingresando el cupón. Hasta agotar fondo promocional.,restaurante
bice_bc05a6ed-5ae0-4c50-b270-84bb039ff895,Banco BICE,"Tarjeta Visa Limitless, Tarjeta Visa Infinite",PedidosYa,30.0,porcentaje,30% dcto.,todos,,,02-Mar-2025,01-Sep-2026,Arica y Parinacota,,Online&nbsp;,,0,0,,False,False,2026-08-20T13:37:52.843284,https://banco.bice.cl/personas/beneficios/pedidosya,https://bice.modyocdn.com/uploads/fba0ec52-4b96-426d-9400-b87b52fe8d2d/original/33207193_2046718078983027_3480186573742407680_n_ccexpress.jpeg,https://bice.modyocdn.com/uploads/bf3a5f89-1a59-4787-a1e2-301a7ebaab18/original/MicrosoftTeams-image_25_.png,Online&nbsp;,True,,Hasta 30% de dcto. en la App de PedidosYa. E xclusivo con tu Tarjeta de Crédito BICE ingresando el cupón.,restaurante
bice_c0456f1e-0acb-4d13-9849-52a55c0621bc,Banco BICE,"Tarjeta Visa Limitless, Tarjeta Visa Infinite",Santa Brasa,50.0,porcentaje,50% de dcto.,sabado,,,01-Ago-2026,31-Ago-2026,Metropolitana,,Vitacura,,0,0,,False,True,2026-08-20T13:37:52.843300,https://banco.bice.cl/personas/beneficios/santa-brasa-2,https://bice.modyocdn.com/uploads/5d7410eb-f488-4ac3-afc2-04a01046c65d/original/imagen740x450_2.jpg,https://bice.modyocdn.com/uploads/42436ff4-a281-4c50-9e25-d6ad5e4b6bbd/original/logo.jpg,"Alonso de Cordova N°4260, Vitacura.  Avda. José Alcalde Délano 19494, Lo Barnechea.",True,,"50% de dcto. los sábados de agosto de la Selección del chef exclusivo con tu T arjeta de Crédito Signature, Infinite y Limitless Banco BICE. Exclusivo locales Alonso de Córdova y L",restaurante
bice_af464a68-c0e7-4537-ada4-b0fb118edacd,Banco BICE,"Tarjeta Visa Limitless, Tarjeta Visa Infinite",Hotel José Nogueira - Punta Arenas,40.0,porcentaje,40% de dcto.,jueves,,,01-Ago-2026,01-Sep-2026,Magallanes,,Punta Arenas,,0,0,,False,True,2026-08-20T13:37:52.843320,https://banco.bice.cl/personas/beneficios/hotel-jose-nogueira,https://bice.modyocdn.com/uploads/07145555-8a49-4e8b-a6eb-ec20adace556/original/imagen740x450_7.jpg,https://bice.modyocdn.com/uploads/bceba54e-53b2-4543-baa0-5f0d2c8a12e1/original/logo.jpg,"Bories 967, Punta Arenas.",True,,40% de dcto. todos los jueves . Exclusivo con tu Tarjeta de Crédito Banco BICE.,restaurante
bice_97671dee-beb0-4c35-8535-3d544f2c1819,Banco BICE,"Tarjeta Visa Limitless, Tarjeta Visa Infinite",De Lechón a Salmón - Temuco,40.0,porcentaje,40% de dcto.,jueves,,,01-Ago-2026,01-Sep-2026,Araucanía,,Temuco,,0,0,,False,True,2026-08-20T13:37:52.843336,https://banco.bice.cl/personas/beneficios/de-lechon-a-salmon,https://bice.modyocdn.com/uploads/b9d7a629-b9ff-4e9c-a500-d545b7635f09/original/imagen740x450_1.jpg,https://bice.modyocdn.com/uploads/d0e2732d-b9cd-443d-866f-c026ccd6b7e6/original/logo.jpg,"Hochstetter N°1019, Temuco.",True,,40% de dcto. todos los jueves . Exclusivo con tu Tarjeta de Crédito Banco BICE.,restaurante
bice_4d04dfad-aeeb-42cc-9a6e-d21b24dee214,Banco BICE,"Tarjeta Visa Limitless, Tarjeta Visa Infinite",Gallardía - Osorno,40.0,porcentaje,40% de dcto.,jueves,,,01-Ago-2026,01-Sep-2026,Los Lagos,,Osorno,,0,0,,False,True,2026-08-20T13:37:52.843352,https://banco.bice.cl/personas/beneficios/gallardia-osorno,https://bice.modyocdn.com/uploads/85fe70b6-47d0-4d5b-8b3c-4cf5d7d93c21/original/imagen740x450_3.jpg,https://bice.modyocdn.com/uploads/5af47fb8-7ccb-4e3b-b542-101a25559d1a/original/logo.jpg,"O´Higgins 1236, Osorno.",True,,40% de dcto. todos los jueves . Exclusivo con tu Tarjeta de Crédito Banco BICE.,restaurante
bice_f889ef62-47c1-4ece-bb35-de9e728decb6,Banco BICE,"Tarjeta Visa Limitless, Tarjeta Visa Infinite",La Barra Andalue - Concepción,40.0,porcentaje,40% de dcto.,jueves,,,01-Ago-2026,01-Sep-2026,Biobío,,Concepción,,0,0,,False,True,2026-08-20T13:37:52.843368,https://banco.bice.cl/personas/beneficios/la-barra-andalue,https://bice.modyocdn.com/uploads/87b16cc3-1bb1-466e-bfee-190ba194e6f1/original/imagen740x450_1.jpg,https://bice.modyocdn.com/uploads/cd8c12d8-a285-4e77-b15f-afe3b1c53461/original/logo.jpg,"Av. Andalue 2295, local 1. 1er piso, Concepción.",True,,40% de dcto. todos los jueves . Exclusivo con tu Tarjeta de Crédito Banco BICE.,restaurante
bice_f4d538d8-cf2f-4f69-874a-43f49b937bd1,Banco BICE,"Tarjeta Visa Limitless, Tarjeta Visa Infinite",Divino Pecado - Viña del Mar,40.0,porcentaje,40% de dcto.,jueves,,,01-Ago-2026,31-Ago-2026,Valparaíso,,Viña del Mar,,0,0,,False,True,2026-08-20T13:37:52.843384,https://banco.bice.cl/personas/beneficios/divino-pecado-bice,https://bice.modyocdn.com/uploads/6e2c4c6d-fef7-490c-b17b-380c4523e108/original/imagen740x450_3.jpg,https://bice.modyocdn.com/uploads/6e77e356-78b5-480c-94ff-22f44364381c/original/Logo_Divino_Pecado.jpg,"Las Ágatas 300 Reñaca, Viña del Mar",True,,40% de dcto. todos los jueves . Exclusivo con tu Tarjeta de Crédito Banco BICE.,restaurante
bice_a9b30180-d6de-42b7-8f13-1dac0833beae,Banco BICE,"Tarjeta Visa Limitless, Tarjeta Visa Infinite",New City - La Serena,40.0,porcentaje,40% de dcto.,jueves,,,01-Ago-2026,31-Ago-2026,Coquimbo,,La Serena,,0,0,,False,True,2026-08-20T13:37:52.843399,https://banco.bice.cl/personas/beneficios/new-city,https://bice.modyocdn.com/uploads/2eba7c80-6809-4b82-b8f7-b9a42f7c41df/original/imagen740x450_1.jpg,https://bice.modyocdn.com/uploads/82aaf14e-4543-4893-9302-dccc2db5dc33/original/logo.jpg,"Avenida El Santo N°1660, La Serena",True,,40% de dcto. todos los jueves . Exclusivo con tu Tarjeta de Crédito Banco BICE.,restaurante
bice_9e65bb1d-01a7-4ead-8acd-432a6e622c55,Banco BICE,"Tarjeta Visa Limitless, Tarjeta Visa Infinite",La Esquina Napoletana,40.0,porcentaje,40% de dcto.,jueves,,,01-Ago-2026,31-Ago-2026,O’Higgins,,Rancagua,,0,0,,False,True,2026-08-20T13:37:52.843413,https://banco.bice.cl/personas/beneficios/la-esquina-napoletana,https://bice.modyocdn.com/uploads/cb44258b-8317-41e2-8bef-82040065a414/original/imagen740x450_5.jpg,https://bice.modyocdn.com/uploads/761cb705-df2d-41ea-85d9-e31640939a99/original/logo.jpg,"Avenida Cachapoal 310, Rancagua",True,,40% de dcto. todos los jueves . Exclusivo con tu Tarjeta de Crédito Banco BICE.,restaurante
bice_95fa2e08-1f08-47ac-a616-f6aba2f63ddc,Banco BICE,"Tarjeta Visa Limitless, Tarjeta Visa Infinite",Cambalache - Puerto Varas,40.0,porcentaje,40% de dcto.,miercoles,,,01-Ago-2026,31-Ago-2026,Los Lagos,,Puerto Varas,,0,0,,False,True,2026-08-20T13:37:52.843432,https://banco.bice.cl/personas/beneficios/cambalache-puerto-varas,https://bice.modyocdn.com/uploads/22be137a-2fb1-4466-abe0-d75cdbb20e69/original/imagen740x450_3.jpg,https://bice.modyocdn.com/uploads/8d63cde9-1d23-419d-badc-314337cbd36d/original/logo.jpg,"Av. Vicente Pérez Rosales N°1545, Puerto Varas.",True,,40% de dcto. todos los miércoles . Exclusivo con tu Tarjeta de Crédito Banco BICE.,restaurante
bice_275dd9d8-1b5b-43a9-b646-e771d21c41aa,Banco BICE,"Tarjeta Visa Limitless, Tarjeta Visa Infinite",Anna Bistró - Los Ángeles,40.0,porcentaje,40% de dcto.,jueves,,,01-Ago-2026,01-Sep-2026,Biobío,,Los Ángeles,,0,0,,False,True,2026-08-20T13:37:52.843448,https://banco.bice.cl/personas/beneficios/anna-bistro,https://bice.modyocdn.com/uploads/cd777d84-4c6f-426b-b575-86b5ac25d3b3/original/imagen740x450_3.jpg,https://bice.modyocdn.com/uploads/0184bde9-474f-4bed-b8e3-144054f37524/original/logo.jpg,"Av. Gabriela Mistral 1268, local 5, Los Ángeles",True,,40% de dcto. todos los jueves . Exclusivo con tu Tarjeta de Crédito Banco BICE.,restaurante
bice_b8318260-1fa3-4831-8e7f-07049dd0c62d,Banco BICE,"Tarjeta Visa Limitless, Tarjeta Visa Infinite",Aurora Cocina - Antofagasta,40.0,porcentaje,40% de dcto.,jueves,,,02-Ago-2026,01-Sep-2026,Antofagasta,,Antofagasta,,0,0,,False,True,2026-08-20T13:37:52.843465,https://banco.bice.cl/personas/beneficios/aurora-cocina,https://bice.modyocdn.com/uploads/536b48b2-2d36-4eb7-a854-418d265ac302/original/Bice_Aurora-03.jpg,https://bice.modyocdn.com/uploads/dea0b5da-cbe0-4955-b23e-1922f5d32d3a/original/Bice_Aurora-01.jpg,"Av República de Croacia 0576, Antofagasta.",True,,40% de dcto. todos los jueves . Exclusivo con tu Tarjeta de Crédito Banco BICE.,restaurante
bice_97a65a6a-8f5b-45ed-80a8-da0431dbbeb2,Banco BICE,"Tarjeta Visa Infinite, Tarjeta Visa Signature",Líquidos,6.0,porcentaje,6% dcto.,todos,,,01-Ene-2026,31-Ago-2026,Valparaíso,,Tienda Física,,0,0,,False,False,2026-08-20T13:37:52.843488,https://banco.bice.cl/personas/beneficios/liquidos-bice,https://bice.modyocdn.com/uploads/7a96d9f4-b229-4fe2-89b1-c0a4951ec67d/original/pisco.png,https://bice.modyocdn.com/uploads/b371b110-19d8-4a6d-b4f3-f54a0c229727/original/logo-liquidos.png,Encuentra tu local más cercano  AQUÍ,True,,"Todos los sábados, tu promo de Pisco a $6.500, pagando con tu Tarjeta de Crédito BICE. Exclusivo con Tarjeta de Crédito para clientes Banca Joven y GO BICE.",restaurante
bice_53329204-5d8f-46a7-968f-e8229e778e34,Banco BICE,"Tarjeta Visa Limitless, Tarjeta Visa Infinite",Local Burger,40.0,porcentaje,40% de dcto.,viernes,,,01-May-2026,31-Ago-2026,Metropolitana,,Providencia,,0,0,,False,True,2026-08-20T13:37:52.843505,https://banco.bice.cl/personas/beneficios/local-burger,https://bice.modyocdn.com/uploads/976d59dd-3646-44b8-8c87-fa59811631f5/original/imagen740x450_8.jpg,https://bice.modyocdn.com/uploads/bfe61ec2-edd2-4baa-8c45-93e7867aaef3/original/logo.jpg,Irarrázaval 5350 - Ñuñoa.  Los Militares 5934 - Las Condes.  Providencia 1403 - Providencia.,True,,40% de dcto. los viernes en tienda online y presencial exclusivo con Tarjeta de Crédito Banco BICE.,restaurante
bice_39e84e93-48ef-42fc-9468-24cfb4272509,Banco BICE,"Tarjeta Visa Infinite, Tarjeta Visa Signature",Kevin and Bacon,40.0,porcentaje,40% dcto.,viernes,,,01-Abr-2026,31-Ago-2026,Metropolitana,,Las Condes,,0,0,,False,True,2026-08-20T13:37:52.843521,https://banco.bice.cl/personas/beneficios/kevin-and-bacon,https://bice.modyocdn.com/uploads/9bdf3afd-f105-48ea-a301-541fb081c267/original/imagen740x450_1.jpg,https://bice.modyocdn.com/uploads/8da704cb-bf89-4a7b-a8aa-502f08a2c071/original/logo.jpg,"Parque Arauco Edificio Oriente, 4to piso sector terraza, Las Condes.",True,,40% de dcto. los viernes con Tarjeta de Crédito de Banco BICE . Exclusivo con Tarjeta de Crédito para clientes Banca Joven y GO BICE.,restaurante
bice_ff63cfc5-d69d-44b1-8aef-c13fba3d46d3,Banco BICE,"Tarjeta Visa Infinite, Tarjeta Visa Signature",Barbazul,40.0,porcentaje,40% dcto.,jueves,,,01-Dic-2025,31-Ago-2026,Metropolitana,,Las Condes,,0,0,,False,True,2026-08-20T13:37:52.843539,https://banco.bice.cl/personas/beneficios/barbazul-b,https://bice.modyocdn.com/uploads/231d288d-1347-416c-94c0-ffc271520139/original/Barbazul_3.png,https://bice.modyocdn.com/uploads/cf07ffda-ffdb-457f-8a46-3353359f1afd/original/Logo_Barbazul.png,"Avda. Apoquindo N°7741, Las Condes&nbsp;  Avda. Apoquindo N°7581, Las Condes&nbsp;  Avda. Vitacura 9275, 7630000 Vitacura.",True,,40% de dcto. los jueves con Tarjeta de Crédito de Banco BICE . Exclusivo Local Las Condes y Vitacura. Exclusivo con Tarjeta de Crédito para clientes Banca Joven y GO BICE.,restaurante
bice_e358d9b0-f3b8-4954-8653-168bdff01521,Banco BICE,"Tarjeta Visa Infinite, Tarjeta Visa Signature",Gusto Restobar,40.0,porcentaje,40% de dcto.,miercoles,,,01-May-2026,31-Ago-2026,Biobío,,Concepción,,0,0,,False,True,2026-08-20T13:37:52.843555,https://banco.bice.cl/personas/beneficios/gusto-restobar,https://bice.modyocdn.com/uploads/17c3b55e-c06b-417e-8eb6-3571f033ea1a/original/imagen740x450_1.jpg,https://bice.modyocdn.com/uploads/2bcd5e8e-7f66-4fb7-b2ab-50dcd03df89f/original/logo.jpg,"Rengo 356, Concepción.",True,,"40% de dcto. los miércoles , exclusivo con tarjeta de crédito.",restaurante
bice_2fa356e1-22ea-4e2b-9975-692e9f9c53a3,Banco BICE,"Tarjeta Visa Infinite, Tarjeta Visa Signature",CIAO AMORE,40.0,porcentaje,40% dcto.,sabado,,,01-Dic-2025,31-Ago-2026,Metropolitana,,Las Condes,,0,0,,False,True,2026-08-20T13:37:52.843619,https://banco.bice.cl/personas/beneficios/heladeria-ciao-amore,https://bice.modyocdn.com/uploads/c68ee8cc-44b5-441f-8b0b-7bb49eb4db79/original/imagen740x450_1.jpg,https://bice.modyocdn.com/uploads/153b94f9-c2ab-4a8f-86e2-78651d9ad7f7/original/logo.jpg,"MUT, piso 1, Las Condes.",True,,"40% de dcto. todos los sábados de forma presencial, exclusivo con tu Tarjeta de Crédito Banco BICE.",restaurante
bice_720c6add-d1dc-4c72-989e-06e8bcc5bdfe,Banco BICE,"Tarjeta Visa Infinite, Tarjeta Visa Signature",POGA HELADERÍA,40.0,porcentaje,40% dcto.,viernes,,,01-Dic-2025,31-Ago-2026,Metropolitana,,Vitacura,,0,0,,False,True,2026-08-20T13:37:52.843635,https://banco.bice.cl/personas/beneficios/heladeria-poga,https://bice.modyocdn.com/uploads/d4b206eb-f7b3-4a4e-bc76-6f6155e10375/original/imagen740x450_1.jpg,https://bice.modyocdn.com/uploads/1bbb4e95-d754-453d-9dd0-e0c3d6a0ca73/original/logo.jpg,"Alonso de Córdova 2467, Vitacura",True,,"40% de dcto. todos los viernes de forma presencial, exclusivo con tu Tarjeta de Crédito Banco BICE.",restaurante
bice_5c6e27f9-2da8-4101-a027-61d377873f2c,Banco BICE,"Tarjeta Visa Infinite, Tarjeta Visa Signature",Heladería El Taller,40.0,porcentaje,40% dcto.,jueves,,,01-Dic-2025,31-Ago-2026,Metropolitana,,Providencia,,0,0,,True,True,2026-08-20T13:37:52.843652,https://banco.bice.cl/personas/beneficios/heladeria-el-taller,https://bice.modyocdn.com/uploads/a3e504c0-fbd0-4de1-9b43-56e0faaa7d73/original/imagen740x450_1.jpg,https://bice.modyocdn.com/uploads/1c3af19a-30b4-4ef5-93b0-bbdeebb27d8a/original/Logo_El_taller.jpg,"* Av. Providencia 1467, Providencia, Santiago.  * Av. Apoquindo 2730, local 106, piso 1.  * Av. la Dehesa 1570, local 17, piso 1.",True,,"40% de dcto. todos los jueves de forma presencial y ventas online, exclusivo con tu Tarjeta de Crédito Banco BICE.",restaurante
bice_b82ba428-a5b9-465e-a7a6-340392049811,Banco BICE,"Tarjeta Visa Infinite, Tarjeta Visa Signature",The Elephant Coffee Chile,40.0,porcentaje,40% de dcto.,sabado,,,01-Abr-2026,31-Ago-2026,Metropolitana,,Las Condes,,0,0,,False,False,2026-08-20T13:37:52.843668,https://banco.bice.cl/personas/beneficios/the-elephant-coffee-chile,https://bice.modyocdn.com/uploads/232cd0bc-85e3-4556-bd56-67cbac4a5a28/original/imagen740x450_4.jpg,https://bice.modyocdn.com/uploads/2292bbd1-a58c-4df3-a0df-9c0e5ff5cbef/original/logo.jpg,"Avenida El Bosque Central 92, Local 2, Las Condes.",True,,40% de dcto. todos los sábados . Exclusivo con tu Tarjeta de Crédito Banco BICE.,restaurante
bice_8c225711-e3d8-4d8c-9bba-f4df1bce1b92,Banco BICE,"Tarjeta Visa Infinite, Tarjeta Visa Signature",Living Café,40.0,porcentaje,40% de dcto.,viernes,,,01-Dic-2025,31-Ago-2026,Metropolitana,,Las Condes,,0,0,,False,False,2026-08-20T13:37:52.843683,https://banco.bice.cl/personas/beneficios/living-cafe,https://bice.modyocdn.com/uploads/be533c30-6c1c-45aa-a03d-1f124fc53d06/original/livign_2.jpg,https://bice.modyocdn.com/uploads/ec574b63-ac12-4b90-a207-996af8101669/original/logo_living_cafe_rojo.jpg,"La Gloria 47, Las Condes",True,,40% de dcto. todos los viernes. Exclusivo con tu Tarjeta de Crédito Banco BICE.,restaurante
bice_e6617948-5616-431f-937a-8fea2ff9c93f,Banco BICE,"Tarjeta Visa Infinite, Tarjeta Visa Signature",Domingo´s,40.0,porcentaje,40% de dcto.,"jueves, domingo",,,01-Jul-2026,31-Ago-2026,Metropolitana,,Las Condes,,0,0,,False,False,2026-08-20T13:37:52.843701,https://banco.bice.cl/personas/beneficios/domingos-cafeteria,https://bice.modyocdn.com/uploads/459b900f-468c-4c14-ab22-d6f4d2f28856/original/imagen740x450_2.jpg,https://bice.modyocdn.com/uploads/a762d200-8f4e-44ca-bac8-0647277d891b/original/logo.jpg,"Homs 6882, Las Condes.",True,,40% de dcto. todos los jueves. Exclusivo con tu Tarjeta de Crédito Banco BICE.,restaurante
bice_644e4d42-f660-4a13-ac82-8e23905f1d09,Banco BICE,"Tarjeta Visa Infinite, Tarjeta Visa Signature",Le Grenier,40.0,porcentaje,40% de dcto.,jueves,,,01-Abr-2026,31-Ago-2026,Valparaíso,,Viña del Mar,,0,0,,False,False,2026-08-20T13:37:52.843717,https://banco.bice.cl/personas/beneficios/le-grenier,https://bice.modyocdn.com/uploads/649272a0-ba6b-47ea-9c7d-2db97da34566/original/imagen740x450_3.jpg,https://bice.modyocdn.com/uploads/ecb32230-fa88-4179-b178-b32320d00f7f/original/logo.jpg,"Av. Borgoño 15460, Viña del Mar.",True,,40% de dcto. todos los jueves . Exclusivo con tu Tarjeta de Crédito Banco BICE.,restaurante
bice_69db41ae-64cf-4d3f-8e53-5ca2afa84f2e,Banco BICE,"Tarjeta Visa Infinite, Tarjeta Visa Signature",La Dulcería Apoquindo,40.0,porcentaje,40% dcto.,viernes,,,01-Dic-2025,31-Ago-2026,Metropolitana,,,,0,0,,False,True,2026-08-20T13:37:52.843733,https://banco.bice.cl/personas/beneficios/dulceria-apoquindo,https://bice.modyocdn.com/uploads/71fbfa05-4cfd-4da3-9532-99321f094270/original/DA_1.jpg,https://bice.modyocdn.com/uploads/bb507376-c376-4004-90e0-49bf18049f08/original/LOGO_DA.jpg,Encuentra tu tienda  aquí,True,,"40% de dcto. todos los viernes en tienda física, exclusivo pagando con tu Tarjeta de Crédito Banco BICE.",restaurante
bice_d8a1fdc6-51bd-4502-8bb7-ca65502b5106,Banco BICE,"Tarjeta Visa Infinite, Tarjeta Visa Signature",Coccolino Pastelería,40.0,porcentaje,40% dcto.,jueves,,,01-Jul-2026,31-Ago-2026,Valparaíso,,Viña del Mar  Concón  Quilpué,,0,0,,False,True,2026-08-20T13:37:52.843751,https://banco.bice.cl/personas/beneficios/coccolino-pasteleria,https://bice.modyocdn.com/uploads/5d5f23f4-81a1-4d23-afdd-4aa0296bf7b4/original/imagen740x450_6.jpg,https://bice.modyocdn.com/uploads/5493f86d-831a-4ae4-ae23-ce6644feb642/original/logo.jpg,"José María Escrivá de Balaguer 861, Concón.  Avenida El Retiro Sur 139, Quilpué.  8 Norte 508, Viña del Mar.  Avenida Blanca Estela 1927, Concón.",True,,"40% de dcto. todos los jueves en tienda física, exclusivo pagando con tu Tarjeta de Crédito Banco BICE.",restaurante
bice_5329d83c-6033-4391-85cc-7160f2a235b3,Banco BICE,"Tarjeta Visa Infinite, Tarjeta Visa Signature",Pastelería Tere Young,40.0,porcentaje,40% dcto.,jueves,,,01-Dic-2025,31-Ago-2026,Metropolitana,,Vitacura,,0,0,,False,True,2026-08-20T13:37:52.843766,https://banco.bice.cl/personas/beneficios/pasteleria-tere-young,https://bice.modyocdn.com/uploads/2109373e-bed7-4f82-b964-b4967cb4fcae/original/imagenes7.png,https://bice.modyocdn.com/uploads/c145c840-5dd9-4ad4-a7bb-da8ec325e9d1/original/logo.jpg,"El Gabino 13498, Lo Barnechea.  Nueva Costanera 3331, Vitacura.",True,,"40% de dcto. todos los jueves en locales, exclusivo pagando con tu Tarjeta de Crédito Banco BICE.",restaurante
bice_145ddc17-97c2-4ee9-ae55-66a48d1e2229,Banco BICE,"Tarjeta Visa Limitless, Tarjeta Visa Infinite",AM Dulcería,40.0,porcentaje,40% dcto.,jueves,,,01-Feb-2026,31-Ago-2026,Metropolitana,,Vitacura,,0,0,,True,True,2026-08-20T13:37:52.843781,https://banco.bice.cl/personas/beneficios/am-dulceria-jueves,https://bice.modyocdn.com/uploads/0e3d9c1b-5291-4102-a867-be158cbf41aa/original/imagen740x450_6.jpg,https://bice.modyocdn.com/uploads/2d30432d-ff74-43cd-82ee-719abf926cf5/original/logo.jpg,"&nbsp;Alonso de Córdova 3772, Vitacura.",True,,"40% de dcto. todos los jueves, en tienda física en local de Vitacura y desde su sitio web o en Justo App en local de Vitacura y La Dehesa. Beneficio con tu Tarjeta de Crédito Banco BICE.",restaurante
bice_065e6b49-b9dc-42a1-8aad-dd8ec38f52eb,Banco BICE,"Tarjeta Visa Infinite, Tarjeta Visa Signature",Vinopolis,20.0,porcentaje,20% dcto.,todos,,,15-Ene-2026,31-Dic-2026,Arica y Parinacota,,Online&nbsp;,,0,0,,True,False,2026-08-20T13:37:52.843801,https://banco.bice.cl/personas/beneficios/vinopolis,https://bice.modyocdn.com/uploads/af84c618-bf0a-4b30-b443-41670564193b/original/imagen4.jpg,https://bice.modyocdn.com/uploads/84738a16-a662-4c51-8ef0-202d8ca4071a/original/logo.jpg,,True,,20% de dcto. todos los días en vinopolis.cl,restaurante
bice_22113b7b-013f-4bca-8d58-5244670e7ffb,Banco BICE,"Tarjeta Visa Infinite, Tarjeta Visa Signature",La Santoria,40.0,porcentaje,40% dcto.,"miercoles, domingo",,,01-Jun-2025,31-Dic-2026,Metropolitana,,Providencia,,0,0,,False,True,2026-08-20T13:37:52.843823,https://banco.bice.cl/personas/beneficios/la-santoria,https://bice.modyocdn.com/uploads/d4206849-84c8-4dd7-8953-ae7a0d8a63bf/original/Foto_SANTORIA_1.jpg,https://bice.modyocdn.com/uploads/30bec09a-cb85-43ea-8a29-42879db2d6d4/original/logo_Santoria_.jpg,"Manuel Montt 422, Providencia.",True,,40% de dcto. de domingo a miércoles con Tarjeta de Crédito y Débito de Banco BICE .,restaurante
bice_b689b20c-bde4-431f-8403-a68710be3504,Banco BICE,"Tarjeta Visa Infinite, Tarjeta Visa Signature",A Las Rocas,20.0,porcentaje,20% dcto adicional En Tienda Online,todos,,,01-Ene-2026,31-Dic-2026,Metropolitana,,,,0,0,,True,False,2026-08-20T13:37:52.843844,https://banco.bice.cl/personas/beneficios/a-las-rocas-bices,https://bice.modyocdn.com/uploads/dcf49b6f-7b53-430d-b4f3-7f8c4ace0ca2/original/A_las_Rocas_7.png,https://bice.modyocdn.com/uploads/0a7838dc-5b3d-428a-87be-143ed2e2687a/original/logo.jpg,,True,,20% dcto. adicional en el total de tu compra a través de tienda online Pagando con tu Tarjeta de Débito o Crédito Banco BICE,restaurante
bice_ea6043ad-8986-4157-94c2-974853f39437,Banco BICE,"Tarjeta Visa Signature, Tarjeta Visa Infinite",ZIA Café Bistró,20.0,porcentaje,20% dcto.,todos,,,24-Feb-2025,31-Dic-2026,Metropolitana,,Lo Barnechea,,0,0,,False,False,2026-08-20T13:37:52.843861,https://banco.bice.cl/personas/beneficios/zia-cafe-bistro,https://bice.modyocdn.com/uploads/c0c80dd4-4ed0-4d76-a296-b5671eb1e213/original/zia_12.jpg,https://bice.modyocdn.com/uploads/9a9e9836-15ae-48f9-b3ec-30d9eac809e5/original/logo_zia_1_.jpg,"Avenida El Rodeo 13453, Lo Barnechea&nbsp;",True,,20% de dcto. en todo el menú de forma presencial. Pagando con tu Tarjetas de Crédito y Débito del Banco BICE.,restaurante
bice_27208e27-a454-43b7-9315-92caa60d75f3,Banco BICE,"Tarjeta Visa Infinite, Tarjeta Visa Signature",Aplica tus Dólares BICE en la Selección del Chef,0.0,otro,Dólares BICE Aplica,todos,,,01-Ene-2025,31-Dic-2026,Metropolitana,,,,0,0,,False,False,2026-08-20T13:37:52.843886,https://banco.bice.cl/personas/beneficios/dolares-bice-restaurantes,https://bice.modyocdn.com/uploads/2d7594be-2e23-4a85-80b6-6a3c74044382/original/guiaviaje-comidaitaliana.jpg,https://bice.modyocdn.com/uploads/7521f99d-3193-4ef2-a225-4b725e7779d0/original/seleccion_chef.jpg,,True,,¡Aplica tus Dólares BICE en cualquiera de los restaurantes de la Selección del Chef del mes!,restaurante
mach_4c081159-d092-45e1-b800-4aa6fb196e94,Mach,Mach Crédito,Burger King,40.0,porcentaje,40% dcto.,miercoles,,,,,,,,,0,0,,False,True,2026-08-20T13:37:54.699353,https://www.machbank.cl/beneficios/detalle/40-descuento-burger-king-tarjeta-de-credito,https://cdn3.bci.cl/uploads/8f1a03d8-8dac-4ceb-9fc6-41f3763c2758/original/beneficio_en_burger_king_in.png,https://cdn3.bci.cl/uploads/14deeca6-48c9-469e-b25a-02fba74cc822/original/logo_burger_king.webp,,True,,Aprovecha 40% de descuento en Burger King presencial pagando con tu Tarjeta de Crédito MACHBANK.,restaurante
mach_8c440c22-9212-4ec6-96a3-e50962396c82,Mach,Mach Crédito,McDonald's,40.0,porcentaje,40% dcto.,martes,,,,,,,,,0,0,,True,False,2026-08-20T13:37:54.699538,https://www.machbank.cl/beneficios/detalle/40-descuento-app-mcdonald,https://cdn3.bci.cl/uploads/c1859d36-34db-4cbe-ab21-a514fe361353/original/mcd2.png,https://cdn3.bci.cl/uploads/9c0ceefb-b2f5-4921-9cba-42bc9144bf1f/original/logo_mcdonalds.png,,True,,"40% de descuento en la App McDonald's solo con Tarjeta de Crédito, todos los martes.",restaurante
mach_c1744d29-8112-4c82-bc37-c7459bef5670,Mach,"Mach Débito, Crédito",Starbucks,30.0,porcentaje,30% dcto.,lunes,,,,,,,,,0,0,,False,True,2026-08-20T13:37:54.700195,https://www.machbank.cl/beneficios/detalle/30-descuento-starbucks-lunes-bebidas-preparadas,https://cdn3.bci.cl/uploads/25c19985-0dcb-4ab1-980a-ec98c87d9bfc/original/cashback_starbucks_in.webp,https://cdn3.bci.cl/uploads/fb1fad58-7d8f-4023-9e39-420df66eca37/original/logo-starbucks.webp,,True,,30% de descuento todos los lunes en bebidas preparadas en barra en tiendas presenciales Starbucks.,restaurante
mach_b2adb83a-d729-4484-8416-3155f0c44ece,Mach,Mach Débito,McDonald's,20.0,porcentaje,20% dcto.,martes,,,,,,,,,0,0,,True,False,2026-08-20T13:37:54.700265,https://www.machbank.cl/beneficios/detalle/20-descuento-app-mcdonald,https://cdn3.bci.cl/uploads/a2ee8bba-ca5d-469a-9dfb-37e0accddd2c/original/mcd2.png,https://cdn3.bci.cl/uploads/9c0ceefb-b2f5-4921-9cba-42bc9144bf1f/original/logo_mcdonalds.png,,True,,"20% de descuento en la App McDonald's solo con Tarjeta de Debito o Prepago, todos los martes.",restaurante
mach_22a59c02-f179-462c-89d0-016e75aa3b5c,Mach,Mach,Restaurantes,30.0,porcentaje,30% OFF,"sabado, viernes",,,,,,,,,0,0,,True,False,2026-08-20T13:37:54.700292,https://www.machbank.cl/beneficios/detalle/30-off-en-restaurantes-seleccionados,https://cdn3.bci.cl/uploads/ca615452-91c3-4484-8d8c-ff7a354ab8da/original/descuento-en-pedidosya-restaurantes-out.webp,,,True,,"Pide tu comida favorita en la web, paga con MACHBANK y recibe 30% OFF (la promoción aplica solo como descuento ingresando el cupón MACHBANK30 en los comercios adheridos)",restaurante
mach_f9382594-e298-4f68-a617-b4ed7e6d1a19,Mach,Mach Crédito,miCoca-Cola,30.0,porcentaje,Hasta 30% dcto.,"miercoles, lunes, martes, jueves, viernes, sabado, domingo",,,,,,,,,0,0,,True,False,2026-08-20T13:37:54.700320,https://www.machbank.cl/beneficios/detalle/descuento-en-micoca-colacl,https://cdn3.bci.cl/uploads/457a87a6-6ca2-4139-956d-6907f1069037/original/cocacola2.png,https://cdn3.bci.cl/uploads/7c368873-8ce9-40d5-b199-e2489cae3d67/original/logococa.png,,True,,"Aprovecha todos los meses descuento en tus productos favoritos en https://andina.micoca-cola.cl y además, ¡despacho gratis!",restaurante
